SCENARIO ID,DATE,EVENT TYPE,PROCESS AREA,LOSS AMOUNT(USD),FREQUENCY,SEVERITY,OPVAR(%),ML,GDP (%),VIX,TARGET
ALE-0302,12/5/2022,Cyber-Fraud,ATM Network,169.84,4,1.15,1.49,1.6,3,22,0
ALE-1159,9/9/2022,Phishing,E-Banking,86.18,3,1.41,1.86,1.41,2.5,28,2
ALE-0121,11/6/2022,Cyber-Fraud,Online Services,46.53,3,2.68,2.35,1.84,3.1,27,0
OLE-0760,18/11/2023,Cyber-Fraud,Retail Banking,85.32,5,0.42,1.04,1,2.6,22,2
ALE-0017,12/12/2022,Data Breach,E-Banking,111.74,4,1.14,3.18,3.22,3.4,25,0
OLE-0110,14/12/2022,Tech Failure,Payments,77.12,4,0.73,1.48,1,3.7,14,2
ALE-0320,30/1/2022,Phishing,ATM Network,144.96,4,1.08,2.15,2.65,3.8,29,1
OLE-0260,25/5/2023,Cyber-Fraud,ATM Network,41.98,2,1.15,0.92,1,3,20,2
ALE-0840,14/6/2022,System Failure,Retail Banking,171.13,2,2.73,3.08,2.5,4,23,2
OLE-0480,23/8/2022,Tech Failure,E-Banking,23.7,1,1.45,1.39,1,3.5,21,1
ALE-0250,1/10/2022,Tech Failure,Payments,199.57,1,0.87,1.79,1.25,3.7,22,0
OLE-0837,8/7/2022,Cyber-Fraud,Payments,95.33,4,0.63,0.9,1,3.7,15,1
ALE-1149,18/12/2022,System Failure,Online Services,104.39,5,2.58,1.8,1.32,2.9,17,1
OLE-0071,29/4/2022,Tech Failure,ATM Network,50.89,1,0.65,1.27,1,3.4,15,2
OLE-0232,30/11/2023,Tech Failure,E-Banking,32.07,5,0.34,0.68,1,3.8,22,0
OLE-0291,12/11/2023,Cyber-Fraud,Payments,34.75,3,0.7,1.25,1,3.4,24,0
ALE-0335,16/10/2022,Phishing,Online Services,192.93,5,1.67,2.14,1.79,2.8,21,0
OLE-0619,16/9/2023,Cyber-Fraud,Retail Banking,57.33,5,0.92,1.49,1,3.4,14,1
OLE-0298,12/3/2022,Tech Failure,Retail Banking,102.76,1,0.94,1.01,1,3.7,22,0
ALE-0880,30/10/2022,System Failure,Online Services,104.03,1,1.32,2.42,2.75,3.3,24,1
ALE-0227,12/10/2022,Tech Failure,Retail Banking,46.37,4,2.93,3.41,3.25,2.6,29,1
OLE-0411,7/12/2022,Tech Failure,Payments,44.84,4,0.79,0.63,1,2.8,19,1
ALE-0826,14/4/2022,System Failure,Payments,81.88,4,1.67,1.97,1.9,2.8,28,2
OLE-0586,5/4/2023,Tech Failure,Payments,58.38,4,1.11,0.8,1,2.8,18,1
ALE-0321,3/6/2022,System Failure,Payments,120.28,4,1.22,1.82,1.55,3.7,26,2
ALE-0179,11/9/2022,Data Breach,ATM Network,126.81,5,1.44,2.53,2.99,2.8,17,0
ALE-0979,9/7/2022,Cyber-Fraud,ATM Network,18.2,2,1.87,3.02,2.1,3.1,29,0
ALE-0046,10/11/2022,Tech Failure,ATM Network,158.24,2,2.46,3.43,2.55,2.5,18,1
OLE-0368,23/10/2023,Data Breach,Retail Banking,5,2,0.71,1.33,1,3.9,21,1
OLE-0832,11/9/2022,Cyber-Fraud,Retail Banking,21.04,3,0.79,0.79,1,3.3,22,2
OLE-0248,29/6/2022,Tech Failure,Payments,103.86,2,1.27,0.7,1,3,19,0
ALE-1054,30/3/2022,Cyber-Fraud,Online Services,197.22,4,2.81,3.43,2.72,4,24,1
ALE-0423,28/4/2022,Tech Failure,ATM Network,61.13,1,2.08,3.38,2.97,3.9,15,0
OLE-0136,26/4/2022,System Failure,Payments,43.44,3,0.57,1.23,1,3.4,24,1
ALE-0778,8/5/2022,Phishing,Online Services,146.89,5,2.74,2.55,1.9,2.9,19,0
OLE-0241,16/3/2023,System Failure,ATM Network,74.36,1,1.32,0.92,1,3,18,0
OLE-0580,9/11/2022,Tech Failure,ATM Network,81.82,5,0.65,0.7,1,2.9,14,1
ALE-0893,13/2/2022,Cyber-Fraud,Retail Banking,136.98,2,1.15,2.89,2.62,3.2,25,0
ALE-0859,23/10/2022,Cyber-Fraud,E-Banking,91.93,4,2.4,3.37,2.75,3.6,15,2
OLE-0850,11/3/2022,System Failure,Retail Banking,20.54,3,1.28,0.73,1,2.8,22,1
OLE-0290,3/7/2022,Data Breach,Retail Banking,5,4,1,0.62,1,2.8,24,1
OLE-0307,6/1/2022,Tech Failure,Payments,15.53,2,1.39,1.26,1,3.4,23,1
ALE-0795,6/10/2022,Cyber-Fraud,Payments,113.67,3,2.45,2.11,2.23,3.3,18,1
OLE-0842,30/6/2023,Data Breach,Payments,40.89,1,1.1,1.31,1,3.3,14,1
ALE-0082,15/12/2022,System Failure,Retail Banking,186.46,1,1.71,1.95,1.59,3.9,18,0
ALE-0108,30/12/2022,System Failure,Retail Banking,129.53,3,2.74,2.54,2.86,3.2,27,1
ALE-0245,14/11/2022,Phishing,ATM Network,68.33,3,1.12,1.22,0.89,2.8,29,0
OLE-0343,19/3/2022,System Failure,ATM Network,66.26,3,1.49,1.16,1,2.8,20,2
OLE-0308,26/6/2023,Tech Failure,Payments,5,5,0.95,1.26,1,3,24,1
OLE-0671,3/11/2022,System Failure,ATM Network,76.06,3,0.85,0.76,1,3.8,14,0
ALE-0446,4/2/2022,Tech Failure,Payments,220.49,2,1.19,2.3,2.01,3.2,26,0
OLE-0675,30/4/2023,Tech Failure,Retail Banking,100.59,5,0.42,0.67,1,3.9,18,1
ALE-0634,15/7/2022,System Failure,Online Services,123.94,2,1.55,1.97,2.38,3.4,20,2
ALE-1094,13/5/2022,Phishing,Payments,114.82,2,2.3,3.25,3.18,2.8,25,2
OLE-0410,22/8/2023,Tech Failure,ATM Network,13.34,4,0.49,1.07,1,3.7,24,2
OLE-0508,30/8/2023,System Failure,Retail Banking,54.25,3,0.67,0.56,1,2.8,16,1
OLE-0283,20/7/2023,System Failure,E-Banking,17.45,2,0.94,0.86,1,3,17,0
ALE-1216,2/10/2022,Phishing,Retail Banking,340.16,3,2.49,1.36,0.94,2.6,29,0
OLE-0101,18/5/2022,System Failure,ATM Network,60.65,2,0.63,1.26,1,3.2,19,0
ALE-1253,27/1/2022,Data Breach,Payments,16.39,5,2.44,2.42,1.97,3.1,16,1
ALE-0210,20/3/2022,Tech Failure,Online Services,10,5,0.8,3.2,3.9,3.6,19,0
ALE-1079,18/10/2022,Cyber-Fraud,E-Banking,115.69,5,0.94,3.24,2.3,3,15,0
ALE-0648,19/3/2022,Tech Failure,Payments,153.34,1,1.57,1.58,1.92,3.1,20,1
ALE-0066,27/2/2022,Data Breach,ATM Network,126.7,4,2.43,3.07,3.45,2.5,25,0
ALE-0587,23/3/2022,System Failure,E-Banking,303.1,5,2.12,3.45,2.76,2.5,17,2
OLE-0369,27/10/2023,Data Breach,Retail Banking,17.14,5,0.84,1,1,2.9,19,1
ALE-0529,8/5/2022,Phishing,E-Banking,125.87,2,2.13,2.48,1.97,2.7,28,1
OLE-0169,27/3/2022,Cyber-Fraud,Payments,5,4,1,1.5,1,2.7,15,2
ALE-0968,10/11/2022,System Failure,Online Services,161.55,1,2.44,2.64,2.42,3.9,29,0
ALE-1288,16/3/2022,Tech Failure,E-Banking,205.75,4,1.17,3.16,3.09,3.4,25,1
ALE-0822,5/11/2022,Data Breach,ATM Network,177.67,3,2.74,2.05,2.4,3.9,29,0
ALE-0813,29/7/2022,Data Breach,ATM Network,183.34,5,1.51,2.31,1.9,2.9,16,2
ALE-0406,4/2/2022,Cyber-Fraud,Retail Banking,90.49,1,2.22,1.97,2.39,2.9,25,1
ALE-0792,12/7/2022,Cyber-Fraud,Retail Banking,120.55,2,1.34,2.12,1.63,3.8,27,2
OLE-0591,3/1/2023,Data Breach,ATM Network,45.23,5,0.7,1.2,1,3.6,16,1
ALE-0546,28/7/2022,Data Breach,E-Banking,182.33,3,1.79,2.45,2.82,3.9,17,1
OLE-0536,23/12/2022,Cyber-Fraud,Retail Banking,50.05,5,0.77,1.04,1,2.7,16,1
ALE-0480,4/5/2022,Data Breach,ATM Network,89.19,2,1.53,2.12,1.93,3.4,22,0
OLE-0495,7/10/2023,Tech Failure,ATM Network,90.11,1,0.65,0.77,1,3,22,0
OLE-0112,1/3/2022,System Failure,E-Banking,81.98,4,1.34,0.74,1,3.2,23,1
OLE-0304,22/4/2022,Cyber-Fraud,Retail Banking,93.71,3,1.3,1.34,1,3.1,15,0
OLE-0097,26/4/2022,Tech Failure,Retail Banking,37.66,5,1.31,0.69,1,3.7,23,0
ALE-0168,16/1/2022,Phishing,ATM Network,225.99,1,1.33,1.59,1.36,2.9,19,0
ALE-0086,4/1/2022,System Failure,E-Banking,216.44,3,1.8,2.33,2.82,2.8,22,1
OLE-0841,9/2/2023,Data Breach,E-Banking,90.9,1,0.81,0.83,1,3,18,1
OLE-0276,18/11/2023,System Failure,ATM Network,5,3,0.95,0.77,1,3.1,19,0
ALE-0271,4/8/2022,Cyber-Fraud,Retail Banking,199.04,5,1.29,1.43,0.99,3.3,25,2
OLE-0212,8/9/2022,Data Breach,Payments,73.67,2,1.02,0.97,1,2.6,23,1
OLE-0300,27/12/2022,System Failure,Payments,49.69,4,0.52,1.24,1,3.8,17,0
ALE-0959,6/3/2022,Cyber-Fraud,ATM Network,155.99,4,1.7,1.91,1.89,3,22,2
ALE-0177,25/2/2022,Tech Failure,Payments,119.85,3,0.95,3.49,3.48,2.7,21,0
OLE-0809,1/3/2023,Tech Failure,ATM Network,107,4,0.55,1.02,1,3.2,23,2
OLE-0234,4/7/2023,Cyber-Fraud,ATM Network,34.19,2,1.37,0.92,1,3.7,23,2
ALE-0709,3/4/2022,Cyber-Fraud,ATM Network,153.52,5,1.26,1.49,1.6,2.5,25,2
ALE-0064,26/10/2022,Tech Failure,Retail Banking,100.73,5,1.9,2.99,2.15,3.4,16,2
OLE-0451,9/11/2022,Data Breach,Retail Banking,97.5,4,0.78,0.96,1,3.1,20,1
OLE-0441,1/11/2023,Tech Failure,ATM Network,5,3,0.63,1.27,1,3.5,20,2
OLE-0068,25/6/2022,Cyber-Fraud,Retail Banking,101.66,3,0.39,0.51,1,3.9,18,1
ALE-1169,13/12/2022,Phishing,Retail Banking,198.79,3,2.62,2.85,3.46,3.1,19,0
ALE-0119,29/8/2022,Phishing,ATM Network,172.65,5,2.69,1.89,1.31,2.8,24,2
OLE-0351,22/10/2023,Data Breach,E-Banking,65.59,5,0.51,1.17,1,2.8,18,1
ALE-0603,9/12/2022,Cyber-Fraud,Online Services,138.54,4,2.36,2.55,2.49,3.3,25,1
ALE-0793,29/11/2022,System Failure,Retail Banking,10,5,2.7,1.57,1.38,2.8,16,2
OLE-0317,9/1/2022,System Failure,Retail Banking,35.93,5,0.38,0.59,1,4,24,0
ALE-0567,9/10/2022,Data Breach,Retail Banking,140.93,1,2.63,1.24,1.25,2.5,27,1
ALE-0322,10/8/2022,Data Breach,Payments,109.23,4,1.28,3.06,2.3,3,25,0
ALE-0972,3/8/2022,Tech Failure,ATM Network,94.44,3,0.99,1.47,1.13,2.6,28,0
OLE-0483,9/12/2023,Data Breach,ATM Network,82.23,3,0.8,0.86,1,3.4,20,2
OLE-0030,10/9/2023,Data Breach,ATM Network,63.21,2,0.43,0.5,1,3.5,18,1
ALE-1157,6/7/2022,Cyber-Fraud,Retail Banking,142.51,3,2.98,2.3,2.4,3.1,23,0
ALE-1014,26/2/2022,Tech Failure,Retail Banking,133.17,2,1.86,3.1,2.26,3.9,18,1
ALE-0714,3/4/2022,Tech Failure,Online Services,94.28,2,2.7,1.99,1.92,3.8,24,2
ALE-0690,19/1/2022,Cyber-Fraud,ATM Network,176.02,5,2.31,1.93,2.09,2.7,27,1
ALE-1223,10/3/2022,Cyber-Fraud,Payments,131.02,3,2.82,2.68,3.26,4,16,1
OLE-0788,29/10/2023,Data Breach,ATM Network,54.41,2,0.88,1.2,1,3.8,24,2
ALE-0488,20/9/2022,Tech Failure,Online Services,97.53,3,2.64,3.28,2.39,3.2,27,1
ALE-1280,3/1/2022,Phishing,Online Services,107.65,3,1.07,2.08,1.5,3,27,0
ALE-1282,24/8/2022,Data Breach,E-Banking,172,2,1.3,3.44,2.3,2.6,27,1
ALE-1268,21/10/2022,Phishing,Payments,212.15,4,2.05,1.47,1.23,2.8,19,2
OLE-0695,23/3/2022,Cyber-Fraud,E-Banking,93.26,3,0.31,0.52,1,3.4,16,1
ALE-0072,22/10/2022,Tech Failure,Payments,198.45,5,2.69,1.21,1.47,3.9,24,0
OLE-0189,14/9/2023,Data Breach,Retail Banking,67.94,2,1,1.12,1,2.6,15,1
OLE-0135,22/5/2022,System Failure,E-Banking,46.4,1,0.31,0.97,1,3,24,0
OLE-0129,1/10/2023,Cyber-Fraud,Payments,93.74,4,1.35,1.27,1,3.7,15,2
OLE-0756,25/7/2022,Data Breach,Retail Banking,5,3,0.53,0.96,1,3.9,19,1
ALE-1132,10/8/2022,Phishing,Payments,169.47,5,2.77,1.33,1.09,3.4,20,2
OLE-0325,27/1/2022,Data Breach,E-Banking,71.06,3,1.44,1.33,1,3,19,1
OLE-0544,25/10/2022,Data Breach,Payments,28.71,3,1.26,0.68,1,2.7,20,0
ALE-0153,11/8/2022,Phishing,Payments,170.44,2,2.65,2.23,1.79,2.8,20,2
ALE-0441,24/1/2022,Cyber-Fraud,Payments,81.49,1,1.03,2.61,3.01,3.6,25,1
OLE-0185,21/5/2022,Tech Failure,Payments,50.91,2,0.39,1,1,3.7,19,1
OLE-0052,7/12/2022,Data Breach,E-Banking,74.53,5,0.33,0.64,1,3.9,17,1
OLE-0197,22/5/2022,Cyber-Fraud,E-Banking,65.67,5,0.52,0.78,1,2.7,17,2
ALE-1145,17/12/2022,Data Breach,Retail Banking,107.48,2,1.01,1.75,1.61,3.8,28,0
ALE-0753,13/11/2022,Phishing,Retail Banking,122.73,2,1.8,1.67,1.26,3.2,18,0
ALE-1037,19/12/2022,Data Breach,Retail Banking,299.53,2,1.64,2.97,2.29,2.6,26,0
ALE-0944,11/2/2022,Cyber-Fraud,E-Banking,130.06,4,1.79,3.18,3.57,3,16,1
OLE-0240,29/10/2023,Cyber-Fraud,ATM Network,35.38,5,0.66,0.73,1,2.5,17,1
OLE-0388,3/5/2023,System Failure,Retail Banking,34.58,1,1.16,0.57,1,3.1,20,2
ALE-1002,15/11/2022,Data Breach,ATM Network,232.16,2,2.3,3.26,3.16,3.9,23,1
ALE-0630,28/4/2022,System Failure,E-Banking,247.59,4,1.66,2.48,2.06,2.7,17,1
ALE-0414,1/1/2022,Phishing,Online Services,187.5,3,1,2.22,1.48,3.8,29,0
OLE-0255,10/1/2023,Cyber-Fraud,Payments,5,3,0.53,0.91,1,3.9,18,0
ALE-0661,30/9/2022,Tech Failure,Retail Banking,76.56,2,1.64,2.57,3.03,2.9,16,2
ALE-0144,1/4/2022,Cyber-Fraud,ATM Network,139.54,1,1.26,1.53,1.07,4,26,1
ALE-0830,13/8/2022,System Failure,E-Banking,153.78,3,0.83,1.49,1.45,3.3,28,2
ALE-0673,9/12/2022,Cyber-Fraud,E-Banking,194.06,1,2.72,1.72,1.52,2.7,18,0
ALE-0771,30/7/2022,Data Breach,E-Banking,174.12,5,0.98,2.13,2.01,2.9,25,0
OLE-0638,26/9/2023,Cyber-Fraud,Payments,82.48,4,1.32,0.55,1,2.7,21,1
ALE-0462,1/10/2022,Phishing,Payments,347.75,3,2.61,1.3,1.15,3.1,24,1
OLE-0799,16/6/2023,Cyber-Fraud,ATM Network,49.97,3,0.85,1.11,1,2.8,14,0
ALE-0918,25/1/2022,Data Breach,Retail Banking,205.38,4,2.47,1.41,1.22,2.6,19,1
OLE-0528,29/3/2022,Cyber-Fraud,Payments,80.17,5,0.94,1.36,1,3,23,2
ALE-0924,29/7/2022,Data Breach,Retail Banking,270.35,1,1.24,2.91,2.05,3.4,28,1
ALE-0165,21/4/2022,System Failure,E-Banking,194.25,2,1.22,2.21,1.83,3.7,24,1
ALE-0537,24/2/2022,Data Breach,Online Services,83.85,3,2.11,2.68,2.01,2.7,20,0
OLE-0481,22/3/2023,System Failure,E-Banking,65.08,4,1.11,0.9,1,2.7,20,2
ALE-0117,21/9/2022,Cyber-Fraud,E-Banking,290.91,1,2.74,3.25,3.47,3.4,22,0
ALE-0107,6/4/2022,Data Breach,Online Services,163.51,3,1.17,2.63,2.02,3.4,26,0
OLE-0465,20/3/2022,Cyber-Fraud,E-Banking,83.09,5,1.28,1.32,1,3.7,18,2
ALE-1274,2/8/2022,Tech Failure,Payments,97.68,2,2.53,2.8,2.67,3.8,23,1
ALE-0364,25/7/2022,Phishing,E-Banking,251.19,2,2.63,1.37,1.07,3.3,28,2
ALE-0797,24/1/2022,System Failure,Payments,252.08,2,1.06,1.78,1.98,3.1,26,2
ALE-1053,23/3/2022,Tech Failure,Payments,167.3,2,1.58,2.41,1.98,3.4,22,2
ALE-0095,1/4/2022,Tech Failure,ATM Network,82.66,3,1.19,2.53,1.77,3,23,2
ALE-0604,8/6/2022,Phishing,Retail Banking,182.52,5,0.82,2.25,2.52,3.5,15,1
ALE-0004,1/12/2022,System Failure,E-Banking,85.43,5,2.59,3.19,2.51,2.6,15,0
OLE-0583,3/8/2023,Data Breach,Retail Banking,56.76,5,1.02,0.58,1,3.5,23,1
OLE-0121,4/6/2022,Data Breach,Retail Banking,103.79,2,0.55,0.88,1,4,22,1
ALE-1091,25/7/2022,System Failure,E-Banking,95.16,4,1.86,2.32,1.63,2.9,15,0
OLE-0603,11/3/2023,Tech Failure,Payments,40.59,5,0.37,1.32,1,3,18,2
OLE-0487,6/2/2022,Cyber-Fraud,ATM Network,67.68,4,1.02,1.01,1,2.9,15,0
OLE-0057,8/6/2022,System Failure,ATM Network,32.22,4,0.93,0.93,1,2.7,17,2
OLE-0252,23/7/2023,Tech Failure,E-Banking,63.64,3,0.82,0.81,1,3.2,21,0
ALE-0598,16/9/2022,Data Breach,Payments,202.81,1,2.77,3.27,3.17,3.9,15,0
OLE-0614,13/9/2022,System Failure,Retail Banking,5,1,0.83,1.01,1,2.9,17,0
OLE-0606,28/4/2023,Cyber-Fraud,Retail Banking,28.37,2,1.28,0.51,1,3.2,22,0
OLE-0515,16/6/2023,System Failure,Retail Banking,5,2,0.36,1.46,1,3.5,17,2
ALE-0230,24/10/2022,System Failure,E-Banking,174.89,4,1.66,2.09,2.09,2.9,17,1
ALE-1140,28/12/2022,Tech Failure,Retail Banking,158.07,5,1.42,2.4,2.41,2.8,21,2
ALE-0780,28/12/2022,Data Breach,Payments,211.02,3,2.59,1.45,1.64,3.4,23,2
OLE-0333,8/8/2022,Tech Failure,E-Banking,63.25,3,1.18,0.79,1,3.7,16,2
ALE-0052,2/2/2022,Phishing,ATM Network,291.72,5,1.26,2.36,2,2.9,29,0
OLE-0299,29/10/2023,Data Breach,Retail Banking,40.22,1,1.26,1.4,1,2.8,21,1
ALE-0351,7/7/2022,Cyber-Fraud,Online Services,102.5,4,1.87,3.07,2.09,3.9,18,0
ALE-0029,22/7/2022,Cyber-Fraud,Retail Banking,157.09,3,1.7,2.31,2.72,2.9,28,1
ALE-0611,21/10/2022,Tech Failure,Retail Banking,184.53,3,1.76,3.14,2.58,3.6,24,0
ALE-0895,16/8/2022,System Failure,Online Services,240.61,4,0.92,1.61,1.36,3.2,21,0
ALE-0275,24/1/2022,Cyber-Fraud,Online Services,10,2,2.81,3,2.26,3.4,25,1
ALE-0974,13/1/2022,System Failure,Retail Banking,240.85,2,2.92,3.34,2.5,3.3,26,2
ALE-0442,1/12/2022,Phishing,Payments,148.67,1,2.3,2.68,3.31,3.8,28,1
ALE-0447,18/5/2022,System Failure,Retail Banking,94.26,3,2.78,3.12,2.63,3.4,26,2
OLE-0045,5/5/2023,System Failure,Payments,29.54,1,0.41,1.44,1,3.3,24,2
OLE-0533,18/9/2023,Data Breach,ATM Network,64.55,5,0.44,0.67,1,3.2,18,0
ALE-0914,3/8/2022,Data Breach,Retail Banking,80.99,4,1.42,2.46,2.87,3.9,18,0
ALE-0884,13/4/2022,Data Breach,ATM Network,207.28,2,1.08,2.21,1.68,3.5,24,0
ALE-0308,15/2/2022,Tech Failure,Online Services,179.33,2,1.93,2.89,2.66,3,23,0
ALE-0249,29/6/2022,Tech Failure,ATM Network,68.74,5,2.57,1.87,1.48,3.1,24,2
ALE-1168,10/1/2022,System Failure,Online Services,120.85,3,2.38,3.11,3.31,3.8,26,0
ALE-0368,5/10/2022,Data Breach,Payments,20.92,4,1.58,3.02,2.61,2.7,16,0
ALE-0538,25/5/2022,System Failure,E-Banking,41.8,3,2.2,1.56,1.19,3.6,24,1
ALE-0844,2/3/2022,System Failure,Retail Banking,34.91,1,1.51,1.8,1.36,3,16,2
OLE-0648,26/2/2022,Tech Failure,E-Banking,60.84,2,1.38,0.63,1,3.1,15,0
OLE-0383,2/2/2023,Data Breach,Retail Banking,62.89,3,0.72,0.86,1,3.7,14,1
OLE-0070,18/6/2023,System Failure,ATM Network,49.45,5,0.96,1.33,1,2.6,23,1
ALE-1221,27/8/2022,Data Breach,ATM Network,104.73,1,1.44,2.47,2.92,2.7,21,1
ALE-0548,17/12/2022,Data Breach,Retail Banking,95.55,2,2.68,1.41,1.02,3,26,0
ALE-0229,20/5/2022,System Failure,ATM Network,210.88,3,1.44,1.38,1.21,3,29,0
ALE-0509,19/12/2022,Data Breach,Retail Banking,138.96,5,2.76,1.79,1.23,3.4,26,0
OLE-0651,6/2/2023,Tech Failure,Payments,36.11,2,0.38,1.32,1,3.5,14,2
OLE-0384,21/3/2022,Data Breach,Payments,63,2,0.49,1.33,1,3,19,2
ALE-1122,17/8/2022,Phishing,ATM Network,152.12,4,2.49,2.24,1.8,3.3,17,1
ALE-1209,28/12/2022,System Failure,E-Banking,178.75,5,2.59,1.9,1.57,3.9,19,2
ALE-0172,12/3/2022,Data Breach,E-Banking,34.65,1,2.36,1.46,1.44,3.7,29,0
ALE-0819,26/3/2022,System Failure,Payments,152.57,1,2.57,2.74,3.08,3,20,2
ALE-0561,15/8/2022,Data Breach,Online Services,194.89,3,2.06,1.78,1.31,2.6,22,0
OLE-0706,7/12/2022,System Failure,ATM Network,18.35,1,0.7,0.75,1,4,16,1
OLE-0322,20/3/2022,System Failure,ATM Network,83.4,1,0.38,1.14,1,3.6,15,1
ALE-0846,23/1/2022,Phishing,ATM Network,242.5,1,2.03,3.46,2.98,3.9,29,2
ALE-0428,3/12/2022,Cyber-Fraud,Online Services,10,2,0.88,2.82,2.83,3.4,29,1
OLE-0711,26/9/2022,Tech Failure,ATM Network,51.92,4,0.88,1.4,1,3.9,21,1
ALE-1260,14/9/2022,Phishing,E-Banking,115.76,1,0.88,1.8,1.4,2.9,21,1
OLE-0421,1/12/2022,Cyber-Fraud,E-Banking,19.81,5,0.86,1.44,1,3,21,0
OLE-0434,16/12/2022,Data Breach,E-Banking,40.99,1,0.76,1.17,1,4,24,0
OLE-0100,1/2/2023,Data Breach,E-Banking,36.29,4,0.32,0.78,1,2.6,19,2
ALE-0324,5/3/2022,Cyber-Fraud,ATM Network,85.52,5,2.91,1.93,2.02,3.5,21,2
OLE-0430,2/6/2022,System Failure,ATM Network,28.63,5,1.3,0.63,1,2.7,14,0
ALE-0255,27/4/2022,Cyber-Fraud,E-Banking,163.48,4,1.23,1.78,1.93,3.9,24,2
ALE-0614,8/6/2022,Cyber-Fraud,ATM Network,167.22,1,2.03,1.78,1.98,2.8,20,1
OLE-0600,13/9/2022,Cyber-Fraud,Payments,66.13,3,0.9,1.41,1,3.6,22,2
ALE-0043,20/3/2022,System Failure,Online Services,278.33,4,0.82,2.46,1.66,3.2,26,0
OLE-0531,30/3/2022,Tech Failure,E-Banking,88.06,2,0.66,0.82,1,2.7,21,1
ALE-0989,17/5/2022,Phishing,Retail Banking,105.2,5,1.2,2,1.38,2.7,29,0
ALE-0906,29/8/2022,Phishing,E-Banking,236.97,5,3,2.09,1.95,3.3,19,0
ALE-0953,30/7/2022,Data Breach,E-Banking,10,1,2.1,1.78,1.81,3.2,27,1
OLE-0125,16/6/2023,Tech Failure,Payments,15.74,1,1.31,0.97,1,4,16,0
OLE-0186,8/1/2023,Cyber-Fraud,Payments,68.26,2,1.15,1.17,1,2.8,15,2
ALE-0564,17/8/2022,Data Breach,Payments,218.91,3,2.71,2.75,1.84,2.6,24,0
OLE-0520,11/5/2022,Tech Failure,E-Banking,45.74,2,1.11,0.64,1,2.9,20,1
ALE-0987,3/4/2022,System Failure,Payments,190.5,5,2.61,2.13,1.43,3.7,16,0
ALE-0332,14/11/2022,Phishing,Retail Banking,185.41,1,2.95,3.14,3.4,3.9,29,2
ALE-0382,17/1/2022,System Failure,Retail Banking,156.7,2,1.71,1.79,2.22,2.9,17,1
OLE-0509,2/3/2022,Tech Failure,Retail Banking,57.49,3,1.27,1.45,1,3,24,2
ALE-1213,17/11/2022,Data Breach,Payments,116.5,2,0.86,1.69,1.53,3.1,17,1
OLE-0066,24/12/2023,System Failure,Retail Banking,45,1,1.04,0.57,1,3.3,16,0
OLE-0362,13/5/2023,System Failure,Retail Banking,96.68,2,1.11,1.07,1,3.9,19,1
ALE-1277,14/11/2022,Cyber-Fraud,Online Services,239.49,2,1.3,2.16,1.59,3.3,19,0
ALE-1114,19/3/2022,Cyber-Fraud,Retail Banking,10,1,2.08,2.3,1.94,2.8,15,1
ALE-0851,8/8/2022,Phishing,E-Banking,91.89,4,2.74,1.88,1.37,3,16,0
ALE-0494,6/9/2022,Cyber-Fraud,Online Services,94,4,2.12,2.84,2.8,3.3,16,0
ALE-0047,15/9/2022,Cyber-Fraud,Online Services,217.49,3,1.86,2.43,2.65,3,23,0
ALE-1061,24/1/2022,Phishing,Online Services,168.35,2,2.65,2.76,2.14,3.3,27,2
ALE-1203,4/1/2022,Data Breach,ATM Network,147.69,5,1.74,2.27,1.53,3.5,28,2
OLE-0612,11/8/2023,System Failure,Retail Banking,72.04,1,1.45,0.64,1,3.4,19,0
ALE-1025,2/4/2022,Tech Failure,Payments,222.85,3,2.92,2.53,1.7,3.1,24,2
OLE-0417,17/12/2023,System Failure,Payments,37.71,5,1.22,0.93,1,3.2,15,0
OLE-0573,29/3/2022,Tech Failure,Retail Banking,5,5,0.87,0.84,1,3.9,23,1
ALE-1102,25/6/2022,Cyber-Fraud,ATM Network,27.12,3,2.23,1.27,1.26,3.3,20,1
OLE-0427,13/6/2022,Tech Failure,Retail Banking,17.97,4,1.49,1.23,1,3.7,17,0
ALE-0253,25/11/2022,Data Breach,Retail Banking,10,3,1,2.56,2.1,3.1,28,2
ALE-0946,15/10/2022,Phishing,E-Banking,92.28,5,2.5,3.36,3.74,3.1,24,1
OLE-0213,28/12/2022,Tech Failure,Payments,113.79,3,1.46,0.58,1,3,24,1
ALE-1196,21/11/2022,Phishing,Retail Banking,158.1,1,1.25,2.47,2.81,2.9,19,1
OLE-0409,27/5/2023,Tech Failure,E-Banking,22.04,5,1.34,1.26,1,3.6,17,2
ALE-0727,5/3/2022,Phishing,ATM Network,159.33,2,1.76,3.09,2.14,3.5,21,0
OLE-0282,11/11/2022,System Failure,Payments,45.24,3,1.28,1.19,1,2.7,18,0
ALE-0377,19/1/2022,Data Breach,E-Banking,232.03,4,1.35,1.72,1.48,3.3,24,0
ALE-0277,7/7/2022,Tech Failure,E-Banking,131.36,5,2.62,2.22,1.85,3.3,29,2
OLE-0819,15/8/2022,System Failure,ATM Network,58.17,4,1.19,0.65,1,2.7,14,1
ALE-0002,25/12/2022,Data Breach,E-Banking,155.42,5,1.69,2.69,2.09,3.5,20,1
ALE-0860,20/10/2022,Tech Failure,Payments,133.23,3,0.9,1.2,1.15,2.9,16,2
OLE-0211,6/9/2023,Data Breach,Payments,5,5,0.78,0.8,1,2.6,22,0
ALE-0585,22/3/2022,Phishing,ATM Network,160.18,4,0.83,2.35,2.25,3.4,15,0
OLE-0652,18/7/2022,Cyber-Fraud,Payments,8.23,3,0.95,0.76,1,3.7,24,1
ALE-1010,6/8/2022,Tech Failure,ATM Network,222.63,1,2.96,2.68,1.9,3.4,16,1
OLE-0221,18/4/2023,Cyber-Fraud,E-Banking,98.5,1,0.54,1.45,1,4,24,1
ALE-0289,5/11/2022,Cyber-Fraud,Payments,164.42,1,1.69,1.57,1.78,3.6,22,1
OLE-0238,14/3/2022,Tech Failure,Payments,78.73,1,0.95,0.78,1,3.1,18,2
OLE-0745,31/12/2023,System Failure,Payments,51.87,4,0.77,0.74,1,2.5,19,2
ALE-0476,11/8/2022,Tech Failure,ATM Network,131.34,2,2.6,2.04,1.67,3.4,26,2
ALE-1172,29/8/2022,System Failure,ATM Network,110.72,4,1.35,2.89,2.89,3,25,1
ALE-1007,24/1/2022,Cyber-Fraud,Payments,48.77,5,2.04,2.28,1.6,3.7,21,2
ALE-0472,23/11/2022,Tech Failure,E-Banking,115.12,4,2.53,1.78,1.63,3,28,1
ALE-0524,12/5/2022,Data Breach,Online Services,315.72,1,2.94,1.29,1.29,2.8,29,2
ALE-0050,2/5/2022,Data Breach,E-Banking,231.16,2,1.79,2.22,1.56,2.7,16,2
ALE-0521,21/7/2022,System Failure,ATM Network,198.34,5,2.58,3.43,3.02,3.6,23,1
OLE-0014,21/10/2023,Tech Failure,E-Banking,45.08,1,1.3,1.36,1,3.7,24,0
OLE-0486,28/10/2022,Cyber-Fraud,ATM Network,71.48,1,1.26,1.24,1,3.4,14,2
ALE-0631,7/5/2022,Phishing,E-Banking,70.07,5,2.88,2.86,2.23,4,19,2
ALE-0637,2/3/2022,Data Breach,Online Services,164.92,1,1.24,1.42,1.61,3.7,27,2
ALE-0743,7/3/2022,Phishing,Online Services,18.39,3,1.83,3.48,2.45,3,18,0
ALE-0875,11/8/2022,System Failure,Payments,55,4,2.64,1.31,0.9,2.7,23,1
ALE-0960,26/12/2022,Phishing,E-Banking,13.21,5,1.9,1.23,0.86,2.6,27,1
OLE-0439,3/2/2022,Cyber-Fraud,Payments,73.42,3,0.9,1.23,1,3.4,22,1
OLE-0743,8/8/2022,System Failure,Payments,107.93,2,0.36,1.13,1,2.6,24,2
ALE-0644,16/8/2022,Tech Failure,ATM Network,253.81,2,2.06,1.9,1.66,3.3,24,2
ALE-1058,6/2/2022,System Failure,Online Services,219.59,2,2.98,3.22,3.87,3.1,23,0
ALE-0035,15/9/2022,Phishing,ATM Network,149.9,3,2.36,1.32,0.94,3.2,26,1
ALE-0016,16/4/2022,System Failure,Retail Banking,165.79,4,0.82,3.06,3.12,3.5,27,2
ALE-0607,11/7/2022,System Failure,Payments,187.05,5,2.21,2.98,2.12,2.5,19,0
ALE-0870,5/8/2022,Tech Failure,ATM Network,115.58,1,2.33,1.75,1.98,3.8,23,2
ALE-0469,4/2/2022,Tech Failure,Online Services,157.52,3,1.74,2.48,2.9,3.7,27,1
ALE-0431,2/5/2022,Data Breach,Retail Banking,218.2,3,2.16,1.73,2.16,3.6,18,0
ALE-0232,11/10/2022,Data Breach,Payments,112.85,4,1.29,2.27,2.01,3.8,23,0
ALE-0147,16/4/2022,Data Breach,ATM Network,198.31,5,2.96,2.67,2.92,3.9,25,2
ALE-1082,26/7/2022,System Failure,Payments,234.8,5,2.14,2.86,3.5,3.4,23,1
ALE-0916,13/12/2022,System Failure,ATM Network,86.24,2,0.92,3.33,2.64,3.8,18,0
OLE-0106,5/10/2023,Cyber-Fraud,Payments,12.37,5,0.44,0.65,1,2.8,23,0
ALE-0234,21/2/2022,Phishing,E-Banking,161.86,3,1.97,2,1.72,3.5,24,0
OLE-0122,24/8/2023,Cyber-Fraud,E-Banking,56.72,2,0.43,1.26,1,4,15,2
OLE-0621,16/12/2023,System Failure,Retail Banking,48.13,3,0.99,0.84,1,3.7,14,0
ALE-1000,21/9/2022,Phishing,Online Services,77.07,2,1.82,3.33,4.13,2.9,24,0
OLE-0555,19/4/2022,Data Breach,ATM Network,73.54,5,1.19,0.95,1,2.5,19,1
ALE-0058,9/5/2022,Data Breach,Retail Banking,93.44,3,2.43,2.72,2.82,2.6,29,0
ALE-0707,25/6/2022,Cyber-Fraud,Retail Banking,260.79,1,2.96,3.06,3.36,2.9,16,2
ALE-0683,20/6/2022,Data Breach,E-Banking,256.8,4,1.8,2.29,2.03,2.5,21,2
OLE-0116,23/5/2022,System Failure,E-Banking,34.63,2,0.49,1.2,1,3.7,20,2
ALE-1112,5/12/2022,System Failure,Retail Banking,259.35,2,2.75,2.67,1.91,3,23,2
OLE-0768,22/4/2022,System Failure,Payments,28.65,4,1.38,1.16,1,2.7,17,2
ALE-0999,7/1/2022,Cyber-Fraud,Online Services,249.38,2,1.29,2.37,2.04,3.4,25,0
ALE-0380,23/12/2022,Phishing,E-Banking,24.06,3,1.93,2.78,2.22,3.1,18,1
ALE-1029,5/3/2022,Cyber-Fraud,Payments,196.42,4,2.88,1.6,1.63,3.6,29,0
ALE-1064,20/5/2022,Tech Failure,Retail Banking,128.72,1,2.73,2.99,3.2,3.5,20,0
ALE-0137,17/10/2022,System Failure,ATM Network,165.56,3,2.67,2.82,2.47,2.9,18,2
ALE-0523,13/2/2022,System Failure,Payments,199.9,1,1.01,2.72,2.66,3.6,16,1
OLE-0737,21/7/2023,Cyber-Fraud,ATM Network,58.55,3,0.39,0.52,1,2.7,17,1
ALE-0160,2/5/2022,Phishing,Online Services,138.49,1,1.52,3.18,3.59,3.2,29,2
OLE-0786,5/12/2023,Tech Failure,Payments,67.17,4,1.31,1.5,1,3.1,20,1
OLE-0783,27/2/2022,Cyber-Fraud,E-Banking,23.09,1,0.92,1.27,1,3.3,18,2
ALE-0570,3/11/2022,Cyber-Fraud,Retail Banking,123.25,2,2.45,2.44,1.74,2.7,24,1
ALE-1065,24/6/2022,Data Breach,ATM Network,102.73,3,1.34,2.93,3.61,2.9,17,1
ALE-1099,17/8/2022,Data Breach,Payments,22.17,5,2.07,2.27,2.08,3.8,26,2
ALE-0674,8/9/2022,Tech Failure,E-Banking,267.38,1,1.44,1.84,1.45,3.8,20,2
OLE-0789,12/4/2023,Cyber-Fraud,ATM Network,23.27,3,1.08,1.47,1,3.6,15,0
ALE-0012,26/11/2022,Data Breach,Payments,186.68,3,2.25,2.1,1.98,3.5,22,0
ALE-0721,16/11/2022,Phishing,Retail Banking,156.89,5,1.26,2.24,2.46,3.9,22,0
ALE-0549,26/12/2022,System Failure,ATM Network,146.06,2,1.08,1.92,1.66,3.4,21,1
ALE-0083,2/2/2022,Cyber-Fraud,ATM Network,192.37,2,2.14,3.09,3.09,2.9,24,0
OLE-0708,23/6/2022,Cyber-Fraud,ATM Network,83.91,3,0.74,0.6,1,3.6,16,1
OLE-0530,7/3/2022,Data Breach,Retail Banking,16.51,4,1.27,1.24,1,3.3,14,2
ALE-0571,24/12/2022,Phishing,Payments,10,5,1.62,1.45,1.49,2.9,27,1
ALE-0394,11/12/2022,Cyber-Fraud,Payments,122.67,4,0.89,2.19,2.62,2.6,23,0
ALE-0684,10/3/2022,Cyber-Fraud,ATM Network,256.03,1,2.75,1.83,2.04,2.7,23,0
ALE-0073,19/12/2022,System Failure,E-Banking,177.03,3,2.65,2.95,3.21,3.8,29,0
ALE-0176,17/5/2022,Phishing,Payments,159.24,4,2.8,3.46,3.69,2.7,22,0
ALE-0197,4/12/2022,System Failure,E-Banking,72.83,2,2.53,2.26,1.55,3.2,16,0
ALE-1128,11/10/2022,Phishing,Retail Banking,302.34,2,2.05,2.59,2.45,2.6,24,1
ALE-1197,19/2/2022,System Failure,ATM Network,82.41,4,2.24,2.6,2.01,3.5,16,2
ALE-0717,14/12/2022,Cyber-Fraud,Payments,194.7,2,0.97,2.29,1.68,3.7,25,1
ALE-0318,17/8/2022,Tech Failure,Online Services,155.88,3,2.84,2.13,1.5,3.1,23,0
OLE-0355,20/2/2022,Cyber-Fraud,E-Banking,62.89,5,0.86,1.26,1,2.7,15,1
OLE-0813,23/12/2022,Data Breach,ATM Network,68.01,2,1.19,0.94,1,3.7,14,0
ALE-0416,7/2/2022,Cyber-Fraud,Retail Banking,126,1,1.24,1.38,1,2.6,18,2
OLE-0064,28/4/2023,Data Breach,Retail Banking,24.11,5,0.46,0.6,1,3.5,22,0
ALE-0756,14/6/2022,Phishing,Retail Banking,23.97,3,2.07,2.78,3.14,2.7,17,2
OLE-0484,17/11/2022,Data Breach,ATM Network,22.48,1,1.09,0.7,1,3,15,2
ALE-1090,22/4/2022,Tech Failure,Online Services,173.12,4,1.78,2.03,2.5,3.3,26,0
ALE-0568,22/11/2022,Data Breach,Payments,241.23,4,0.99,1.42,1.44,3.4,26,2
ALE-0801,22/4/2022,System Failure,Retail Banking,177.81,5,2.79,3.29,2.55,3.9,17,1
ALE-0433,7/1/2022,Phishing,Online Services,262.16,2,2.81,2.43,1.86,2.7,16,2
ALE-1020,12/8/2022,Cyber-Fraud,Retail Banking,50.86,2,0.89,2.18,2.46,3.1,16,2
ALE-0226,2/11/2022,Data Breach,Online Services,171.36,4,2.28,3.05,2.42,3.1,20,2
OLE-0618,31/8/2023,Data Breach,Retail Banking,35.55,4,0.42,0.56,1,2.7,17,0
ALE-0885,6/11/2022,System Failure,Retail Banking,189.25,2,2.25,1.32,1.15,2.9,16,1
OLE-0694,7/12/2022,Cyber-Fraud,Payments,43.84,3,0.84,0.85,1,2.8,21,1
ALE-0057,21/3/2022,Cyber-Fraud,ATM Network,123.32,1,1.34,2.42,2.13,3.6,28,2
ALE-0970,17/4/2022,Tech Failure,Online Services,144.05,4,1.74,3.18,3.51,2.9,25,0
OLE-0858,4/9/2022,Data Breach,E-Banking,87.49,3,1.41,1.15,1,3.1,17,2
ALE-1096,17/1/2022,Tech Failure,Payments,125.05,1,2.7,1.69,1.57,3,19,0
ALE-0763,23/10/2022,Tech Failure,ATM Network,254.8,3,1.13,1.72,1.52,3.1,17,0
ALE-0280,23/11/2022,Phishing,E-Banking,224.14,4,0.99,3.26,3.04,3,29,0
OLE-0024,24/4/2022,Cyber-Fraud,ATM Network,5,5,1.29,0.93,1,3.8,18,2
ALE-0925,11/8/2022,System Failure,ATM Network,202.08,5,2.44,3.48,2.32,3.3,15,0
OLE-0535,19/12/2022,Cyber-Fraud,Payments,39.75,3,1.37,0.7,1,2.9,15,1
OLE-0199,14/5/2022,Tech Failure,Payments,49.89,4,1.34,0.98,1,2.7,16,0
OLE-0050,26/6/2023,Tech Failure,E-Banking,79.76,4,0.99,1.43,1,3.4,19,0
OLE-0174,24/11/2023,System Failure,ATM Network,48.53,2,1.43,0.65,1,3.2,17,1
OLE-0839,8/6/2022,Tech Failure,ATM Network,39.54,1,0.61,1.5,1,2.8,14,0
OLE-0433,15/4/2022,Tech Failure,ATM Network,50.75,5,1.45,1.07,1,3.3,19,2
ALE-0032,9/1/2022,Data Breach,Retail Banking,179.86,4,0.9,2.64,2.13,3.8,28,0
ALE-0214,1/3/2022,Data Breach,Retail Banking,231.36,3,2.66,1.67,1.27,3.5,22,0
ALE-0401,16/11/2022,Data Breach,E-Banking,265.43,2,1.7,3.26,3.57,4,19,1
ALE-0085,30/3/2022,Data Breach,Online Services,201.29,2,2,2.67,2.72,2.6,17,0
OLE-0472,8/8/2023,Cyber-Fraud,Retail Banking,43.44,3,1.13,1.23,1,2.6,24,1
OLE-0072,21/5/2023,Data Breach,Retail Banking,24.56,2,0.31,0.76,1,2.9,22,0
ALE-1262,17/2/2022,System Failure,Retail Banking,271.11,2,1.59,3.09,2.91,3.8,24,1
ALE-1015,20/10/2022,Data Breach,ATM Network,140.14,3,1.99,2.85,2.98,2.7,21,2
OLE-0423,19/9/2023,Cyber-Fraud,Retail Banking,41.41,2,0.79,0.63,1,2.5,23,0
OLE-0820,17/5/2023,Data Breach,E-Banking,62.52,4,0.6,0.56,1,2.7,21,0
OLE-0459,19/5/2022,Tech Failure,ATM Network,5,5,0.31,1.4,1,2.7,19,1
ALE-0928,10/9/2022,System Failure,E-Banking,178.1,5,2.86,3.28,2.78,3.4,24,2
OLE-0808,9/2/2022,Tech Failure,E-Banking,82.36,3,0.76,1.35,1,3.6,24,0
ALE-0276,9/12/2022,Cyber-Fraud,Retail Banking,173.5,5,2.18,2.47,1.66,3.6,22,1
ALE-0723,23/11/2022,Tech Failure,E-Banking,29.23,2,0.97,2.1,2.31,3.1,15,2
ALE-0655,19/6/2022,Cyber-Fraud,Online Services,116.36,5,2.76,3.3,3.47,2.6,20,2
ALE-1179,23/9/2022,Cyber-Fraud,E-Banking,44.83,2,2.71,1.25,0.98,3.3,26,0
ALE-0385,26/11/2022,Cyber-Fraud,ATM Network,149.99,2,1.28,2.69,2.46,2.7,16,0
ALE-0141,18/11/2022,Phishing,Retail Banking,249.94,4,1.5,1.92,1.54,2.7,19,2
OLE-0257,27/5/2023,System Failure,E-Banking,16.5,2,0.55,0.88,1,4,17,1
ALE-0620,23/7/2022,System Failure,Payments,226.81,1,2.29,1.4,1.1,3.4,17,1
ALE-1136,1/9/2022,Phishing,E-Banking,204.51,1,1.62,2.91,2.55,3.1,15,0
ALE-1266,11/10/2022,Data Breach,Online Services,136.36,5,2.06,3.2,2.56,3.9,24,2
OLE-0479,12/6/2023,Cyber-Fraud,Payments,86.62,4,1.18,0.87,1,3.3,17,0
OLE-0562,24/9/2022,System Failure,Retail Banking,71.68,4,0.44,0.83,1,3.7,18,2
ALE-0366,4/9/2022,Data Breach,E-Banking,35.58,1,0.91,2.07,2,3.6,15,1
OLE-0021,2/9/2022,System Failure,Retail Banking,55.09,2,1.21,1,1,3.3,21,1
ALE-0392,19/3/2022,Tech Failure,ATM Network,50.01,5,2.97,1.61,1.2,3,23,0
ALE-0259,25/11/2022,Phishing,Online Services,205,4,1.57,3.07,3,2.7,27,2
OLE-0382,1/8/2023,System Failure,Retail Banking,72.72,5,1.04,0.75,1,3.4,19,1
ALE-0372,24/9/2022,Phishing,ATM Network,115.87,5,2.31,3.36,2.57,2.8,19,1
OLE-0765,18/11/2022,Tech Failure,Payments,5,5,0.34,1.12,1,3.3,14,0
ALE-0161,10/7/2022,Data Breach,Online Services,111.61,2,1.09,2.85,3.36,3,23,1
ALE-1224,3/7/2022,Phishing,Retail Banking,200.95,2,2.41,2.1,1.61,3,25,1
ALE-0782,16/11/2022,Phishing,Payments,110.93,3,0.96,2.66,2.08,3.3,27,2
ALE-0435,25/2/2022,Tech Failure,E-Banking,43.84,3,1.4,1.67,1.51,2.6,15,1
ALE-0555,10/2/2022,Tech Failure,Retail Banking,54.75,2,2.81,3.38,2.45,3,24,2
OLE-0680,8/9/2022,Data Breach,ATM Network,27.96,4,0.67,1.26,1,3.9,23,2
ALE-0036,11/5/2022,Phishing,E-Banking,234.32,5,1.86,3.24,3.04,3.6,17,1
ALE-1163,4/7/2022,System Failure,Retail Banking,89.64,4,0.81,2.86,2.07,3.1,22,1
ALE-1152,5/5/2022,Phishing,Retail Banking,110.3,4,1.14,1.37,1.04,3.7,20,1
OLE-0428,8/3/2022,System Failure,ATM Network,41.61,1,1.31,1.11,1,3.4,20,0
OLE-0375,13/9/2022,Tech Failure,Payments,5,1,0.35,0.72,1,2.5,24,1
OLE-0271,19/2/2023,System Failure,ATM Network,11.23,4,0.54,1.15,1,3.7,17,2
ALE-0642,19/3/2022,Phishing,Payments,164.76,4,1.04,1.99,1.64,2.8,29,0
ALE-1247,2/5/2022,Cyber-Fraud,ATM Network,125.01,2,2,1.75,1.37,3.2,28,0
ALE-0246,4/3/2022,Cyber-Fraud,ATM Network,171.82,2,2.09,1.93,2.24,2.8,16,0
ALE-0984,13/6/2022,System Failure,ATM Network,90.02,1,1.44,2.14,1.83,2.7,23,1
OLE-0446,6/10/2022,Data Breach,ATM Network,114.92,5,0.33,0.82,1,2.6,22,0
OLE-0549,30/5/2023,Data Breach,Retail Banking,8.29,4,1.4,0.83,1,3.1,14,0
OLE-0026,15/8/2023,Data Breach,ATM Network,48.12,4,1.1,1.43,1,3.3,21,1
ALE-0576,25/8/2022,Data Breach,E-Banking,159.59,1,2.42,2.28,2.41,3.3,22,1
OLE-0631,22/9/2023,System Failure,ATM Network,5.48,2,0.44,0.57,1,3.2,14,2
OLE-0079,10/8/2023,Data Breach,ATM Network,101.9,2,0.46,1.23,1,3.7,16,2
OLE-0367,5/10/2022,Data Breach,Payments,25.59,3,0.67,0.84,1,2.6,24,0
ALE-1137,20/7/2022,System Failure,ATM Network,185.01,5,1.77,2.42,2.17,3.2,16,2
OLE-0033,18/4/2022,System Failure,E-Banking,29.8,4,0.48,0.92,1,2.7,14,2
ALE-0190,3/9/2022,Phishing,E-Banking,160.82,3,1.52,2.55,1.83,3.2,24,1
ALE-1008,2/3/2022,Data Breach,ATM Network,194.22,2,1.58,1.79,1.81,3.1,27,0
ALE-1259,7/3/2022,System Failure,Payments,239.81,2,1.66,1.45,1.02,2.6,28,0
ALE-1108,17/9/2022,Data Breach,Payments,185.03,4,3,1.31,1.18,3.2,27,1
ALE-0136,30/3/2022,System Failure,E-Banking,159.69,3,2.88,2.31,1.93,3.7,25,2
ALE-1022,30/7/2022,Tech Failure,Online Services,149.66,2,1.76,2.98,2.29,2.7,18,1
OLE-0545,4/2/2023,Tech Failure,Payments,88.88,2,0.68,0.56,1,3.4,24,0
OLE-0164,31/7/2023,System Failure,ATM Network,52.93,2,0.68,0.65,1,3.2,23,0
OLE-0204,23/4/2023,Cyber-Fraud,Retail Banking,8.94,3,1.1,1.32,1,3.7,18,2
ALE-0600,28/9/2022,Tech Failure,Retail Banking,130.7,4,2.77,2.75,2.92,3.9,28,2
ALE-0059,25/6/2022,System Failure,Payments,152.21,1,1.93,1.82,1.63,3.2,25,2
ALE-0590,4/9/2022,Phishing,Online Services,155.27,4,1.38,3.12,3.03,3.2,29,1
ALE-0787,28/3/2022,Data Breach,E-Banking,178.59,2,2.04,2.86,2.61,2.6,29,0
OLE-0306,5/11/2023,Data Breach,E-Banking,104.59,3,1.11,1.12,1,3.6,20,0
ALE-0122,22/5/2022,Data Breach,Retail Banking,217.2,4,2.13,3.35,3.55,2.7,20,2
OLE-0565,14/6/2022,Tech Failure,Retail Banking,115.52,5,0.64,1.02,1,3.6,22,2
ALE-1271,27/11/2022,Phishing,E-Banking,66.91,4,1.91,2.41,1.69,3.1,27,1
OLE-0193,12/4/2022,Tech Failure,E-Banking,71.2,1,0.38,1.34,1,2.5,18,0
ALE-0741,18/10/2022,System Failure,Online Services,100.62,3,2.75,2.13,1.72,3.8,24,2
OLE-0753,17/8/2023,Data Breach,E-Banking,71.74,1,1.21,1.11,1,2.8,23,0
ALE-0143,1/3/2022,Cyber-Fraud,Retail Banking,76.26,5,2.09,2.03,1.79,3,24,1
OLE-0742,12/10/2023,Tech Failure,Retail Banking,26.42,5,1.37,0.56,1,3.2,22,2
ALE-0729,12/1/2022,System Failure,Online Services,210.59,3,1.49,3.02,3.39,3.6,22,0
OLE-0572,26/9/2023,System Failure,ATM Network,5,2,0.63,1.06,1,3,20,2
ALE-0700,20/7/2022,Data Breach,Retail Banking,19.54,2,0.88,3.45,4.3,3.8,21,1
OLE-0219,2/6/2022,Data Breach,Retail Banking,115.63,5,0.85,1.06,1,3.8,21,0
OLE-0611,8/3/2023,Cyber-Fraud,ATM Network,40.82,5,1.43,0.56,1,3.9,17,1
ALE-1254,28/2/2022,Phishing,ATM Network,196.14,4,2.86,1.22,1.02,3.6,19,2
OLE-0352,12/3/2023,Data Breach,ATM Network,98.85,4,0.6,0.76,1,2.5,23,1
ALE-1013,12/8/2022,Data Breach,E-Banking,123.37,4,0.89,2.93,2.67,4,24,2
ALE-0211,5/3/2022,System Failure,Payments,126.42,3,2.27,1.37,1.04,2.6,26,0
ALE-1075,3/1/2022,Cyber-Fraud,Online Services,27.24,2,2.58,3.42,2.75,3.7,22,0
ALE-0430,21/6/2022,Data Breach,E-Banking,17.77,1,2.49,3.19,2.74,4,15,2
ALE-0954,28/4/2022,Cyber-Fraud,Retail Banking,65.06,4,1.34,3.44,3.19,3.4,22,1
ALE-0463,16/9/2022,System Failure,Payments,182.17,3,2.95,1.4,0.97,3.2,18,0
OLE-0060,21/8/2022,System Failure,Payments,46.95,2,0.53,1.12,1,3,23,1
OLE-0412,29/3/2022,Cyber-Fraud,Payments,44.91,5,0.71,1.3,1,2.9,19,0
OLE-0782,3/1/2022,System Failure,E-Banking,75.28,5,1.44,1.27,1,2.9,23,1
OLE-0496,4/5/2022,System Failure,Payments,85.48,5,0.98,1.16,1,3.5,17,1
OLE-0830,25/2/2022,System Failure,Payments,91.14,1,0.51,1.39,1,3.2,14,1
OLE-0074,8/2/2023,Cyber-Fraud,Payments,67.23,5,1,1.25,1,3.7,15,2
ALE-0460,22/7/2022,System Failure,E-Banking,38.66,1,0.84,2.81,2.88,2.6,24,1
OLE-0635,13/6/2022,Data Breach,Retail Banking,51.33,5,1.33,1.34,1,3,14,0
ALE-0947,19/8/2022,Tech Failure,Payments,147.24,5,2.36,2.09,1.78,3.8,17,0
ALE-0544,12/10/2022,Tech Failure,Payments,288.85,3,2.13,3.38,3.26,2.7,15,1
OLE-0163,26/11/2023,Tech Failure,Payments,16.56,2,0.35,0.53,1,3.1,23,2
ALE-0526,26/8/2022,Phishing,Payments,65.83,1,1.19,2.66,2.52,3.8,26,2
OLE-0597,26/4/2023,Data Breach,ATM Network,36.36,3,0.37,1.08,1,3.8,20,1
OLE-0448,23/8/2023,Cyber-Fraud,ATM Network,86.9,1,0.6,0.62,1,3.4,22,1
ALE-0557,1/12/2022,Cyber-Fraud,E-Banking,271.28,2,2.68,1.92,1.65,3.2,29,2
OLE-0354,1/3/2022,Data Breach,Retail Banking,34.02,2,1.44,1.44,1,3.4,24,1
ALE-0402,25/4/2022,Data Breach,ATM Network,165.59,5,2.76,1.76,1.34,3.7,17,2
ALE-0084,28/2/2022,Tech Failure,ATM Network,149.44,3,1.51,2.86,2.27,3.9,16,1
ALE-1242,18/12/2022,Tech Failure,Online Services,41.27,2,2.85,2.94,2.17,2.7,20,2
ALE-0629,28/12/2022,Data Breach,Retail Banking,162.18,2,1.2,2.6,1.99,3,26,0
ALE-0998,14/2/2022,Cyber-Fraud,Retail Banking,175.68,2,1.06,2.05,2.26,2.9,22,2
ALE-0899,17/7/2022,Data Breach,E-Banking,175.21,5,1.28,3.12,2.43,3.8,19,1
OLE-0046,14/6/2023,Cyber-Fraud,ATM Network,14.77,4,0.64,1.44,1,3.8,19,2
ALE-0764,8/8/2022,System Failure,Online Services,174.31,3,2.48,3.48,2.59,2.9,20,1
OLE-0810,20/7/2023,Tech Failure,Payments,5,4,0.94,1.44,1,3,20,2
ALE-0365,31/7/2022,Data Breach,Retail Banking,236.56,2,2.66,2.33,2.29,3.8,21,1
OLE-0295,11/6/2022,Data Breach,Payments,75.75,2,0.91,0.92,1,2.5,14,2
ALE-0798,5/1/2022,Tech Failure,E-Banking,154.86,3,1.87,1.8,1.36,3.6,16,2
ALE-0196,31/7/2022,Data Breach,E-Banking,198.92,5,0.94,3.1,3.49,3.9,18,2
OLE-0077,24/3/2022,System Failure,E-Banking,75.81,1,0.61,1.04,1,3.5,18,1
OLE-0206,15/9/2022,Tech Failure,Retail Banking,15.99,4,1.01,0.51,1,3.2,17,1
ALE-0751,4/2/2022,Cyber-Fraud,Online Services,174.74,1,1.42,3.13,3.75,3.1,19,0
ALE-1131,6/10/2022,System Failure,Payments,67.22,2,1.87,2.28,2.32,3.9,20,0
ALE-0274,30/11/2022,Phishing,E-Banking,213.62,2,1.18,3.15,3.12,3.4,29,0
OLE-0415,20/8/2022,Data Breach,ATM Network,26.59,2,0.34,1.49,1,2.5,22,1
ALE-0866,20/8/2022,Tech Failure,Online Services,144.11,3,1.47,2.04,1.89,3.7,15,0
ALE-0228,4/6/2022,Cyber-Fraud,E-Banking,32.96,2,2.3,1.35,1.11,3.7,27,0
OLE-0437,25/9/2022,Cyber-Fraud,Payments,42.17,1,0.78,1.17,1,3.5,16,0
ALE-0765,23/11/2022,Phishing,Payments,115.85,4,2.46,2.24,2.36,2.8,29,1
ALE-0909,9/8/2022,Tech Failure,Payments,133.54,1,1.78,2.84,2.67,3.9,16,0
OLE-0394,26/1/2023,Cyber-Fraud,E-Banking,31.06,2,0.68,0.79,1,2.6,19,1
OLE-0722,25/2/2022,Tech Failure,E-Banking,46.33,5,0.58,1.21,1,3.8,14,1
OLE-0031,17/10/2023,Data Breach,ATM Network,89.76,2,0.51,0.86,1,3.9,21,0
ALE-0426,25/12/2022,Tech Failure,Payments,61.96,3,2.35,2.58,2.26,2.5,29,2
OLE-0857,29/6/2023,Cyber-Fraud,ATM Network,29.68,4,1.26,1.35,1,3.2,18,0
ALE-0237,24/11/2022,Phishing,Retail Banking,240.14,4,2.64,3.04,2.92,2.9,22,2
ALE-0919,7/4/2022,Data Breach,Retail Banking,238.11,3,2.59,3.39,3.53,2.9,20,2
ALE-0794,31/7/2022,Tech Failure,Payments,97.1,1,0.91,1.97,1.48,2.9,28,0
OLE-0556,14/2/2023,Cyber-Fraud,Payments,68.65,5,0.86,1.12,1,3.2,20,0
OLE-0345,21/11/2022,Data Breach,Payments,101.08,4,0.88,1.34,1,3,16,1
ALE-0760,16/12/2022,Tech Failure,Online Services,244.28,2,0.83,1.93,1.82,3.1,22,1
OLE-0353,9/5/2023,Tech Failure,Payments,45.58,1,0.48,0.96,1,3,14,1
OLE-0092,9/8/2022,System Failure,E-Banking,61.58,5,0.48,0.83,1,3.2,15,2
ALE-1100,23/1/2022,Data Breach,Retail Banking,229.05,4,2.88,3.32,2.6,3.2,26,0
ALE-0752,18/10/2022,Phishing,Payments,122.06,1,2.45,1.35,1.04,3.3,29,2
ALE-0248,18/12/2022,Cyber-Fraud,E-Banking,86.18,1,2.84,3.11,3.03,2.9,20,0
OLE-0568,19/6/2023,Tech Failure,E-Banking,55.8,4,0.37,0.67,1,3.6,18,1
OLE-0262,17/4/2023,Cyber-Fraud,Retail Banking,123.62,3,1.01,0.67,1,3.9,17,2
ALE-0347,18/7/2022,Tech Failure,Payments,115.65,1,2.26,3.5,3.56,3.4,18,1
ALE-0868,23/10/2022,Data Breach,ATM Network,99.84,3,2.18,3.13,3.46,3.8,24,2
OLE-0539,14/8/2023,Data Breach,Payments,77.05,3,1.44,0.64,1,3.6,14,2
ALE-1048,21/1/2022,Phishing,Payments,264.05,1,1.95,1.28,1.13,3.8,21,2
ALE-0008,13/4/2022,System Failure,Retail Banking,227.32,1,2,2.2,1.66,3.7,20,0
ALE-0812,1/6/2022,Data Breach,Online Services,109.03,4,1.76,2.49,2.96,3.5,19,1
ALE-0905,9/2/2022,System Failure,E-Banking,83.77,1,1.26,2.22,2.65,3,28,2
ALE-0504,16/7/2022,Phishing,Payments,202.87,3,1.45,2.01,1.4,3.9,22,1
OLE-0301,23/7/2023,Data Breach,Retail Banking,48.9,5,1.26,0.93,1,4,24,1
OLE-0553,30/6/2023,Cyber-Fraud,Payments,53.18,4,1.21,1.31,1,3,24,0
ALE-0633,22/5/2022,Data Breach,Online Services,202.29,4,1.93,3.22,3.07,2.7,20,0
OLE-0316,16/9/2023,System Failure,Retail Banking,43.88,3,0.92,1.24,1,3.2,19,1
ALE-0692,21/6/2022,Data Breach,E-Banking,109.37,5,2.54,2.16,2.5,3.2,20,2
OLE-0454,16/9/2022,Tech Failure,ATM Network,34.89,2,1.35,1.08,1,3,16,1
OLE-0176,18/12/2022,Cyber-Fraud,Payments,87.86,3,0.99,1.37,1,4,15,2
OLE-0766,16/6/2023,Data Breach,E-Banking,68.42,2,1.1,0.82,1,3.5,23,0
ALE-0354,20/2/2022,Tech Failure,Retail Banking,24.41,4,2.15,3.05,2.13,3.4,15,1
ALE-0965,16/11/2022,System Failure,Retail Banking,284.78,5,1.93,2.07,1.43,2.6,22,1
OLE-0124,24/6/2022,Cyber-Fraud,ATM Network,82.5,1,0.59,0.64,1,3,15,1
OLE-0582,6/4/2022,Data Breach,ATM Network,29.33,3,1.32,1.06,1,3.3,15,2
OLE-0395,11/8/2023,Tech Failure,Retail Banking,15.01,5,1.09,0.51,1,3.9,17,0
ALE-0031,29/10/2022,System Failure,E-Banking,195.92,1,2.97,2.89,2.15,3.5,19,2
ALE-0091,12/5/2022,Phishing,Payments,201.44,1,2.44,1.22,1.33,3.4,27,2
OLE-0040,27/10/2023,Tech Failure,Payments,56.16,2,1.49,1.16,1,3.3,15,2
OLE-0463,29/9/2023,System Failure,E-Banking,62.78,2,0.62,1,1,2.6,15,2
OLE-0589,29/6/2023,Cyber-Fraud,Retail Banking,89.34,1,0.4,1.04,1,3.9,19,2
OLE-0637,11/3/2022,Tech Failure,Payments,45.05,3,1.27,0.79,1,3.2,21,0
OLE-0332,1/12/2023,Cyber-Fraud,ATM Network,43.87,2,0.4,1.11,1,3.8,24,2
OLE-0195,14/5/2022,System Failure,Payments,56.23,2,1.37,0.93,1,3.9,21,2
ALE-1180,19/10/2022,Tech Failure,E-Banking,150.3,4,1.45,3.1,2.49,3.8,16,0
OLE-0323,24/10/2022,Tech Failure,Payments,57.01,3,1.34,0.88,1,3.1,18,2
OLE-0267,8/5/2022,Tech Failure,Payments,34.9,1,0.32,1.08,1,2.9,17,2
ALE-0803,24/3/2022,System Failure,E-Banking,109.55,4,2.05,2.89,1.97,2.6,25,2
ALE-0264,3/10/2022,Cyber-Fraud,Online Services,36.85,1,2.36,2.55,2.43,3.4,17,2
OLE-0687,16/11/2022,Data Breach,Retail Banking,34.8,2,0.63,1.32,1,3.1,22,1
ALE-0688,15/11/2022,Cyber-Fraud,Retail Banking,177.5,4,2.41,1.72,1.97,3.1,27,0
ALE-0748,14/10/2022,System Failure,Payments,188.76,1,2.7,1.35,1.08,2.7,19,0
ALE-0180,20/8/2022,Tech Failure,Payments,117.29,2,1.04,2.13,1.59,3.2,15,2
OLE-0696,15/2/2023,Data Breach,E-Banking,34.63,2,1.2,1.25,1,2.7,18,2
ALE-1160,12/12/2022,System Failure,E-Banking,187.56,1,1.87,2.74,2.59,2.8,17,1
ALE-0325,18/7/2022,System Failure,ATM Network,49.88,4,0.98,2.16,1.48,3.6,23,1
ALE-1214,7/5/2022,Phishing,ATM Network,165.49,3,1.82,3.36,3.49,2.6,26,1
ALE-0694,16/12/2022,Tech Failure,E-Banking,119.65,2,2.3,1.25,1.42,3.8,17,1
ALE-0878,27/7/2022,Phishing,Online Services,49.4,3,1.99,2.79,2.55,3.8,25,0
ALE-0932,30/5/2022,Tech Failure,E-Banking,29.76,1,1.2,1.24,1.31,3.3,26,1
OLE-0811,10/4/2022,Cyber-Fraud,Payments,26.77,1,0.42,1.23,1,2.8,23,2
OLE-0681,1/11/2022,Cyber-Fraud,ATM Network,53.97,1,1.05,0.97,1,3.8,22,0
ALE-1143,22/2/2022,System Failure,ATM Network,10,5,1.87,2.12,1.56,3.6,17,0
ALE-0736,26/7/2022,Data Breach,ATM Network,179.39,1,2.23,1.69,1.59,2.5,15,1
ALE-1287,19/12/2022,Cyber-Fraud,Retail Banking,143.85,5,2.92,3.17,3.76,3.5,19,1
ALE-0715,19/4/2022,Cyber-Fraud,Retail Banking,87.69,2,2.95,3.03,3,3.8,18,1
ALE-0754,2/7/2022,Phishing,Retail Banking,166.56,2,2.91,1.48,1.12,2.7,27,2
ALE-0547,13/4/2022,Cyber-Fraud,Online Services,135.36,4,1.93,2.8,3.34,2.9,16,0
ALE-0375,29/6/2022,Tech Failure,Online Services,82.68,3,2.82,2.59,1.9,3.7,22,0
ALE-0837,19/5/2022,Phishing,E-Banking,189.6,2,1.18,1.35,1.22,3.8,29,1
OLE-0366,10/6/2023,System Failure,E-Banking,84.41,1,0.64,1.46,1,2.5,14,0
ALE-1103,9/8/2022,Data Breach,Retail Banking,75.36,2,2,2.9,2.37,3.1,29,0
ALE-0703,8/12/2022,Cyber-Fraud,ATM Network,190.26,3,2.8,3.31,3.21,3.6,29,0
OLE-0747,16/12/2023,Tech Failure,ATM Network,51.61,2,0.41,1.45,1,2.9,15,1
ALE-0130,11/7/2022,System Failure,Payments,242.89,3,2.71,1.28,0.89,2.7,24,0
OLE-0584,18/9/2023,Data Breach,ATM Network,100.13,4,0.45,1.08,1,3.6,18,0
ALE-1130,31/3/2022,Tech Failure,E-Banking,147.3,5,1.21,2.49,1.77,3.8,16,2
ALE-1117,10/12/2022,Phishing,Retail Banking,139.09,1,2.36,3.11,2.5,3.9,28,2
ALE-0263,8/2/2022,System Failure,E-Banking,158.83,2,1.07,1.67,1.54,3.8,28,0
ALE-0592,13/3/2022,Phishing,ATM Network,48.78,4,1.64,1.53,1.18,3.5,19,2
ALE-0685,6/3/2022,Cyber-Fraud,ATM Network,72.47,1,1.04,1.76,1.75,3.3,16,2
ALE-0597,11/5/2022,System Failure,Retail Banking,64.73,3,2.92,2,1.92,3.4,25,2
ALE-0735,2/6/2022,System Failure,E-Banking,88.09,5,1.05,1.28,1.47,2.8,22,2
ALE-0679,14/1/2022,Tech Failure,Payments,174.87,2,1.37,1.42,1.15,3.2,29,2
OLE-0319,1/10/2022,Tech Failure,Payments,47.08,1,1.45,1.39,1,3.8,19,2
OLE-0772,21/2/2022,System Failure,E-Banking,94.73,4,1.32,1.41,1,3.3,15,2
ALE-0267,2/8/2022,Cyber-Fraud,Payments,157.26,2,2.03,1.22,1.42,2.7,19,2
OLE-0720,24/1/2022,Tech Failure,Payments,55.2,4,0.8,1.35,1,3.8,21,2
ALE-1083,4/10/2022,Tech Failure,ATM Network,146.29,5,2.95,2.37,2,3.6,16,1
ALE-0281,7/7/2022,Tech Failure,ATM Network,207.48,5,2.85,1.77,1.47,2.9,27,2
OLE-0344,13/6/2022,System Failure,ATM Network,99.23,5,1.49,1.39,1,3.1,24,0
OLE-0399,13/4/2023,Data Breach,ATM Network,17.84,3,0.85,1.28,1,4,20,1
OLE-0585,11/5/2023,Cyber-Fraud,Payments,72.5,5,0.63,0.82,1,3.8,21,2
ALE-0772,18/8/2022,Tech Failure,ATM Network,158.74,3,1.75,2.28,1.53,3.1,18,0
OLE-0293,23/2/2023,Cyber-Fraud,Retail Banking,27.28,2,0.79,1.37,1,3.4,14,0
OLE-0793,24/1/2022,Tech Failure,ATM Network,18.1,4,0.75,0.53,1,2.8,14,0
ALE-0200,19/4/2022,Cyber-Fraud,E-Banking,178.81,3,1.42,2.42,2.89,2.7,22,0
ALE-0257,22/7/2022,Tech Failure,Online Services,103.82,4,1.16,3.05,2.25,2.7,28,0
OLE-0142,16/11/2022,Data Breach,Payments,46.7,4,1.25,1.14,1,3.5,17,1
ALE-0069,7/2/2022,Phishing,Retail Banking,145.55,2,2.7,1.89,2.02,2.7,22,2
OLE-0003,23/4/2022,Tech Failure,Retail Banking,81.41,5,0.69,1.27,1,2.7,20,2
OLE-0577,9/5/2022,System Failure,Payments,85.33,2,0.42,0.89,1,3.4,16,1
ALE-0456,21/3/2022,Data Breach,E-Banking,161.3,5,1.37,1.24,1.05,3.6,25,1
OLE-0340,20/10/2022,System Failure,ATM Network,11,2,1.3,1.21,1,3.4,18,1
OLE-0807,20/1/2023,Data Breach,Payments,50.16,1,0.86,0.55,1,2.8,24,0
OLE-0266,18/6/2022,System Failure,Payments,55.08,3,1.18,1.38,1,2.8,19,1
OLE-0377,18/1/2023,System Failure,Retail Banking,69.94,3,1.26,0.6,1,3.4,20,0
ALE-0022,22/12/2022,Tech Failure,ATM Network,75.13,4,2.94,1.71,1.25,2.6,29,0
OLE-0440,2/1/2023,Data Breach,E-Banking,31.26,4,0.83,1.12,1,3.8,16,1
OLE-0272,2/9/2023,System Failure,ATM Network,70.69,1,0.56,0.77,1,2.9,21,2
OLE-0245,26/3/2023,Data Breach,Retail Banking,69.51,4,1.06,0.63,1,3.3,14,0
ALE-1127,8/6/2022,Tech Failure,Retail Banking,123.01,4,1.06,1.76,2.02,3.7,20,2
OLE-0669,14/10/2022,System Failure,E-Banking,63.56,1,0.72,1.33,1,3.2,17,2
OLE-0757,6/7/2023,Data Breach,ATM Network,41.28,5,1.43,1.17,1,3.5,14,1
OLE-0650,24/12/2022,System Failure,E-Banking,74.6,4,0.86,1.29,1,3.4,24,0
OLE-0608,17/1/2022,Tech Failure,ATM Network,30.7,4,1.45,1.14,1,3.6,14,0
OLE-0416,15/12/2022,Cyber-Fraud,Payments,89.92,4,1.47,1.29,1,3.5,22,0
OLE-0274,27/2/2023,Data Breach,Retail Banking,40.98,2,1.27,1.32,1,3.9,21,1
ALE-0769,19/1/2022,Cyber-Fraud,E-Banking,167.44,4,2.98,2.71,2.3,3.6,26,2
OLE-0251,30/12/2022,Tech Failure,ATM Network,48.19,4,0.97,1,1,3.6,14,0
OLE-0414,28/4/2022,Cyber-Fraud,Payments,12.98,1,0.47,1.05,1,2.7,18,2
ALE-0596,30/7/2022,System Failure,Retail Banking,128.89,3,2,2.74,3.37,3.3,23,2
ALE-1202,19/10/2022,Tech Failure,Payments,206.49,2,1.88,3.14,2.77,3.6,24,0
OLE-0311,23/5/2022,System Failure,Retail Banking,47.55,1,0.62,1.44,1,3.5,14,1
OLE-0728,25/7/2022,Tech Failure,Retail Banking,74.02,3,1.23,0.67,1,3.2,14,2
ALE-0610,18/1/2022,Phishing,Online Services,205.96,2,2.69,2.13,1.97,2.8,20,2
OLE-0426,4/9/2023,Tech Failure,ATM Network,12.35,2,0.96,1.34,1,2.7,15,1
ALE-1226,14/4/2022,Cyber-Fraud,Retail Banking,123.9,2,2.74,1.5,1.69,3.2,24,0
OLE-0679,7/9/2022,Data Breach,E-Banking,22.92,3,1.39,0.88,1,3.4,20,1
ALE-0910,23/1/2022,System Failure,Retail Banking,167.62,3,1.3,2.71,2.96,2.6,16,1
ALE-0681,2/6/2022,System Failure,E-Banking,178.56,5,1.7,2.5,1.84,2.9,23,0
ALE-0579,4/10/2022,Data Breach,Online Services,58.05,4,1.69,3.35,2.29,2.7,19,2
ALE-0316,12/9/2022,Phishing,ATM Network,286.48,3,1.63,1.76,1.48,3.7,17,2
OLE-0846,16/7/2023,System Failure,E-Banking,36.39,3,1.1,0.79,1,3.4,15,0
OLE-0527,1/1/2023,Data Breach,E-Banking,32.44,2,0.95,1.49,1,3.8,24,0
OLE-0716,30/12/2022,System Failure,ATM Network,33.37,1,0.9,1.27,1,3.2,22,2
ALE-0353,4/11/2022,Phishing,ATM Network,214,5,2.95,3.22,3.23,2.7,29,2
OLE-0183,14/5/2022,Data Breach,Retail Banking,43.32,2,0.39,0.91,1,3.1,19,2
OLE-0171,7/11/2023,Tech Failure,Payments,108.82,5,1.18,0.65,1,3.8,18,1
ALE-0861,11/2/2022,Phishing,Payments,137.11,4,2.21,2.82,2.79,3.6,17,1
OLE-0840,3/11/2023,Tech Failure,Retail Banking,5,2,0.37,0.61,1,2.8,16,0
OLE-0188,21/9/2023,System Failure,Retail Banking,27.27,5,0.34,0.71,1,3.1,22,1
OLE-0620,6/11/2023,Cyber-Fraud,Retail Banking,5,3,0.5,0.88,1,3,22,2
ALE-1012,18/5/2022,Cyber-Fraud,Payments,227.73,2,2.87,1.83,1.58,2.8,21,2
OLE-0159,14/9/2023,System Failure,Payments,47.65,2,0.5,0.93,1,2.7,21,0
ALE-0339,8/2/2022,Phishing,ATM Network,141.76,3,2.24,3.32,3.95,2.5,17,2
OLE-0273,10/6/2023,System Failure,E-Banking,101.15,2,1.02,1.09,1,3.1,20,1
OLE-0615,2/10/2023,Cyber-Fraud,Retail Banking,47.54,3,0.61,0.85,1,3.7,15,2
ALE-0898,7/7/2022,Cyber-Fraud,Retail Banking,195.32,1,1.11,3.31,2.95,2.6,25,0
ALE-1217,10/11/2022,Phishing,Payments,106,4,2.47,3,2.07,3.1,23,1
ALE-0712,22/6/2022,System Failure,E-Banking,27.49,1,2.18,1.32,1.39,2.6,27,2
OLE-0372,15/10/2023,System Failure,Retail Banking,94.36,4,0.68,1.19,1,2.9,22,1
OLE-0223,21/9/2023,Tech Failure,Payments,25.33,1,1.45,1.02,1,4,20,0
OLE-0594,17/11/2022,System Failure,ATM Network,17.32,4,1.05,1.14,1,3.8,24,2
ALE-0068,25/9/2022,Data Breach,Retail Banking,40,2,1.53,1.36,1.58,3.2,27,0
ALE-0991,27/2/2022,Data Breach,Online Services,213.25,5,1.42,1.25,1.06,3.9,22,0
ALE-1237,5/1/2022,Data Breach,Online Services,138.21,4,1.16,3.11,3.03,3.1,18,1
OLE-0519,16/1/2023,System Failure,Retail Banking,82.29,5,0.86,0.91,1,3.7,18,1
OLE-0781,26/8/2023,System Failure,ATM Network,30.39,4,0.86,0.56,1,2.9,19,0
OLE-0335,31/10/2022,System Failure,Payments,34.51,4,1.28,1.35,1,3.9,16,1
ALE-0034,3/5/2022,Cyber-Fraud,Retail Banking,113.35,3,1.5,2.88,2.88,3.6,20,1
ALE-1039,11/2/2022,Data Breach,E-Banking,116.01,2,1.66,3.05,2.15,2.9,28,1
ALE-0341,15/6/2022,Tech Failure,Payments,57.75,5,2.89,3.5,3.63,3.6,20,2
ALE-0304,12/8/2022,Phishing,Online Services,252.18,3,1.85,2.59,1.74,3.9,26,2
OLE-0016,13/7/2023,Data Breach,ATM Network,85.61,4,0.49,1.1,1,3,14,0
ALE-0010,27/9/2022,System Failure,ATM Network,304.54,1,2.57,2.05,1.47,3.7,15,1
ALE-0201,14/11/2022,Data Breach,Payments,259.34,4,1.78,3.02,2.45,2.7,15,0
ALE-0887,22/9/2022,Phishing,Online Services,117.39,2,1.47,1.77,1.66,2.6,23,1
ALE-1050,14/4/2022,Data Breach,ATM Network,177.82,4,0.83,2.87,2.82,3.1,23,0
OLE-0571,14/7/2023,Data Breach,ATM Network,57.29,2,1.28,0.76,1,3.7,23,0
OLE-0655,8/9/2023,Cyber-Fraud,Retail Banking,43.98,1,1.48,1.16,1,3.7,18,0
OLE-0773,20/1/2022,Cyber-Fraud,Payments,51.84,1,1.3,1.16,1,3,21,1
ALE-1210,1/12/2022,Data Breach,Payments,310.6,3,0.81,2.95,2.21,3.7,25,2
OLE-0466,30/5/2022,Data Breach,Payments,108.06,2,0.95,0.87,1,3.4,24,2
ALE-0128,3/4/2022,System Failure,Retail Banking,163.62,4,0.88,2.41,1.91,2.8,20,1
OLE-0200,27/12/2022,Cyber-Fraud,Retail Banking,20.9,4,1.33,0.69,1,3.3,17,2
ALE-0507,13/11/2022,Data Breach,ATM Network,280.03,1,2.69,2.81,2.37,3.4,16,1
ALE-0345,5/12/2022,Data Breach,Online Services,243.47,5,0.82,1.69,1.37,3.1,27,1
ALE-0427,10/12/2022,System Failure,E-Banking,260.68,5,1.02,1.8,1.95,2.5,22,2
ALE-0142,31/3/2022,Data Breach,ATM Network,219.67,1,1.01,2.87,2.79,4,29,1
ALE-0619,13/2/2022,Tech Failure,Payments,178.62,1,1.91,2.12,2.4,3.1,22,1
ALE-0204,24/9/2022,Tech Failure,E-Banking,15.08,4,2.28,2.82,2.81,3.2,28,2
OLE-0592,5/1/2023,Tech Failure,Payments,23.21,3,1.26,1.24,1,2.6,16,1
ALE-0074,18/9/2022,Data Breach,E-Banking,81.7,2,1.76,1.82,1.49,3.8,29,2
ALE-1101,14/5/2022,Phishing,Payments,74.38,5,0.82,2.17,2.42,2.7,18,0
ALE-0750,30/5/2022,Cyber-Fraud,ATM Network,165.87,2,2.5,1.98,1.59,2.6,22,2
ALE-0654,26/10/2022,System Failure,Payments,128.79,2,2.48,2.19,2.61,2.8,25,0
ALE-0105,22/2/2022,Phishing,Retail Banking,110.68,3,2.97,2.38,1.64,3.3,19,0
ALE-0075,3/12/2022,Cyber-Fraud,ATM Network,39.09,5,1.51,3.49,2.51,3.4,25,1
OLE-0044,15/10/2023,Data Breach,Payments,40.51,2,1.25,1.36,1,3.4,19,1
ALE-1021,3/12/2022,Data Breach,E-Banking,223.67,3,1.21,1.67,1.73,2.8,19,0
OLE-0275,20/5/2023,Cyber-Fraud,ATM Network,59.91,3,0.93,0.57,1,3.1,22,0
ALE-0950,24/11/2022,Cyber-Fraud,ATM Network,72.29,4,2.86,3.49,3.93,3.4,27,1
OLE-0102,3/10/2022,Cyber-Fraud,ATM Network,43.37,5,1.32,0.55,1,3.4,24,0
ALE-0458,10/10/2022,Tech Failure,ATM Network,90.38,4,2.5,1.97,1.43,2.9,26,1
ALE-0649,27/7/2022,Tech Failure,Payments,137.16,2,2.34,1.87,1.36,2.6,22,2
ALE-0268,1/2/2022,Data Breach,Online Services,105.49,2,2.25,2.21,2.66,3.9,20,0
OLE-0108,7/6/2022,Cyber-Fraud,Retail Banking,84.46,1,0.95,0.58,1,3.2,14,1
ALE-0952,14/8/2022,Cyber-Fraud,E-Banking,85.65,1,1.08,2.11,2.13,2.9,24,2
OLE-0498,23/9/2022,System Failure,Retail Banking,70.23,5,0.3,1.4,1,2.5,17,0
ALE-1279,7/2/2022,Tech Failure,Online Services,96.06,3,2.8,2.23,2.24,2.7,19,0
ALE-0789,4/6/2022,Data Breach,Retail Banking,81.56,1,2.58,2.15,1.63,3.1,16,0
ALE-0109,24/4/2022,Phishing,E-Banking,128.52,5,2.99,2.93,2.34,3,18,2
ALE-0816,7/4/2022,System Failure,E-Banking,50.89,4,1.63,1.45,1.39,2.8,20,0
ALE-0384,30/4/2022,Phishing,E-Banking,234.74,1,1.24,2.36,1.86,3.9,28,1
ALE-0562,7/10/2022,Data Breach,Online Services,170.99,4,2.11,3.12,2.35,3.6,19,2
ALE-0796,1/5/2022,Data Breach,Payments,106.37,3,1.18,2.77,2.52,3.4,26,1
ALE-1044,16/8/2022,Cyber-Fraud,Retail Banking,173.55,4,2.7,2.1,1.8,3.9,29,0
OLE-0787,22/3/2023,Data Breach,ATM Network,30.81,5,0.79,0.54,1,3,14,2
ALE-0195,17/4/2022,Data Breach,ATM Network,136.5,1,2.44,3.17,2.76,2.7,28,0
OLE-0713,22/1/2023,System Failure,E-Banking,36.1,3,0.52,1.07,1,3.1,14,2
OLE-0073,10/11/2023,Data Breach,E-Banking,49.19,2,0.69,0.63,1,3.2,15,1
ALE-0106,26/7/2022,Tech Failure,Retail Banking,78.01,1,0.92,3.36,2.87,3.4,22,2
ALE-0517,6/7/2022,Cyber-Fraud,Retail Banking,288.74,2,1.34,2.82,3.24,3.9,25,0
ALE-0465,28/11/2022,Cyber-Fraud,ATM Network,209.84,1,1.04,2.18,2.51,3.4,20,2
ALE-0170,7/2/2022,Cyber-Fraud,Online Services,88.95,2,2.51,2.6,1.76,3.1,20,0
OLE-0482,25/12/2023,Tech Failure,E-Banking,5,5,0.82,0.63,1,3.1,19,2
ALE-0943,14/7/2022,Data Breach,ATM Network,66.81,3,1.4,1.39,1.1,3.5,21,1
OLE-0507,6/10/2023,Tech Failure,E-Banking,59.94,5,0.69,0.55,1,3.5,24,1
ALE-0243,11/12/2022,System Failure,ATM Network,373.43,2,0.83,1.59,1.26,2.5,17,1
ALE-0129,23/12/2022,Data Breach,Online Services,142.07,1,2.05,2.21,2.61,3.2,29,0
ALE-1284,25/11/2022,Tech Failure,Payments,65.88,4,1.07,2.36,1.61,3.5,22,1
ALE-1036,6/6/2022,System Failure,Online Services,28.91,5,2.15,2.65,2.02,3.4,20,2
ALE-1261,20/6/2022,Tech Failure,Retail Banking,162.05,2,2.47,3.13,2.35,3,23,2
ALE-0387,17/11/2022,Phishing,E-Banking,264.07,5,2.93,3.09,3.28,2.8,26,2
OLE-0312,25/4/2022,Data Breach,E-Banking,66.3,5,1.29,0.96,1,2.9,24,2
ALE-0193,11/7/2022,Phishing,Retail Banking,28.91,5,0.89,1.66,1.79,3,29,2
OLE-0406,28/6/2023,System Failure,Payments,89.55,2,1.01,0.9,1,4,15,1
ALE-0669,4/8/2022,Data Breach,ATM Network,298.04,2,0.91,1.22,1.5,2.5,29,1
ALE-0915,22/7/2022,System Failure,Retail Banking,31.71,5,2.7,2.1,1.97,2.9,24,0
ALE-0749,11/10/2022,Cyber-Fraud,ATM Network,139.35,1,1.52,2.44,2.57,3.7,24,0
ALE-0686,25/12/2022,Phishing,Retail Banking,144.16,5,1.57,2.22,2.63,3.7,19,0
OLE-0310,13/2/2022,Data Breach,Retail Banking,5,1,1,0.63,1,3.2,20,1
OLE-0227,13/1/2023,Data Breach,Retail Banking,76.47,3,0.6,0.75,1,3.1,23,0
OLE-0744,27/5/2023,Tech Failure,ATM Network,75.77,2,1.36,0.51,1,3.8,15,1
ALE-1188,30/6/2022,Data Breach,ATM Network,47.14,2,2.98,3.08,2.38,2.6,28,2
ALE-0995,2/12/2022,Cyber-Fraud,ATM Network,163.53,1,0.9,2.92,3.44,3.2,20,1
ALE-0710,27/5/2022,System Failure,E-Banking,127.34,2,2.04,2.67,1.8,2.6,20,2
ALE-1089,1/8/2022,Data Breach,Payments,77.87,4,1.02,1.49,1.77,4,27,2
ALE-1067,25/6/2022,Data Breach,Retail Banking,165.61,1,1.62,2.8,2.47,3.8,25,2
ALE-0720,17/7/2022,Tech Failure,Retail Banking,280.32,3,2.48,2.6,2.98,3.8,19,1
OLE-0149,2/11/2022,System Failure,E-Banking,48.08,5,0.77,0.92,1,3.1,21,0
ALE-0478,1/1/2022,Data Breach,Retail Banking,219.06,4,0.91,3.17,2.51,3.2,25,0
ALE-0254,13/3/2022,Phishing,E-Banking,72.51,2,2.41,1.27,1.03,3.6,19,2
OLE-0292,6/1/2023,Cyber-Fraud,Retail Banking,30.18,1,0.8,0.93,1,3.3,23,2
OLE-0693,19/8/2023,System Failure,Payments,60.07,2,0.47,0.59,1,2.5,19,0
OLE-0705,13/1/2023,Tech Failure,Retail Banking,64.41,3,0.65,0.98,1,4,15,0
ALE-0184,15/1/2022,Tech Failure,E-Banking,10,1,1.51,1.46,1.32,2.9,28,0
ALE-0198,2/5/2022,Data Breach,Online Services,135.25,1,2.07,1.58,1.78,2.5,24,0
OLE-0576,21/10/2022,Data Breach,E-Banking,61.31,2,0.91,1.27,1,2.6,23,0
OLE-0558,29/5/2023,Tech Failure,ATM Network,42.58,2,1.45,0.93,1,3.2,23,0
ALE-0398,27/5/2022,Phishing,E-Banking,194.96,5,2.97,2.43,2.76,3.7,22,2
OLE-0702,8/11/2022,Data Breach,Payments,43.12,2,1.42,0.96,1,2.8,20,2
ALE-0591,17/4/2022,Data Breach,Retail Banking,109.05,1,2.46,3.27,2.27,3.7,23,0
ALE-0453,9/9/2022,Cyber-Fraud,Online Services,211.5,3,1.18,1.9,1.85,2.7,23,2
ALE-0473,7/2/2022,System Failure,ATM Network,163.66,1,2.35,3.28,2.97,3.2,24,1
ALE-0882,28/1/2022,Data Breach,Payments,98.68,1,2.64,2.62,2.11,3.3,16,0
ALE-1183,19/12/2022,Data Breach,E-Banking,90.01,2,0.82,1.62,1.57,3.3,22,2
ALE-0459,8/12/2022,Tech Failure,Retail Banking,140.47,4,2.4,2.37,2.66,3.6,25,0
ALE-1164,8/5/2022,Tech Failure,E-Banking,266.87,3,2.18,2.24,2.62,3.5,24,1
OLE-0168,31/1/2022,Data Breach,Retail Banking,14.59,2,0.61,0.69,1,2.6,18,2
OLE-0731,11/9/2023,Tech Failure,E-Banking,5,1,1.43,1.42,1,3.4,23,0
ALE-0645,21/1/2022,Cyber-Fraud,Retail Banking,247.82,2,2.26,2.15,2.59,3.7,22,0
OLE-0287,21/7/2023,System Failure,Retail Banking,43.62,1,0.49,1.17,1,2.8,17,2
ALE-0958,9/7/2022,Tech Failure,ATM Network,163.66,5,2.08,3.47,4,2.9,15,0
ALE-0626,9/6/2022,Data Breach,E-Banking,217.26,4,2.97,1.43,1.3,3,16,0
OLE-0629,30/10/2022,Data Breach,Payments,112.8,2,1.24,0.91,1,2.5,16,2
OLE-0599,2/1/2022,Cyber-Fraud,ATM Network,5,1,1.13,1.16,1,2.6,21,2
ALE-0256,28/2/2022,Data Breach,Retail Banking,177.98,4,1.65,2.9,2.65,3.6,28,0
OLE-0378,4/9/2023,Tech Failure,Payments,52.73,3,1.48,0.71,1,2.6,15,0
ALE-1120,23/3/2022,Cyber-Fraud,Online Services,51.08,1,2.58,2.08,1.84,3.8,25,2
ALE-1193,17/10/2022,Tech Failure,Payments,36.98,5,1.21,3.34,2.75,2.7,17,0
ALE-0940,13/1/2022,Tech Failure,E-Banking,129.13,4,1.49,1.39,1.24,3.6,27,1
ALE-0328,8/3/2022,System Failure,ATM Network,204.34,3,2.88,1.43,1.45,3.2,25,2
ALE-0534,10/2/2022,Phishing,ATM Network,199.45,2,2.19,1.73,1.21,3.8,27,2
ALE-0545,28/11/2022,Data Breach,Retail Banking,10,2,2.4,3.5,2.34,3.6,19,0
OLE-0042,23/3/2022,Cyber-Fraud,ATM Network,48.33,2,0.42,0.95,1,3.6,14,2
OLE-0817,28/1/2023,Cyber-Fraud,ATM Network,21.03,4,0.8,0.75,1,3,23,0
ALE-0505,3/4/2022,Cyber-Fraud,Retail Banking,116.76,1,1.63,3.26,4.04,3.5,19,1
ALE-0768,2/2/2022,System Failure,ATM Network,245.02,3,2.65,2.54,2.47,3.3,28,1
OLE-0818,3/4/2022,Tech Failure,Retail Banking,33.84,3,0.97,0.86,1,3.7,18,0
OLE-0610,25/5/2022,Cyber-Fraud,Payments,11.73,5,1.25,1.49,1,2.9,19,0
ALE-0333,26/8/2022,Tech Failure,E-Banking,208.06,3,2.38,2.09,2.2,3.4,19,1
ALE-0166,31/12/2022,Phishing,E-Banking,130.76,1,0.9,3.04,2.49,2.8,24,1
ALE-0759,4/5/2022,Tech Failure,Online Services,138.3,1,1.94,3.18,2.53,2.8,19,0
ALE-0742,1/9/2022,Phishing,Online Services,235.92,2,2.34,2.34,2.12,3.9,19,2
ALE-0300,9/7/2022,Data Breach,Retail Banking,67.39,5,2.57,1.3,1.22,2.6,19,1
OLE-0494,5/10/2022,Data Breach,ATM Network,5,2,1.23,1.21,1,3.4,21,0
ALE-0747,30/3/2022,System Failure,Online Services,218.03,2,2.55,1.55,1.23,3,17,0
OLE-0278,18/4/2023,Data Breach,E-Banking,69.24,4,0.94,0.64,1,3.7,15,1
OLE-0758,30/7/2022,System Failure,Retail Banking,32.18,2,1.45,1.28,1,3.4,14,2
ALE-1258,11/3/2022,Cyber-Fraud,Retail Banking,83.33,2,1.26,3.19,2.92,3.6,15,1
OLE-0359,21/8/2022,System Failure,ATM Network,7.23,1,0.83,1.34,1,2.7,16,2
ALE-0503,27/9/2022,Cyber-Fraud,Online Services,152.54,1,2.35,3.16,2.86,3.9,16,1
OLE-0237,25/5/2023,Tech Failure,E-Banking,35.64,2,1.23,0.85,1,3.7,15,0
OLE-0552,9/7/2023,Data Breach,ATM Network,5,2,0.61,1.12,1,3.7,16,1
OLE-0521,3/3/2023,Cyber-Fraud,ATM Network,56.07,1,1.49,0.94,1,3.9,16,0
ALE-0693,28/10/2022,Data Breach,Payments,191.9,4,1.61,1.6,1.84,3,22,0
OLE-0209,24/11/2023,Cyber-Fraud,Retail Banking,5,1,1.23,1.02,1,3,24,0
ALE-0718,28/10/2022,Tech Failure,Payments,173.4,3,1.8,2.57,1.73,3,17,1
OLE-0721,1/10/2022,System Failure,ATM Network,22.15,2,1.05,0.86,1,3.7,17,0
ALE-0080,15/11/2022,Data Breach,Online Services,82.4,5,1.54,2.51,1.79,2.6,21,0
ALE-0912,4/7/2022,Cyber-Fraud,Payments,206.45,4,2.41,1.31,1.11,3.2,17,0
ALE-0726,18/2/2022,Phishing,E-Banking,119.22,5,1.73,2.1,1.81,3.7,29,0
OLE-0059,5/1/2023,Cyber-Fraud,Payments,62.55,2,0.46,0.92,1,3.7,18,1
OLE-0632,7/10/2023,Tech Failure,Payments,43.75,5,0.95,0.63,1,2.9,14,1
ALE-1062,7/12/2022,System Failure,Retail Banking,322.23,3,2.95,1.35,0.94,3,17,0
ALE-0343,4/2/2022,System Failure,Retail Banking,178.27,1,1.49,1.23,1.42,2.9,18,0
OLE-0593,13/2/2023,Tech Failure,E-Banking,20.59,4,1.4,0.55,1,3,20,1
ALE-0929,31/8/2022,Phishing,E-Banking,266.73,5,1.03,2.24,1.96,3.1,26,1
OLE-0364,24/11/2023,System Failure,E-Banking,88.88,2,1.1,1.43,1,2.9,14,1
OLE-0506,5/1/2023,Data Breach,Retail Banking,63.89,5,1.33,1.36,1,3.6,22,1
ALE-0005,10/7/2022,System Failure,Online Services,99.94,3,1.78,1.22,0.89,3,25,0
ALE-0820,6/1/2022,Data Breach,Payments,85.9,3,1.06,2.7,1.93,3.9,27,0
ALE-0957,19/6/2022,Tech Failure,Retail Banking,146.54,3,2.4,3.11,3.5,2.7,17,0
OLE-0734,3/1/2023,Cyber-Fraud,Retail Banking,10.14,4,0.95,0.77,1,3.6,16,1
ALE-0519,17/6/2022,Cyber-Fraud,Online Services,159.04,1,2.9,1.77,1.35,3.2,20,1
ALE-1206,23/8/2022,Tech Failure,Retail Banking,49.34,3,0.88,2.97,2.14,2.8,28,2
ALE-0842,9/9/2022,Phishing,ATM Network,118.56,4,2.95,2.54,1.81,3.9,28,1
ALE-0578,28/5/2022,Data Breach,Retail Banking,207.81,5,2.54,2.42,2.41,3.5,25,1
ALE-0183,9/2/2022,Tech Failure,Payments,201.99,2,2.95,2.95,2.69,2.5,22,0
OLE-0119,24/4/2022,Tech Failure,Retail Banking,55.75,1,0.8,1.48,1,3.5,15,1
ALE-0556,11/6/2022,System Failure,ATM Network,231.5,3,3,1.59,1.19,2.8,26,0
OLE-0707,31/10/2022,Cyber-Fraud,Payments,76.93,5,0.59,0.78,1,3.1,23,0
ALE-1073,9/6/2022,Tech Failure,E-Banking,178.42,5,1.47,1.5,1.4,2.8,22,1
OLE-0746,24/4/2023,Data Breach,Retail Banking,103.85,3,0.47,1.2,1,3.5,15,2
OLE-0523,30/4/2023,Cyber-Fraud,Retail Banking,28.56,3,0.38,1.22,1,3.9,14,0
ALE-0486,25/9/2022,Data Breach,E-Banking,125.03,2,1.8,1.99,1.55,3.6,20,1
ALE-0187,21/2/2022,Cyber-Fraud,ATM Network,245.14,3,2.47,1.25,0.91,2.5,21,0
OLE-0514,28/3/2023,Cyber-Fraud,ATM Network,57.94,5,1.41,0.64,1,3,17,2
OLE-0082,4/10/2023,System Failure,Payments,5,2,0.97,1.31,1,3.6,16,0
ALE-0922,11/8/2022,Phishing,Payments,164.95,2,1.59,2.13,1.49,2.7,25,2
ALE-0528,4/1/2022,Tech Failure,Retail Banking,246.99,3,2.51,1.73,1.48,3.2,17,1
ALE-1218,24/12/2022,System Failure,E-Banking,157.27,5,1.37,2.93,2.82,3.1,28,1
OLE-0381,1/2/2023,Tech Failure,E-Banking,29.06,2,0.36,0.55,1,3.5,20,1
ALE-0656,8/1/2022,System Failure,Retail Banking,238.49,4,2.63,2.78,3.41,3,23,2
ALE-1055,11/5/2022,Data Breach,Payments,287.07,1,1.81,3.15,2.37,3.4,28,1
OLE-0085,16/12/2023,Tech Failure,Payments,56.93,4,1.19,0.7,1,3.9,22,2
ALE-1041,1/6/2022,Cyber-Fraud,Payments,150.83,1,1.84,3.43,3.23,3.1,16,0
OLE-0673,8/11/2023,Tech Failure,Retail Banking,54.53,1,0.86,0.57,1,3.7,17,0
OLE-0775,11/6/2022,System Failure,Payments,56.97,4,1.13,1.15,1,3.8,20,1
OLE-0330,12/9/2023,System Failure,ATM Network,89.93,4,0.89,0.9,1,2.7,18,0
OLE-0007,23/12/2023,Data Breach,ATM Network,40.9,5,0.34,1.49,1,2.7,18,1
ALE-0313,8/4/2022,System Failure,ATM Network,226.04,3,2.86,1.22,1.46,2.8,23,1
ALE-0980,4/10/2022,System Failure,Online Services,151.61,1,2.56,3.46,2.38,3.6,27,1
ALE-1276,1/9/2022,Tech Failure,Retail Banking,280.82,2,1.24,2.45,2.01,3.4,29,1
ALE-0140,18/12/2022,Phishing,Online Services,73.23,1,2.14,2.97,2.67,3.2,27,1
OLE-0165,10/7/2022,Tech Failure,Retail Banking,37.59,4,0.68,1.39,1,3.4,22,0
ALE-0616,25/9/2022,Phishing,ATM Network,252.68,2,1.49,2.08,2.56,3.6,15,0
OLE-0452,8/4/2023,System Failure,Retail Banking,16.47,1,1.45,0.65,1,3.2,20,0
OLE-0491,29/6/2022,Data Breach,E-Banking,56.73,3,1.27,1.11,1,2.9,22,0
ALE-0617,27/6/2022,Cyber-Fraud,Online Services,148.55,3,2.15,1.92,1.29,3.2,21,2
ALE-0824,1/5/2022,Phishing,Retail Banking,233.88,2,0.96,1.82,2.13,3.6,28,2
OLE-0288,22/7/2023,Tech Failure,Payments,48.88,5,0.5,0.5,1,3.6,19,1
ALE-1107,31/3/2022,Tech Failure,Retail Banking,193.43,3,1.58,1.75,1.83,3.9,29,1
OLE-0088,15/4/2022,System Failure,Payments,38.01,2,1.04,0.86,1,3.7,17,0
ALE-0695,18/4/2022,System Failure,E-Banking,171.91,2,0.9,1.56,1.74,3.4,25,0
ALE-0131,12/3/2022,System Failure,E-Banking,200.56,3,1.89,2.17,2,2.8,23,2
ALE-0697,3/11/2022,Tech Failure,ATM Network,75.93,4,2.65,2.19,2.03,2.5,18,0
ALE-0049,10/5/2022,Tech Failure,E-Banking,100.5,1,2.27,1.2,0.88,2.6,29,2
ALE-0657,19/12/2022,Phishing,ATM Network,171.48,2,1.72,1.6,1.82,3.4,22,0
ALE-1069,13/12/2022,Data Breach,Online Services,10,3,1.25,3.31,2.36,2.8,24,0
ALE-0589,6/10/2022,Phishing,Online Services,212.24,1,2.44,3.12,2.98,2.6,22,0
ALE-0595,23/7/2022,Phishing,Online Services,254.41,1,2.25,3.12,2.62,2.5,19,2
ALE-0306,16/12/2022,Phishing,E-Banking,224.34,4,1.35,2.43,1.89,3.5,24,1
ALE-0378,6/10/2022,System Failure,ATM Network,382.01,4,2.82,3.34,3.38,3.1,18,2
ALE-0412,22/10/2022,Cyber-Fraud,Retail Banking,94.4,1,1.08,2.93,2.59,2.7,28,1
ALE-1011,25/11/2022,Data Breach,E-Banking,234.6,3,2.07,2.57,2.52,3,23,2
OLE-0328,13/4/2023,Cyber-Fraud,Retail Banking,27.54,2,1.1,1.34,1,2.8,17,1
ALE-0785,9/5/2022,Phishing,Payments,196.16,1,2.77,3.19,2.24,2.9,22,1
OLE-0443,19/11/2023,Cyber-Fraud,ATM Network,51.22,3,1.13,0.75,1,3,23,0
OLE-0835,22/1/2022,Cyber-Fraud,ATM Network,39.58,5,1.34,1.14,1,2.7,16,1
ALE-0479,24/2/2022,System Failure,E-Banking,117.58,4,2.77,3.24,2.75,3.5,22,1
ALE-0554,6/5/2022,System Failure,E-Banking,239.29,2,2.79,1.66,2.03,2.5,24,0
OLE-0833,17/1/2023,System Failure,ATM Network,86.76,2,1.5,0.79,1,2.9,16,1
ALE-0369,25/5/2022,System Failure,E-Banking,90.68,2,0.94,1.33,1.43,3.9,18,2
OLE-0349,9/2/2022,Cyber-Fraud,ATM Network,49.08,2,1.38,1.1,1,3.4,20,1
ALE-0223,30/3/2022,Phishing,ATM Network,143.95,5,1.16,2.33,1.72,3.5,21,1
OLE-0178,23/8/2023,Cyber-Fraud,ATM Network,100.86,1,0.66,0.74,1,3,16,2
ALE-0917,14/2/2022,Data Breach,E-Banking,128.96,5,1.98,3.07,3.23,3.7,21,0
ALE-0087,4/9/2022,Phishing,E-Banking,110.36,1,0.93,2.56,1.72,2.8,20,0
ALE-0048,18/1/2022,Data Breach,E-Banking,190.52,3,1.38,3.28,3.2,3.3,18,2
OLE-0087,20/8/2023,Tech Failure,Payments,101.81,3,0.47,1.16,1,2.5,20,0
ALE-0744,25/10/2022,System Failure,Online Services,225.76,5,0.84,3.09,2.18,3.8,28,0
ALE-1240,24/4/2022,Cyber-Fraud,E-Banking,51.65,5,2.43,2.9,2.64,2.7,26,0
ALE-0994,3/2/2022,Data Breach,Online Services,46.27,5,1.44,2.68,2.88,3,25,0
OLE-0458,13/12/2023,Data Breach,Payments,37.87,2,1.49,0.83,1,3.1,21,1
OLE-0778,8/12/2023,System Failure,Payments,75.67,4,1.33,1.18,1,3.8,15,0
ALE-0466,3/4/2022,Tech Failure,ATM Network,239.04,3,2.25,3.23,2.68,3,19,2
OLE-0643,1/6/2022,Cyber-Fraud,ATM Network,67.74,1,0.83,0.54,1,3.2,14,0
ALE-1198,11/8/2022,Cyber-Fraud,Retail Banking,132.02,3,1.08,3.14,2.37,2.8,28,2
OLE-0055,21/3/2022,System Failure,Payments,5.12,3,0.5,0.57,1,3.7,16,2
ALE-0889,19/8/2022,Phishing,E-Banking,204.51,5,2.22,1.25,0.96,2.6,21,1
ALE-0800,10/11/2022,Cyber-Fraud,E-Banking,162.7,5,1.07,1.46,1.72,3.6,29,1
OLE-0644,16/3/2022,Tech Failure,ATM Network,70.41,2,0.93,0.53,1,3.5,18,0
ALE-0148,20/9/2022,Cyber-Fraud,ATM Network,161.54,5,1.57,2.14,2.63,2.9,20,2
OLE-0678,18/3/2023,Data Breach,E-Banking,12.84,4,0.31,0.97,1,3.5,23,2
OLE-0222,10/1/2023,System Failure,Retail Banking,17.04,1,0.56,0.96,1,3.9,20,2
OLE-0114,21/1/2022,Cyber-Fraud,E-Banking,110.57,4,0.84,0.9,1,2.6,18,2
ALE-0920,22/1/2022,Tech Failure,ATM Network,308.7,4,1.12,1.27,0.87,3.3,21,2
ALE-0532,13/11/2022,Data Breach,Online Services,84.2,5,1.75,1.67,1.76,2.5,29,0
ALE-0815,20/11/2022,Data Breach,E-Banking,121.59,1,1.44,3.17,2.11,3,20,1
OLE-0175,13/9/2022,Cyber-Fraud,ATM Network,5,3,0.54,1.26,1,3.1,24,0
ALE-0852,3/9/2022,Cyber-Fraud,E-Banking,110.05,4,2.33,2.12,2.27,3,27,2
OLE-0590,24/5/2023,System Failure,ATM Network,43.27,5,1.47,0.69,1,3.2,23,1
ALE-0116,18/6/2022,System Failure,Retail Banking,125.22,1,1.08,2.23,1.63,3.8,20,0
ALE-0931,8/9/2022,System Failure,ATM Network,200.91,4,2.03,2.86,2.68,3,29,2
OLE-0019,1/2/2022,System Failure,Payments,53.61,1,0.69,1.13,1,3.4,18,2
OLE-0424,1/6/2023,Data Breach,E-Banking,5,2,1.31,0.98,1,3.7,16,1
ALE-0666,13/7/2022,Data Breach,ATM Network,200.51,1,2.37,1.87,1.82,3.2,15,1
OLE-0286,18/2/2022,Data Breach,Retail Banking,5,1,1.33,1.18,1,3.8,20,2
ALE-0936,19/5/2022,Tech Failure,ATM Network,136.78,2,2.7,2.23,2.11,4,28,1
OLE-0429,10/5/2022,Cyber-Fraud,Payments,23.57,4,0.69,0.63,1,3.2,19,0
ALE-0856,18/5/2022,Data Breach,E-Banking,121.53,3,2.85,1.54,1.2,3.9,29,0
ALE-0951,8/12/2022,System Failure,Retail Banking,216.55,2,2.58,3.26,4.03,3.9,29,1
OLE-0670,11/5/2023,Data Breach,Retail Banking,41.53,5,0.79,1.48,1,2.9,20,0
OLE-0032,1/9/2023,System Failure,E-Banking,62.66,2,0.61,0.8,1,3.6,17,2
ALE-0260,21/12/2022,Cyber-Fraud,ATM Network,95.71,5,1.06,1.63,1.85,3,15,1
OLE-0723,19/11/2022,Data Breach,E-Banking,57.84,4,0.65,0.95,1,2.7,20,0
ALE-1255,7/3/2022,Data Breach,Online Services,138.8,3,1.95,2.07,2.49,3,24,2
ALE-0436,22/9/2022,Phishing,Online Services,223.34,2,0.85,2,1.53,3.7,20,1
OLE-0215,31/12/2023,Data Breach,Retail Banking,77.1,4,1.07,1.31,1,3.9,19,1
ALE-0221,5/3/2022,System Failure,E-Banking,243.8,5,1.06,2.03,1.37,3.9,17,1
ALE-0897,28/9/2022,Tech Failure,ATM Network,284.26,1,2.74,1.62,1.17,2.7,28,0
ALE-1032,14/11/2022,Phishing,E-Banking,259.82,1,2.83,3.32,3.31,3.6,22,2
OLE-0327,24/9/2023,Tech Failure,ATM Network,52.85,1,1.06,1.1,1,2.8,19,1
OLE-0561,27/1/2022,Cyber-Fraud,Retail Banking,49.62,2,1.33,0.92,1,3,19,0
ALE-0407,28/6/2022,Cyber-Fraud,E-Banking,20.81,2,1.38,2.34,2.14,3.7,22,1
OLE-0701,6/9/2023,Data Breach,Payments,5,2,0.94,1.13,1,3.3,20,2
ALE-0618,23/10/2022,Data Breach,E-Banking,157.62,2,2.31,1.94,1.64,2.7,22,1
ALE-0487,7/9/2022,Data Breach,E-Banking,114.38,3,2.15,3.37,4.04,2.5,26,2
OLE-0342,11/11/2022,Data Breach,E-Banking,80.24,2,1.29,0.56,1,3.1,22,1
OLE-0630,19/3/2022,System Failure,ATM Network,5,2,0.38,1.1,1,3.6,15,2
OLE-0148,20/7/2023,Tech Failure,Retail Banking,90.21,1,1.28,1.03,1,3.8,20,0
ALE-0495,6/11/2022,Phishing,Retail Banking,324.15,1,1.27,1.35,1.15,2.6,23,0
OLE-0361,13/5/2022,Cyber-Fraud,E-Banking,76.43,2,0.77,1.25,1,2.7,14,0
OLE-0084,31/5/2022,Data Breach,Retail Banking,31.37,3,1.13,0.88,1,3.3,17,1
ALE-0725,8/1/2022,Cyber-Fraud,Payments,21.29,2,1.6,3.22,3.89,4,24,2
OLE-0049,26/7/2023,Tech Failure,ATM Network,29.96,1,0.69,0.52,1,2.7,16,1
OLE-0469,29/1/2022,Cyber-Fraud,ATM Network,56.01,1,0.97,1.46,1,2.6,20,1
ALE-0024,11/4/2022,Phishing,Retail Banking,179.33,3,1.42,1.29,0.86,3.2,26,0
OLE-0156,19/2/2022,System Failure,ATM Network,27.66,5,0.78,1.41,1,3.7,22,2
ALE-0133,25/5/2022,Tech Failure,Retail Banking,63.68,2,1.56,2.02,2.51,3.8,25,2
ALE-0319,2/7/2022,Phishing,ATM Network,70.9,4,1.29,1.33,0.98,2.7,18,2
ALE-0499,1/5/2022,Cyber-Fraud,Retail Banking,159.63,4,1.54,1.21,0.82,3.4,26,1
ALE-0734,7/2/2022,System Failure,E-Banking,115.84,4,2.13,2.62,2.24,3.6,18,1
ALE-0502,5/3/2022,System Failure,E-Banking,113.03,2,0.84,2.51,2.43,2.5,29,1
ALE-1051,16/1/2022,Phishing,Payments,191.44,3,1.59,3.1,2.78,3.3,21,0
OLE-0856,31/12/2022,Tech Failure,ATM Network,47.41,1,0.58,0.7,1,2.6,16,2
OLE-0501,26/8/2022,System Failure,Retail Banking,20.43,2,1.46,0.93,1,3.4,20,1
ALE-1139,12/10/2022,System Failure,ATM Network,149.72,2,2.37,1.95,1.94,3.3,18,0
OLE-0180,23/5/2023,Tech Failure,ATM Network,24.13,2,1.06,1.14,1,3.7,22,2
ALE-0336,21/6/2022,Data Breach,Payments,179.78,2,0.97,3.01,2.17,2.7,22,1
ALE-1129,29/11/2022,Data Breach,Payments,65.27,3,1.47,2.49,1.96,2.5,25,2
ALE-0152,29/6/2022,System Failure,Payments,180.39,5,2.98,1.43,1.32,2.6,18,0
OLE-0179,31/12/2023,Tech Failure,Payments,71.68,2,0.87,1.19,1,3.6,19,1
ALE-0904,12/5/2022,Tech Failure,Payments,10,2,2.63,1.24,1.41,4,22,2
ALE-0606,16/6/2022,Cyber-Fraud,E-Banking,127.49,5,2.57,2.89,2.87,2.6,25,0
ALE-0971,14/4/2022,Phishing,Retail Banking,99.79,5,0.97,2.18,1.86,3.8,25,2
ALE-0081,5/5/2022,Phishing,E-Banking,120.11,4,1.91,3.43,3.45,3.7,24,1
ALE-0975,3/1/2022,Tech Failure,E-Banking,266.36,4,2.47,2.7,2.51,3.4,27,2
OLE-0529,3/10/2023,Cyber-Fraud,E-Banking,53.47,3,0.81,0.56,1,2.8,19,2
OLE-0347,9/11/2023,Tech Failure,Payments,57.86,1,0.92,1.37,1,3.1,20,0
ALE-0719,18/1/2022,Phishing,E-Banking,279.38,2,2.19,1.93,2.01,3.8,20,2
ALE-1269,7/5/2022,Tech Failure,Online Services,235.73,2,0.9,1.56,1.45,2.8,18,0
OLE-0210,30/7/2022,System Failure,Retail Banking,28.25,4,0.96,1.38,1,3.5,24,0
ALE-0881,10/12/2022,System Failure,Payments,68.41,1,1.63,3.13,3.07,3.4,23,1
OLE-0386,15/12/2023,Data Breach,Payments,10.96,4,0.44,1.43,1,3.5,22,1
ALE-0207,17/11/2022,Phishing,Online Services,97.25,4,1.64,2.23,1.5,3,21,2
ALE-0978,19/12/2022,Data Breach,Payments,185.73,3,1.73,3.31,2.88,3.1,26,1
OLE-0602,1/11/2022,System Failure,Payments,101.96,2,0.88,0.57,1,3.3,21,2
ALE-1212,30/7/2022,Cyber-Fraud,ATM Network,117.77,3,2.13,1.48,1.25,2.5,19,2
OLE-0244,27/7/2022,Data Breach,E-Banking,27.47,3,0.62,1.02,1,2.9,23,1
ALE-0664,16/11/2022,Tech Failure,Payments,66.26,5,1.7,1.64,1.24,2.7,20,2
OLE-0803,27/12/2023,System Failure,Retail Banking,57.03,5,0.52,1.08,1,2.7,17,1
ALE-0079,21/4/2022,System Failure,Online Services,275.35,1,2.59,3.4,2.4,3.9,29,1
ALE-0584,22/9/2022,Phishing,Payments,176.22,4,1.75,1.75,1.42,2.8,29,0
ALE-0817,6/2/2022,Cyber-Fraud,Retail Banking,22.94,3,1.27,2.78,1.89,3.2,28,1
OLE-0313,20/6/2022,Tech Failure,ATM Network,75.45,4,0.85,1.48,1,3.7,23,0
OLE-0436,8/3/2022,Cyber-Fraud,ATM Network,5,5,0.41,0.57,1,3.8,16,0
ALE-1239,11/1/2022,Data Breach,ATM Network,80.57,5,2.31,2,1.73,3.9,21,2
OLE-0137,11/10/2023,Tech Failure,ATM Network,78.51,1,1.49,1.13,1,3.3,14,1
OLE-0309,15/6/2023,Tech Failure,Payments,91.08,1,0.59,0.71,1,3.1,23,2
ALE-0111,20/12/2022,Phishing,Payments,98.93,2,0.96,3.39,3.54,3.9,27,0
OLE-0431,14/8/2023,System Failure,Retail Banking,47.5,5,0.42,0.9,1,3.6,24,1
OLE-0661,9/5/2023,Tech Failure,ATM Network,84.49,4,0.43,0.7,1,4,22,0
ALE-0261,15/11/2022,Cyber-Fraud,Payments,40.31,4,1.69,1.52,1.32,2.7,27,0
ALE-0832,19/11/2022,Phishing,Online Services,182.28,4,2.35,3.03,2.37,2.8,26,0
OLE-0371,11/1/2023,System Failure,ATM Network,44.13,1,1.1,0.91,1,3.1,15,2
OLE-0567,31/5/2023,Tech Failure,Payments,5,1,1.29,0.6,1,3.7,16,0
ALE-0092,26/2/2022,Phishing,Payments,10,3,2.35,2.75,2.56,2.5,23,2
ALE-0374,28/3/2022,System Failure,Online Services,99.22,4,1.65,1.56,1.21,2.7,25,0
ALE-1111,4/2/2022,Phishing,ATM Network,122.93,5,2.28,3.14,3.22,3.8,15,0
OLE-0825,10/6/2023,System Failure,E-Banking,5.12,2,1.32,1.3,1,2.9,16,0
ALE-0125,2/12/2022,Data Breach,Payments,285.14,2,1.75,1.73,1.49,2.9,15,2
OLE-0182,13/7/2023,Cyber-Fraud,ATM Network,65.39,5,1.29,1.31,1,3.8,16,1
ALE-0218,14/8/2022,Data Breach,ATM Network,301,4,2.39,2.96,3.43,3.3,28,1
OLE-0622,10/4/2023,Cyber-Fraud,ATM Network,44.67,1,1.2,0.74,1,2.7,20,1
ALE-0186,2/6/2022,Cyber-Fraud,ATM Network,215.1,2,1.25,1.77,1.18,2.7,15,2
ALE-0490,14/8/2022,Data Breach,ATM Network,146.95,3,1.61,2.18,2.07,3.7,16,1
ALE-1225,14/2/2022,Phishing,ATM Network,190.58,2,1.81,1.66,1.21,2.7,17,2
OLE-0814,10/7/2022,System Failure,Payments,78.74,2,1.44,0.57,1,3.2,20,0
ALE-0758,6/4/2022,Data Breach,E-Banking,38.14,5,2,2.81,1.93,3.5,25,1
OLE-0407,3/12/2022,Data Breach,Retail Banking,78.55,4,0.81,1.33,1,3.7,14,0
OLE-0779,22/5/2022,Data Breach,ATM Network,58.93,5,0.66,1.25,1,2.8,20,0
ALE-0363,15/11/2022,Data Breach,E-Banking,209.62,2,1.35,2.68,2.7,3.3,16,0
OLE-0297,8/1/2023,System Failure,ATM Network,58.42,1,0.86,1.37,1,2.8,16,1
ALE-0636,28/1/2022,Tech Failure,Payments,97.54,5,1.92,3.05,2.35,3.1,28,2
OLE-0462,10/9/2022,Tech Failure,ATM Network,17.9,2,0.76,0.72,1,3.2,24,2
ALE-1138,26/2/2022,Data Breach,E-Banking,144.85,5,2.45,2.07,1.47,3.1,17,0
ALE-0474,4/4/2022,System Failure,E-Banking,72.3,2,1.97,1.66,1.66,3.6,23,0
ALE-0156,1/12/2022,Data Breach,Retail Banking,19.13,3,1.58,2.68,2.76,2.7,29,0
ALE-0500,31/8/2022,Cyber-Fraud,E-Banking,105.65,4,2.15,2.9,2.17,3.9,17,2
ALE-0696,5/6/2022,Data Breach,Payments,158.61,4,2.73,1.43,1.46,3.6,15,1
OLE-0127,21/4/2022,System Failure,Payments,58.5,4,1.49,0.57,1,2.6,16,1
ALE-0030,5/8/2022,Cyber-Fraud,E-Banking,71.38,3,2.46,3.3,2.78,3.3,21,1
ALE-0150,25/10/2022,Tech Failure,Online Services,197.48,5,1.1,2.78,1.93,3.4,16,0
OLE-0356,3/3/2023,System Failure,Retail Banking,90.95,2,0.92,1.2,1,3.9,15,0
ALE-0845,7/4/2022,Tech Failure,E-Banking,129.59,4,2.95,2.04,2.16,3.9,15,2
OLE-0683,22/7/2023,System Failure,Retail Banking,14.98,2,0.48,1.32,1,2.9,16,2
ALE-0883,9/3/2022,System Failure,Retail Banking,151.69,5,2.29,2.92,3.32,2.8,24,2
ALE-0233,5/4/2022,Tech Failure,E-Banking,304.82,3,1.12,2.89,2.37,3.5,27,2
ALE-0127,11/4/2022,System Failure,Payments,235.16,4,2.88,1.97,1.65,2.6,18,1
ALE-1110,26/12/2022,Cyber-Fraud,E-Banking,112.46,2,1.91,2.97,2.1,2.7,23,0
OLE-0141,13/10/2022,System Failure,E-Banking,16.39,3,1.37,0.94,1,3.4,16,1
ALE-1125,22/12/2022,Phishing,E-Banking,74.65,1,1.63,2.36,2.76,3.5,28,2
ALE-0662,5/5/2022,Phishing,Online Services,149.16,1,1.98,2.49,2.33,2.9,23,2
ALE-0411,6/8/2022,Phishing,Payments,10,2,2.82,2.1,1.51,2.5,28,2
ALE-0926,8/11/2022,Phishing,Payments,124.24,5,0.84,1.28,1.12,2.9,18,1
ALE-0388,26/4/2022,System Failure,ATM Network,157.62,3,2.65,1.92,1.38,3.1,21,2
ALE-0307,9/12/2022,System Failure,Retail Banking,250.07,2,2.55,2.03,1.39,3.3,24,0
ALE-0766,11/10/2022,Tech Failure,ATM Network,123.46,1,2.3,2,2.11,3.1,22,2
OLE-0712,18/5/2023,Data Breach,Retail Banking,15.85,4,0.56,1.31,1,2.8,19,2
ALE-0216,6/10/2022,Phishing,ATM Network,188.54,1,0.85,1.33,1.59,3.9,25,0
ALE-1045,19/10/2022,Phishing,Retail Banking,87.42,1,2.04,1.23,1.13,2.6,25,0
OLE-0011,5/7/2023,Cyber-Fraud,E-Banking,5,4,0.45,0.63,1,2.7,15,1
ALE-0522,20/2/2022,Data Breach,Payments,107.21,4,1.77,1.58,1.06,2.6,19,2
ALE-0498,22/10/2022,Cyber-Fraud,E-Banking,84.97,3,2.72,2.19,2.01,3.6,17,1
OLE-0755,23/10/2023,Cyber-Fraud,Payments,82.9,4,1.1,1.34,1,2.8,23,2
OLE-0627,2/9/2022,Data Breach,Retail Banking,78.19,4,1.29,0.64,1,3.6,23,0
ALE-1174,26/6/2022,System Failure,Retail Banking,270.21,1,1.09,2,1.48,3.4,28,0
OLE-0130,4/4/2023,Cyber-Fraud,Payments,34.53,1,1.35,0.5,1,2.8,15,1
OLE-0844,23/12/2023,Tech Failure,ATM Network,69.69,2,0.37,1.02,1,2.7,14,0
OLE-0324,14/4/2022,Data Breach,E-Banking,17.84,3,0.86,0.94,1,3.2,19,0
ALE-0890,22/12/2022,Phishing,E-Banking,143.35,3,1.45,1.79,1.68,3,16,0
OLE-0015,14/8/2023,System Failure,Retail Banking,83.17,3,1.43,1.33,1,3.5,22,1
ALE-0660,1/10/2022,Phishing,Retail Banking,145.73,4,1.37,1.97,1.75,3.9,25,2
OLE-0216,10/7/2023,Tech Failure,Retail Banking,51.82,4,0.95,0.56,1,3.5,23,0
ALE-0330,19/8/2022,System Failure,E-Banking,152.61,3,2.02,3.28,2.69,3.2,29,0
ALE-0572,25/5/2022,Phishing,Online Services,43.68,5,2.23,1.71,1.99,3,16,2
ALE-1085,11/5/2022,Data Breach,Payments,83.35,1,1.86,3.18,2.23,3.9,15,0
ALE-0007,3/6/2022,Tech Failure,ATM Network,133.69,1,2.67,2.15,2.45,2.6,20,1
OLE-0517,28/3/2023,System Failure,E-Banking,62.72,4,0.93,0.67,1,2.8,20,0
OLE-0598,26/2/2022,System Failure,ATM Network,18.81,1,0.71,1.3,1,2.6,24,0
OLE-0196,28/11/2022,System Failure,E-Banking,81.8,5,0.44,0.54,1,3.3,24,0
OLE-0289,11/12/2023,System Failure,E-Banking,61.23,1,0.8,1.23,1,3.8,23,1
ALE-0093,31/7/2022,Data Breach,Online Services,299.35,2,2.61,2.6,2.34,3.9,19,2
ALE-0483,7/3/2022,System Failure,Retail Banking,112,4,2.03,1.63,1.46,3.4,28,0
ALE-0706,21/5/2022,Phishing,Retail Banking,213.17,2,1.23,2.68,2.39,3.7,28,2
OLE-0550,6/4/2022,System Failure,Payments,54.73,4,1.44,1.24,1,3.4,24,0
OLE-0157,28/3/2023,System Failure,ATM Network,81.44,4,1.11,0.78,1,3,23,1
OLE-0420,26/2/2022,System Failure,E-Banking,28.27,3,1.46,0.64,1,2.7,24,0
ALE-0065,4/7/2022,Cyber-Fraud,ATM Network,192.38,3,1.43,2.17,1.73,2.5,28,1
OLE-0478,27/2/2023,System Failure,ATM Network,31.18,1,0.79,1.48,1,2.8,19,2
ALE-0762,29/7/2022,Data Breach,Online Services,82.6,4,0.89,2.17,1.93,3.7,20,1
OLE-0554,5/11/2022,Tech Failure,Payments,74.74,2,0.74,1.29,1,3.9,20,1
OLE-0391,1/12/2022,Tech Failure,E-Banking,41.34,5,0.94,1.04,1,2.9,17,2
OLE-0579,6/11/2023,System Failure,E-Banking,55.58,1,1.02,1.2,1,2.9,16,1
ALE-1074,24/11/2022,Data Breach,Online Services,181.87,4,0.83,2.44,2.03,3.9,15,0
ALE-0892,18/12/2022,System Failure,Payments,211.2,2,2.69,1.74,1.28,2.8,20,0
ALE-1077,9/9/2022,Data Breach,Payments,167.43,2,1.62,2.6,2.62,3.5,23,1
OLE-0821,30/9/2022,Cyber-Fraud,ATM Network,60.83,1,0.58,1.36,1,3,18,0
ALE-1200,4/2/2022,System Failure,ATM Network,182.6,3,2.02,2.5,1.9,2.9,23,0
ALE-0149,21/11/2022,Data Breach,Payments,254.34,3,1.28,2.21,1.64,3.7,17,0
ALE-1181,12/9/2022,Tech Failure,ATM Network,203.08,4,2.04,1.38,1.1,3.3,15,1
OLE-0665,18/1/2023,Tech Failure,ATM Network,59.7,5,1.24,1.2,1,3.8,19,0
ALE-0849,13/3/2022,Cyber-Fraud,Online Services,234.97,4,1.91,1.82,1.55,3.8,24,1
OLE-0143,26/7/2022,Data Breach,Retail Banking,23.12,3,1.19,1.01,1,3.5,19,1
ALE-0863,30/3/2022,Data Breach,Retail Banking,173.89,3,2.63,2.87,2.12,2.9,20,0
ALE-0484,9/12/2022,System Failure,ATM Network,167.99,1,1.44,2,1.51,3.8,18,0
OLE-0422,12/7/2022,System Failure,Retail Banking,39.68,2,0.6,1.15,1,2.8,22,1
OLE-0800,20/3/2023,System Failure,ATM Network,83.22,5,0.7,1.02,1,4,14,2
OLE-0616,3/8/2022,Tech Failure,ATM Network,82.72,3,1.12,1.07,1,3.4,24,0
OLE-0296,6/4/2022,Cyber-Fraud,Retail Banking,42.96,1,1.11,0.91,1,3.8,24,1
OLE-0402,19/5/2022,Cyber-Fraud,E-Banking,78.48,1,1.26,1.22,1,3.5,20,2
OLE-0089,16/4/2022,Cyber-Fraud,Retail Banking,33.44,3,0.38,1.08,1,3.3,17,1
ALE-0651,26/3/2022,System Failure,Payments,120.16,3,2.34,1.25,0.89,3.5,26,0
ALE-1256,17/9/2022,Data Breach,Retail Banking,36.08,5,1.81,2.15,2.23,3.7,28,0
OLE-0132,21/8/2023,System Failure,E-Banking,46.39,2,1.46,0.63,1,3.6,16,2
ALE-0294,9/8/2022,Tech Failure,Payments,173.82,2,1.37,2.25,2.74,3.1,28,1
ALE-0359,12/8/2022,System Failure,Retail Banking,28.29,4,2.93,3.11,3.11,3,27,1
ALE-0668,14/7/2022,Data Breach,ATM Network,74.42,2,1.92,2.8,3.19,3.3,17,2
ALE-1134,29/10/2022,Cyber-Fraud,E-Banking,172.59,2,0.86,2.97,3.39,2.5,25,1
OLE-0725,29/3/2022,System Failure,Retail Banking,63.57,3,1.26,0.84,1,3.7,14,2
ALE-0799,24/9/2022,Data Breach,Payments,139.26,3,1.81,1.96,2.15,2.8,24,2
OLE-0270,9/10/2023,System Failure,ATM Network,45.77,3,1.17,0.51,1,3.4,14,2
ALE-0687,24/7/2022,Cyber-Fraud,Payments,95.76,3,2.94,2.77,2.54,3.6,17,2
ALE-0060,23/3/2022,Tech Failure,Online Services,63.13,3,1.52,1.3,1.13,3.3,24,0
ALE-0809,21/7/2022,System Failure,Payments,141.48,2,1.07,2.64,3.3,2.5,15,2
ALE-1146,1/1/2022,Cyber-Fraud,Retail Banking,194.78,1,2.91,1.21,1.45,2.7,20,0
OLE-0376,21/3/2022,Tech Failure,Payments,91.21,5,1.29,1.07,1,3.5,16,1
OLE-0334,3/4/2022,Data Breach,Payments,50.04,4,0.56,1.19,1,3.4,22,2
ALE-0457,25/9/2022,Cyber-Fraud,Online Services,103.62,4,1.64,2.56,2.04,3.2,26,0
ALE-1135,7/4/2022,System Failure,E-Banking,70.95,4,2.48,3.36,3.82,3.6,29,1
ALE-0053,31/3/2022,Cyber-Fraud,ATM Network,171.67,1,0.94,2.68,2.21,3.8,17,2
OLE-0777,27/5/2023,Data Breach,ATM Network,89.22,1,1.13,1.49,1,2.9,24,2
ALE-0421,16/10/2022,Phishing,ATM Network,199.05,2,1.87,3.11,2.12,3.5,18,2
OLE-0329,29/8/2023,Data Breach,Payments,65.69,3,0.84,0.95,1,3.5,19,2
ALE-1052,31/5/2022,System Failure,Online Services,10,1,2.2,2.55,2.65,3.5,28,0
OLE-0013,13/2/2023,Data Breach,ATM Network,82.19,2,1.09,1.48,1,3.1,15,1
ALE-0040,3/2/2022,Cyber-Fraud,Retail Banking,135.22,5,2.49,3.34,2.28,3.1,24,2
OLE-0172,24/10/2022,Data Breach,Payments,83.82,3,0.46,1.09,1,3.4,19,0
OLE-0261,31/3/2022,Tech Failure,Payments,61.72,3,0.62,0.79,1,3.5,19,1
ALE-0966,1/10/2022,System Failure,E-Banking,162.83,3,2.36,2.54,2.71,2.6,15,2
ALE-0745,8/5/2022,Data Breach,Online Services,127.79,5,1.81,3.29,2.31,3.9,19,1
ALE-0044,11/1/2022,Phishing,Payments,189.3,2,2.77,3.44,2.45,2.7,28,1
OLE-0259,12/10/2022,Data Breach,E-Banking,49.18,2,0.52,1.47,1,2.7,22,0
OLE-0845,4/7/2023,Data Breach,Retail Banking,72.86,5,0.69,1.44,1,3,16,2
OLE-0139,27/5/2023,Tech Failure,Retail Banking,25.76,4,0.44,0.59,1,3.9,17,2
OLE-0320,9/10/2023,Tech Failure,Retail Banking,34.89,4,1.09,0.73,1,2.5,21,1
ALE-0874,28/2/2022,Tech Failure,Online Services,155.86,5,1.17,2.54,2.23,3.6,22,2
ALE-0969,4/11/2022,Data Breach,ATM Network,151.88,1,0.95,3.45,2.8,2.8,25,0
ALE-0475,6/11/2022,System Failure,Payments,89.39,4,2.43,2.58,3.07,3.7,15,0
OLE-0559,8/8/2023,System Failure,ATM Network,19.59,2,1.1,1.01,1,3.1,21,1
OLE-0140,10/7/2023,Tech Failure,Payments,28.54,1,0.38,1.46,1,2.5,20,2
ALE-1105,15/10/2022,System Failure,E-Banking,97.63,4,1.38,3.35,2.99,2.7,25,1
OLE-0532,16/2/2022,System Failure,Retail Banking,20.73,3,1.06,0.62,1,2.6,16,1
OLE-0225,21/4/2023,Data Breach,ATM Network,21.31,2,1.23,1,1,2.5,23,0
OLE-0724,13/11/2023,System Failure,Payments,80.7,1,0.39,0.69,1,3.2,24,0
ALE-1086,21/12/2022,Phishing,E-Banking,217.71,3,1.65,3.37,2.37,3.3,25,0
ALE-1187,27/5/2022,Phishing,Online Services,250.01,4,1.82,1.4,1.67,3.1,18,0
OLE-0326,4/2/2022,Data Breach,Payments,48.14,3,0.5,1,1,3.5,22,0
ALE-1185,21/2/2022,Cyber-Fraud,Payments,121.68,5,0.93,3.17,2.15,3.5,17,2
ALE-0371,30/5/2022,Phishing,E-Banking,103.71,1,1.83,2.13,1.91,4,16,0
OLE-0715,12/1/2023,Tech Failure,Payments,53.67,2,0.32,1.04,1,3.2,19,1
OLE-0847,26/9/2023,System Failure,Retail Banking,78.95,1,0.7,1.34,1,3,19,1
OLE-0194,15/6/2023,System Failure,E-Banking,77.91,5,1.42,1.33,1,2.7,22,2
OLE-0574,22/3/2023,System Failure,Payments,50.85,1,1.05,0.56,1,3,21,0
ALE-0089,10/8/2022,Phishing,Payments,237.57,1,2.19,2.23,2.39,3.3,20,1
OLE-0504,13/12/2023,Cyber-Fraud,ATM Network,51.37,1,1.09,1.14,1,2.5,14,0
ALE-1027,20/12/2022,Cyber-Fraud,Online Services,53.62,4,2.33,2.97,2.19,2.6,17,0
ALE-0461,10/8/2022,Tech Failure,Retail Banking,153.14,3,1.27,1.82,1.8,3.3,27,0
ALE-1165,21/10/2022,System Failure,Retail Banking,189.16,2,1.93,2.43,2.14,3.5,29,1
OLE-0004,9/2/2023,System Failure,E-Banking,41.14,3,1.36,0.94,1,3,23,1
ALE-0445,16/10/2022,Cyber-Fraud,ATM Network,125.11,4,2.52,3,2.58,3.8,18,0
OLE-0468,12/7/2022,Data Breach,E-Banking,30.94,2,0.47,1.01,1,2.6,21,2
OLE-0006,14/7/2022,Cyber-Fraud,E-Banking,15.64,5,0.73,1.03,1,3.7,21,2
ALE-0701,2/7/2022,Cyber-Fraud,Retail Banking,136.98,4,0.98,1.76,1.31,3.3,23,0
OLE-0548,26/6/2023,System Failure,Payments,82.47,2,1.19,1.05,1,3.8,21,1
OLE-0229,21/9/2022,System Failure,Retail Banking,28.07,3,0.37,0.94,1,2.9,14,1
ALE-0206,1/4/2022,Tech Failure,E-Banking,191.07,2,2.67,3.15,3,3.7,20,2
OLE-0543,12/10/2022,Data Breach,Retail Banking,31.57,2,0.98,1.43,1,3.4,24,0
OLE-0243,24/3/2023,Cyber-Fraud,Payments,71.16,5,0.48,0.88,1,3.1,23,1
ALE-0041,7/8/2022,System Failure,Payments,74.48,1,1.45,2.33,2.1,3.6,18,1
ALE-0429,5/11/2022,Tech Failure,ATM Network,152.67,3,2.73,3.26,2.58,3,25,0
ALE-0303,5/8/2022,System Failure,E-Banking,127.09,1,2.38,3.37,2.88,3.3,17,0
ALE-0907,29/10/2022,Data Breach,Online Services,164.59,2,2.7,2.8,3.48,3.4,28,2
ALE-0376,23/6/2022,System Failure,E-Banking,102.19,2,1.01,2.37,2.59,3.1,17,0
OLE-0843,2/9/2022,Cyber-Fraud,ATM Network,54.41,4,0.92,1.48,1,3.9,19,1
ALE-0755,21/2/2022,Tech Failure,E-Banking,170.11,1,1.96,2.15,2.18,4,26,2
ALE-0452,3/7/2022,Phishing,Online Services,51.39,5,1.46,1.24,0.87,2.8,25,0
OLE-0277,11/6/2022,Data Breach,Payments,83.21,5,0.79,1.37,1,3.5,19,1
OLE-0662,30/4/2022,Data Breach,Payments,58.9,1,1.02,0.77,1,2.5,16,0
ALE-0511,12/4/2022,Cyber-Fraud,ATM Network,210.72,2,1.47,2.84,3.39,3.2,22,1
OLE-0315,23/6/2023,Tech Failure,Retail Banking,78.06,5,1.06,1.36,1,3.7,22,1
OLE-0692,27/9/2022,Data Breach,Payments,28.55,3,0.77,1.39,1,3.7,17,1
ALE-1092,31/5/2022,Phishing,Online Services,36.07,2,1.94,3.06,2.78,3.6,28,1
OLE-0425,14/3/2023,Cyber-Fraud,E-Banking,80.22,2,0.36,1.39,1,3.4,20,0
OLE-0595,15/11/2022,System Failure,Retail Banking,111.82,2,1.21,0.89,1,3.4,15,2
ALE-1270,22/5/2022,Cyber-Fraud,Payments,132.64,4,2.74,3.36,3.23,2.9,26,0
OLE-0623,16/3/2022,Data Breach,E-Banking,64.79,3,1.15,1.15,1,3.8,15,1
ALE-0731,24/8/2022,Cyber-Fraud,E-Banking,180.96,1,1.88,1.49,1.85,3.5,28,0
ALE-1250,16/9/2022,Data Breach,E-Banking,270.96,5,2.27,2.03,1.72,3.2,25,2
OLE-0228,3/12/2022,Tech Failure,Payments,36.44,3,1.45,0.99,1,3.3,20,0
ALE-0413,28/7/2022,Tech Failure,ATM Network,138.87,2,1.47,2.45,3.01,3.3,23,1
ALE-0312,6/8/2022,Phishing,Retail Banking,198.5,5,1.38,2.21,2.69,3.7,15,0
ALE-0652,9/4/2022,System Failure,E-Banking,134.57,2,1.68,3.47,2.52,3.2,25,1
ALE-0390,5/6/2022,System Failure,Retail Banking,216.55,2,1.03,2.33,1.74,2.8,26,2
OLE-0067,11/9/2023,Data Breach,Retail Banking,52.66,5,0.36,0.54,1,3.6,14,0
OLE-0025,11/12/2023,Cyber-Fraud,ATM Network,53.13,4,1.42,0.85,1,2.7,17,0
OLE-0145,1/10/2022,Cyber-Fraud,ATM Network,43.39,3,0.84,0.97,1,3.4,19,0
OLE-0537,5/7/2023,Data Breach,Retail Banking,34.63,5,1.3,1.15,1,3.1,14,1
OLE-0812,4/5/2022,System Failure,Retail Banking,74.33,5,1.08,1.28,1,3.7,17,1
ALE-0415,13/7/2022,System Failure,Online Services,133.52,4,1.47,1.45,1.28,3.5,21,0
OLE-0086,13/8/2023,Data Breach,Payments,57.09,3,1.31,0.97,1,3.3,23,2
ALE-0653,8/2/2022,Phishing,Payments,113.2,2,1.69,1.24,0.9,3,28,0
ALE-0481,13/9/2022,Cyber-Fraud,Payments,156.54,3,1.23,3.44,3.79,2.9,20,2
ALE-0623,5/10/2022,Tech Failure,Online Services,147.8,1,2.2,3.24,2.95,3,20,0
ALE-1186,3/4/2022,Tech Failure,Payments,244.93,2,1.6,2.69,2.8,3.3,25,0
ALE-1195,15/3/2022,Data Breach,Retail Banking,173.31,4,1.82,2.72,2.01,3.6,24,0
ALE-0699,5/8/2022,System Failure,Retail Banking,257.56,3,1.19,2.98,2.04,2.7,27,2
ALE-1257,3/9/2022,System Failure,Payments,133.7,1,2.24,2.72,2.16,2.7,19,1
OLE-0363,28/10/2022,Cyber-Fraud,Payments,52.94,1,0.64,0.92,1,2.9,18,2
ALE-0967,7/8/2022,Phishing,E-Banking,270.9,1,2.42,3.33,2.99,2.8,25,1
ALE-0450,15/4/2022,Tech Failure,ATM Network,147.61,2,1.83,2.21,1.99,3.1,24,0
ALE-0169,1/4/2022,System Failure,Payments,174.76,1,1.54,1.45,1.47,3.8,18,2
ALE-0173,28/10/2022,Phishing,Online Services,207.41,4,1.03,3.37,2.48,2.8,24,1
ALE-0869,21/12/2022,System Failure,ATM Network,117.62,4,0.97,2.32,2.45,2.8,20,1
ALE-0680,31/5/2022,System Failure,E-Banking,218.78,1,2.96,1.34,0.94,3.7,28,0
ALE-0716,4/5/2022,Cyber-Fraud,Payments,125.52,1,1.76,3.43,2.34,3.7,18,2
OLE-0666,18/9/2022,Cyber-Fraud,ATM Network,88.51,4,1.32,0.79,1,3.5,14,2
OLE-0365,3/7/2022,Data Breach,E-Banking,14.83,2,1.04,1.1,1,3.3,19,1
OLE-0078,12/12/2022,Data Breach,ATM Network,32.51,4,0.36,0.82,1,3.6,22,1
OLE-0028,26/11/2022,System Failure,E-Banking,73.19,4,0.52,1.03,1,3.6,21,0
ALE-0773,18/3/2022,Data Breach,Payments,66.79,5,2.1,1.23,1.54,3.4,21,0
OLE-0526,25/5/2023,Cyber-Fraud,Payments,36.39,2,1.34,0.51,1,3.7,23,2
OLE-0726,25/9/2023,Cyber-Fraud,Payments,5,2,1.01,1.43,1,3.6,16,2
OLE-0056,23/2/2023,Cyber-Fraud,Payments,76.46,4,1.04,1.13,1,2.8,18,2
OLE-0639,10/11/2022,Tech Failure,Retail Banking,64.19,5,0.3,0.76,1,3.3,20,0
OLE-0303,8/1/2022,Tech Failure,E-Banking,23.45,4,1.17,1.16,1,3.6,24,1
OLE-0719,22/7/2022,System Failure,Retail Banking,68.49,5,0.85,1.25,1,2.7,15,1
OLE-0625,28/2/2022,Cyber-Fraud,Retail Banking,30.53,3,1.45,0.75,1,3,17,2
OLE-0008,27/7/2023,Data Breach,E-Banking,61.39,5,1.07,0.72,1,2.8,24,0
OLE-0804,11/8/2023,Tech Failure,Retail Banking,78.63,4,0.44,1.16,1,3,23,2
ALE-0192,25/4/2022,Phishing,Online Services,89.82,3,2.9,2.81,2.97,2.5,24,0
OLE-0337,21/3/2023,Tech Failure,Retail Banking,35.27,4,0.83,1.03,1,4,22,2
OLE-0048,18/7/2022,Cyber-Fraud,E-Banking,92.06,2,1.05,1.17,1,3.3,19,2
ALE-0823,14/1/2022,Data Breach,Payments,263.17,2,1.25,2.94,2.16,3.3,26,0
OLE-0107,14/1/2023,Cyber-Fraud,E-Banking,56.02,1,1.48,0.73,1,3.1,24,0
OLE-0350,7/4/2023,System Failure,Retail Banking,85.19,1,1.24,0.75,1,3.9,24,0
ALE-0222,31/7/2022,Data Breach,Payments,231.15,3,2.37,2.78,2.72,2.9,23,0
OLE-0239,16/7/2023,Tech Failure,Retail Banking,60.43,1,1.01,0.56,1,3,22,1
OLE-0214,1/6/2023,Data Breach,Payments,62.99,4,1.04,1.4,1,3.8,24,0
ALE-0287,30/1/2022,Phishing,Payments,91.55,5,2.03,2.64,3.04,3.9,27,0
ALE-0563,19/4/2022,Tech Failure,Online Services,165.54,1,1.1,2.56,2.51,2.6,29,1
ALE-0739,24/10/2022,System Failure,ATM Network,174.77,4,0.89,1.38,0.97,3.7,23,2
OLE-0794,7/12/2022,Cyber-Fraud,Retail Banking,5,1,1.48,1.34,1,2.6,16,2
ALE-0239,30/9/2022,System Failure,Online Services,150.55,3,2.13,3.1,2.82,2.9,27,0
ALE-0477,9/7/2022,System Failure,Online Services,150.55,4,2.99,2.34,2.53,3.3,24,2
ALE-0609,10/1/2022,System Failure,E-Banking,109.19,5,2.83,1.98,1.72,3.2,16,2
ALE-0935,20/12/2022,System Failure,Online Services,293.64,2,2.66,2.38,1.76,2.8,22,0
ALE-1034,15/9/2022,Phishing,Online Services,248.76,4,2.22,1.9,1.33,3.4,26,1
OLE-0524,17/1/2022,Cyber-Fraud,ATM Network,65.64,4,0.91,0.85,1,3.1,14,1
OLE-0233,26/3/2022,Cyber-Fraud,E-Banking,100.51,3,0.81,0.83,1,3.8,20,2
OLE-0645,30/8/2023,Cyber-Fraud,Payments,5,2,0.62,0.93,1,4,20,0
ALE-0854,14/2/2022,Cyber-Fraud,Retail Banking,119.53,2,2.64,1.24,0.91,3.9,15,0
OLE-0534,22/12/2022,Cyber-Fraud,E-Banking,35.97,4,0.83,0.98,1,2.8,14,1
ALE-0855,11/5/2022,Cyber-Fraud,Online Services,140.26,1,2.08,2.4,2.33,3.3,22,2
OLE-0604,28/12/2022,Tech Failure,Payments,62.6,1,0.86,1.36,1,3,15,1
ALE-1222,3/12/2022,System Failure,Retail Banking,302.99,3,2.25,2.91,2.6,2.6,24,2
ALE-0217,26/6/2022,Tech Failure,E-Banking,169.25,2,2.24,3.4,4.24,2.9,23,2
ALE-0624,15/4/2022,Tech Failure,E-Banking,179.65,3,1.06,1.89,1.28,3.4,22,2
OLE-0061,22/9/2022,Data Breach,ATM Network,14.17,5,1.45,0.99,1,2.7,24,2
ALE-0574,29/4/2022,Tech Failure,Payments,206.13,1,2.44,1.7,2.02,2.7,29,1
OLE-0093,7/12/2023,Data Breach,ATM Network,64.4,3,1.22,1.23,1,2.9,14,0
OLE-0667,24/6/2022,Tech Failure,Payments,14.16,3,0.56,1.12,1,2.6,14,2
ALE-0404,19/10/2022,Cyber-Fraud,Payments,176.11,1,2.94,1.33,1.11,3.8,20,0
ALE-0977,16/5/2022,Phishing,ATM Network,216.84,1,1.03,1.38,1.14,2.8,18,0
OLE-0281,12/4/2022,Cyber-Fraud,Payments,72.12,5,0.49,0.57,1,2.8,18,1
ALE-0513,2/1/2022,System Failure,Retail Banking,221.34,3,2.06,3.26,2.88,3.9,26,1
OLE-0360,15/9/2022,System Failure,E-Banking,74.39,2,0.56,0.84,1,3.2,22,0
ALE-0424,25/3/2022,Data Breach,E-Banking,238.38,1,2.88,2.11,2.22,3.1,18,1
ALE-0612,4/3/2022,Phishing,Retail Banking,139.53,4,1.4,2.57,1.89,2.7,29,2
OLE-0848,31/8/2023,Cyber-Fraud,ATM Network,75.88,4,0.57,1.43,1,3.9,16,0
ALE-0349,1/4/2022,System Failure,Retail Banking,69.1,4,2.54,3.24,3.25,3.2,22,0
ALE-0705,28/10/2022,Data Breach,Retail Banking,70.22,1,1.55,2.94,2.49,3.8,25,2
OLE-0111,27/10/2023,Tech Failure,E-Banking,53.85,4,1.21,1.02,1,2.8,18,2
OLE-0043,9/4/2022,System Failure,Payments,17.23,5,1.18,1.27,1,2.9,18,1
OLE-0126,1/1/2022,Data Breach,Retail Banking,110.45,4,1.19,0.61,1,3,21,2
OLE-0205,10/3/2022,Tech Failure,Payments,5,1,0.45,0.91,1,3.2,19,0
OLE-0053,19/10/2023,Tech Failure,ATM Network,71.77,5,0.32,1.1,1,3,16,0
OLE-0546,4/4/2022,Tech Failure,Payments,16.79,1,0.4,0.65,1,2.9,14,0
OLE-0069,17/7/2022,Data Breach,Payments,57.07,4,1.23,1.16,1,2.8,24,1
ALE-0432,20/7/2022,System Failure,Online Services,39.03,5,1.81,3.28,3.02,3.3,16,1
ALE-0896,26/6/2022,Phishing,Retail Banking,10,2,1.7,1.84,1.5,3.5,15,1
OLE-0184,12/3/2022,Tech Failure,E-Banking,23.82,3,0.96,1.13,1,3.4,15,0
OLE-0138,5/7/2023,Cyber-Fraud,E-Banking,101.32,4,1,1.5,1,3.8,18,0
ALE-0042,2/10/2022,Cyber-Fraud,Online Services,153.59,2,1.18,1.81,1.57,2.7,18,2
OLE-0797,26/9/2022,Cyber-Fraud,ATM Network,29.23,2,1.45,1.18,1,3.9,18,2
OLE-0133,27/5/2023,Tech Failure,ATM Network,72.16,4,1.48,1.12,1,3.3,20,0
OLE-0081,14/1/2023,Tech Failure,Retail Banking,66.97,5,0.41,1.08,1,3.8,18,2
ALE-0827,5/9/2022,Phishing,Payments,190.81,2,2.59,3.01,2.12,3.3,26,0
ALE-0888,6/3/2022,System Failure,Online Services,211.17,3,2.02,1.88,2,3,28,1
OLE-0542,25/10/2022,Cyber-Fraud,Payments,75.85,2,0.48,1.1,1,3.7,14,0
ALE-0948,15/1/2022,Cyber-Fraud,Retail Banking,235.54,3,1.38,1.98,2.26,3.5,15,1
ALE-0126,23/3/2022,Data Breach,Online Services,50.45,5,0.95,2.65,1.81,3.3,21,1
OLE-0166,13/1/2023,Cyber-Fraud,E-Banking,82.13,5,0.65,1.46,1,3.1,19,0
OLE-0249,28/6/2023,Tech Failure,E-Banking,63.19,4,1.11,0.94,1,3.3,14,2
OLE-0447,29/4/2022,Tech Failure,Payments,19.21,4,0.78,1.26,1,3.2,24,1
ALE-0444,10/4/2022,Tech Failure,Retail Banking,232.17,4,2.29,1.35,1.33,2.9,22,2
ALE-0001,3/7/2022,Tech Failure,Online Services,80.29,4,2.71,1.6,1.15,3.8,25,0
ALE-1148,27/11/2022,Data Breach,Online Services,249.89,2,2.95,3.02,2.02,3.8,17,1
OLE-0098,10/6/2022,Cyber-Fraud,E-Banking,65.86,4,0.46,0.58,1,3.6,15,2
OLE-0806,17/7/2023,Data Breach,ATM Network,111.01,4,1.41,1,1,3.5,15,2
OLE-0738,28/7/2023,Tech Failure,ATM Network,43.27,2,0.43,1.35,1,3.3,21,1
ALE-0566,12/2/2022,System Failure,Payments,221.51,2,0.91,2.73,3.21,3.6,19,1
OLE-0103,20/4/2023,Cyber-Fraud,ATM Network,10.59,3,0.72,1.4,1,2.5,21,2
OLE-0435,20/7/2023,System Failure,E-Banking,36.91,4,0.42,0.68,1,4,21,2
OLE-0075,25/9/2022,System Failure,E-Banking,25.13,3,0.96,0.89,1,2.7,17,1
ALE-1171,28/1/2022,Tech Failure,E-Banking,237.97,5,1.87,1.7,1.93,3.2,28,1
ALE-0501,30/3/2022,Tech Failure,E-Banking,88.1,4,1.83,1.49,1.19,2.6,21,2
ALE-0565,10/11/2022,Data Breach,E-Banking,130.14,2,2.69,2.4,2.57,3.8,27,2
ALE-0373,24/2/2022,Phishing,Retail Banking,136.92,5,1.65,2.49,1.83,3.1,15,2
ALE-0061,28/6/2022,Tech Failure,ATM Network,178.41,1,2.24,2.1,2.24,3.6,19,0
ALE-1080,12/3/2022,Phishing,ATM Network,86.5,5,2.24,3.33,3.42,3.8,29,0
ALE-1033,10/9/2022,Phishing,Retail Banking,172.63,4,2.19,2.36,2.02,3.9,27,2
ALE-0976,3/8/2022,Phishing,ATM Network,169.84,2,1.67,1.44,1.04,3.3,21,0
OLE-0763,20/9/2022,Data Breach,E-Banking,33.38,5,0.75,0.87,1,3.3,14,0
ALE-0132,24/6/2022,System Failure,E-Banking,112.45,3,1.7,1.87,2.31,3.4,23,1
OLE-0389,3/8/2022,Tech Failure,Payments,68.31,4,1.13,1.15,1,2.8,16,1
OLE-0236,4/7/2023,Data Breach,Retail Banking,56.41,4,0.65,1.38,1,3.2,21,2
ALE-0853,31/3/2022,System Failure,Online Services,138.35,3,1.57,2.19,1.59,3.6,15,0
OLE-0268,6/6/2022,Cyber-Fraud,Retail Banking,45.75,1,0.56,1.23,1,3.4,19,1
ALE-0485,27/6/2022,Tech Failure,ATM Network,197.81,1,2.27,3.48,2.76,3.6,25,2
OLE-0118,25/7/2022,Data Breach,E-Banking,41.84,4,1.28,0.81,1,3.7,19,2
ALE-0961,25/2/2022,Cyber-Fraud,ATM Network,202.26,3,1.3,1.66,1.16,2.9,22,1
OLE-0674,15/7/2023,Tech Failure,Retail Banking,61.41,1,0.92,1.01,1,2.7,16,1
OLE-0250,18/6/2022,Tech Failure,Retail Banking,73.37,2,0.5,1.29,1,3.6,15,0
ALE-0790,8/1/2022,System Failure,ATM Network,202.6,1,1.33,2.77,3.22,2.9,22,1
ALE-1286,29/11/2022,System Failure,Retail Banking,172.05,4,2.38,1.84,1.42,3.3,29,1
OLE-0095,27/5/2022,Tech Failure,Payments,106.54,1,0.98,1.48,1,2.7,24,0
OLE-0034,16/8/2023,Tech Failure,ATM Network,58.37,4,1.34,0.72,1,2.6,18,2
ALE-0802,30/9/2022,Tech Failure,E-Banking,232.99,2,1.29,1.95,2.05,3.1,21,2
ALE-1030,3/10/2022,Tech Failure,Online Services,234.37,5,2.35,2.95,2.53,3.9,27,1
OLE-0449,27/11/2022,Cyber-Fraud,Payments,45.76,1,0.91,0.66,1,3.5,14,2
OLE-0717,13/12/2022,System Failure,ATM Network,18.62,5,0.56,1.11,1,2.6,16,1
ALE-1088,3/6/2022,Phishing,E-Banking,10,2,2.41,3.42,2.5,3.9,26,1
ALE-1175,27/3/2022,Data Breach,Payments,166.92,3,2.15,1.36,0.97,2.9,15,0
OLE-0001,11/2/2023,Cyber-Fraud,E-Banking,59.71,5,0.82,0.6,1,3.1,21,2
ALE-0702,27/2/2022,Phishing,E-Banking,181.19,2,2.71,2.23,1.5,3.9,20,1
ALE-0244,23/6/2022,Cyber-Fraud,Online Services,141.65,2,1.93,2.46,2.99,2.8,29,1
ALE-0251,4/2/2022,Cyber-Fraud,E-Banking,229.52,4,2.63,2.63,2.08,2.8,24,2
ALE-0530,24/5/2022,Data Breach,ATM Network,147.56,5,1.42,2.35,2.83,2.8,19,0
OLE-0083,23/8/2023,Data Breach,E-Banking,24.33,2,1.09,0.81,1,3.6,20,2
ALE-0602,27/11/2022,System Failure,ATM Network,162.02,2,1.34,3.42,4.24,3.8,24,1
OLE-0677,22/11/2022,System Failure,Payments,42.18,4,0.98,1.33,1,4,18,1
ALE-0788,8/11/2022,System Failure,Retail Banking,198.39,1,2.12,1.38,1.38,3,27,2
ALE-0189,5/2/2022,System Failure,Online Services,276.93,3,0.87,1.52,1.24,2.8,22,0
OLE-0771,12/3/2023,Tech Failure,ATM Network,41.37,2,0.95,0.96,1,3.9,20,2
ALE-0518,17/3/2022,Cyber-Fraud,Retail Banking,79.19,1,1.2,1.23,0.92,3.8,18,2
ALE-0594,20/3/2022,Tech Failure,Payments,140.43,4,1.71,2.17,1.68,3.9,27,2
ALE-0933,8/10/2022,System Failure,Online Services,134.79,5,2.7,1.58,1.93,2.6,15,1
ALE-0833,1/6/2022,Phishing,Retail Banking,189.5,5,2.75,1.4,1.26,3.8,19,0
OLE-0405,4/6/2022,Cyber-Fraud,Payments,5,5,1.18,1.45,1,3.7,24,2
ALE-1097,4/8/2022,Data Breach,ATM Network,76.81,2,2.43,1.93,1.45,2.5,15,0
ALE-0615,4/5/2022,System Failure,ATM Network,126.96,4,1.4,1.64,1.16,3.6,16,1
ALE-1167,9/8/2022,System Failure,Online Services,57.17,2,2.54,1.84,1.33,3.5,15,1
OLE-0105,13/4/2023,Data Breach,ATM Network,73.83,2,0.53,0.84,1,3,18,0
OLE-0689,21/5/2022,System Failure,Retail Banking,33.01,5,0.47,1.16,1,3.6,15,1
ALE-1281,16/8/2022,Data Breach,Payments,199.92,1,2.36,1.33,1.07,3.6,27,2
OLE-0827,5/9/2022,System Failure,Payments,19.65,5,1.01,1.39,1,3.8,19,0
ALE-0383,24/12/2022,Data Breach,Retail Banking,54.07,5,1.26,3.27,2.8,2.7,15,2
OLE-0063,14/2/2023,Cyber-Fraud,Retail Banking,85.05,3,0.75,0.89,1,3.2,18,1
ALE-0448,29/4/2022,System Failure,E-Banking,49.02,3,0.87,2.75,2.54,3.2,22,1
OLE-0853,10/11/2023,System Failure,E-Banking,76.35,1,0.39,1.04,1,3.8,24,1
ALE-0941,7/1/2022,Cyber-Fraud,Payments,153.11,5,2.58,1.63,1.72,3,27,1
ALE-0405,1/11/2022,Data Breach,Payments,158.55,5,1.14,2.12,2.01,3.3,20,1
OLE-0224,12/12/2022,Cyber-Fraud,Payments,89.51,2,0.87,1.22,1,2.9,14,2
OLE-0146,30/9/2022,Tech Failure,Payments,5,1,0.56,0.54,1,2.7,23,2
ALE-0231,19/4/2022,Cyber-Fraud,Online Services,165.34,2,2.25,1.88,1.98,2.7,17,0
OLE-0374,8/8/2023,System Failure,Payments,18.3,5,0.89,0.8,1,3.4,22,0
ALE-0757,2/11/2022,Cyber-Fraud,Online Services,97.65,4,1.11,1.43,1.63,3.4,15,1
ALE-0285,28/7/2022,System Failure,ATM Network,10,5,2.22,1.97,1.48,3.5,24,2
ALE-1201,29/8/2022,Data Breach,Retail Banking,120.95,3,1.8,2.26,2.05,3.3,26,1
ALE-1009,27/1/2022,Data Breach,ATM Network,154.51,3,1.14,1.77,1.55,3.6,26,2
ALE-0417,9/11/2022,Data Breach,Payments,70.12,2,1.93,2.21,1.91,3.5,29,1
ALE-0408,11/12/2022,Data Breach,Online Services,159.19,1,2.61,2.49,1.69,2.8,17,0
ALE-0955,11/1/2022,Phishing,ATM Network,89.98,4,1.83,2.12,2.37,3.5,15,1
ALE-0608,15/1/2022,Phishing,ATM Network,251.47,1,2.36,2.66,2.94,3.6,28,1
OLE-0010,1/8/2022,Data Breach,ATM Network,23.16,2,0.69,1.47,1,3.4,21,2
OLE-0450,15/12/2022,System Failure,Payments,90.21,4,0.78,0.62,1,3.8,16,1
OLE-0709,28/11/2023,Tech Failure,Retail Banking,41.8,5,0.49,1.29,1,3.4,14,0
OLE-0256,7/1/2023,Tech Failure,Retail Banking,62.26,4,0.79,0.57,1,3.7,15,0
ALE-0025,30/8/2022,Tech Failure,E-Banking,124.51,5,2.64,1.3,1.35,3.8,22,0
OLE-0390,15/8/2023,Tech Failure,Payments,54.71,4,1.28,1.11,1,3.1,24,1
ALE-0632,18/8/2022,Phishing,ATM Network,23.72,2,1.56,3.42,2.99,2.7,20,0
ALE-0051,6/8/2022,System Failure,Payments,89.35,5,2.47,2.59,2.16,2.6,25,0
ALE-0067,13/7/2022,Data Breach,ATM Network,219.78,4,2.06,2.13,2.02,2.8,18,2
ALE-1071,2/5/2022,Cyber-Fraud,Online Services,155.37,2,2.3,1.91,1.6,3.9,21,2
ALE-0536,4/4/2022,Data Breach,ATM Network,69.37,5,1.01,2.01,1.45,2.6,24,2
OLE-0461,23/1/2022,Cyber-Fraud,E-Banking,44.75,4,0.33,0.62,1,2.7,20,2
ALE-0580,14/9/2022,Phishing,Payments,128.5,4,1.62,2.66,3.27,3.6,20,0
ALE-1068,6/8/2022,Tech Failure,E-Banking,143.03,4,1.87,2.22,2.19,4,18,0
ALE-0311,2/8/2022,Phishing,ATM Network,244.65,1,2.91,3.09,2.21,2.8,15,0
ALE-0101,15/4/2022,Phishing,ATM Network,60.86,1,1.93,1.66,1.62,3.4,22,1
OLE-0502,3/3/2023,Tech Failure,Payments,41.48,3,0.67,0.93,1,3.5,18,2
OLE-0740,11/4/2022,System Failure,ATM Network,64.38,4,0.95,0.55,1,2.6,24,2
OLE-0041,26/8/2022,Cyber-Fraud,Retail Banking,28.85,4,0.41,1.46,1,3.5,22,2
ALE-0011,14/10/2022,Tech Failure,Online Services,85.61,4,2.08,2.73,1.9,3,29,0
OLE-0732,3/6/2022,System Failure,ATM Network,47.23,2,1.35,0.85,1,3.6,21,2
OLE-0540,27/6/2022,Cyber-Fraud,Retail Banking,81.8,5,0.71,1.13,1,2.8,15,0
ALE-0344,24/8/2022,Data Breach,Retail Banking,123.54,4,1.15,2.74,2.06,2.7,27,0
ALE-0482,24/8/2022,Phishing,Online Services,178.24,2,1.19,3.19,2.67,3.9,15,0
OLE-0698,21/12/2023,Tech Failure,ATM Network,37.4,5,0.34,1.04,1,2.6,15,1
ALE-0724,7/10/2022,Data Breach,Payments,206.49,3,1.34,3.05,2.48,3.1,20,0
ALE-0704,23/1/2022,System Failure,Online Services,56.28,5,1.45,2.37,1.87,2.5,29,2
ALE-1154,9/5/2022,Cyber-Fraud,E-Banking,141.11,1,2.92,3.35,2.4,3.9,25,0
ALE-0288,8/10/2022,Cyber-Fraud,ATM Network,101.11,5,2.04,1.31,1.58,2.9,15,0
ALE-0174,10/9/2022,System Failure,E-Banking,63.85,4,1.08,2.76,2.3,3.2,23,2
OLE-0373,22/11/2023,Tech Failure,Payments,34.13,1,1.34,1.32,1,2.8,14,1
OLE-0668,18/5/2022,Data Breach,ATM Network,58.57,2,1.21,1,1,3.9,24,0
ALE-0873,18/6/2022,Cyber-Fraud,Payments,160.96,5,1.02,1.54,1.19,3.6,25,2
OLE-0358,16/9/2022,System Failure,Retail Banking,105.58,4,1.1,0.97,1,3.7,18,2
ALE-0110,26/11/2022,Data Breach,Payments,186.29,4,1.55,1.22,1.07,2.5,23,0
OLE-0784,20/11/2023,Cyber-Fraud,Payments,75.49,1,1.45,1.37,1,3.6,19,2
OLE-0736,19/2/2023,Tech Failure,Retail Banking,54.36,4,1.17,0.62,1,3.4,24,0
ALE-0496,19/1/2022,System Failure,Retail Banking,85.69,1,2.74,2.67,3.15,2.9,23,1
ALE-0178,28/4/2022,System Failure,Retail Banking,204.09,5,1.54,1.96,2.41,2.7,16,0
ALE-0113,13/2/2022,System Failure,Payments,202.75,3,2.57,1.61,1.09,3.1,16,2
ALE-0992,23/4/2022,Tech Failure,Online Services,79.52,2,1.5,1.49,1.31,3.3,27,0
ALE-0864,3/2/2022,System Failure,ATM Network,293.39,3,1.72,1.88,1.66,2.6,20,0
ALE-1141,24/7/2022,Data Breach,Retail Banking,38,3,2.95,1.37,1.37,2.9,27,0
ALE-0934,18/7/2022,Data Breach,Online Services,141.27,4,2.15,1.5,1.21,2.6,17,1
ALE-0871,9/11/2022,Phishing,Online Services,189.52,2,1.04,1.82,2.19,3.1,16,1
ALE-0471,29/6/2022,Tech Failure,Payments,41.51,4,2.72,2.84,2.35,2.6,16,2
ALE-0675,2/1/2022,Cyber-Fraud,ATM Network,57.4,4,2.35,3.42,3.39,3.6,26,2
ALE-0835,5/1/2022,Phishing,E-Banking,180.98,5,1.24,1.34,1.39,3.1,17,1
ALE-1001,31/12/2022,Cyber-Fraud,Payments,95.19,1,2.74,2.6,1.85,2.5,29,0
ALE-0395,18/2/2022,Phishing,Online Services,150.82,1,0.97,2.95,2.44,2.6,23,1
ALE-1060,25/8/2022,Tech Failure,Retail Banking,161.15,3,1.47,3.18,3.92,2.9,29,2
ALE-1084,12/7/2022,System Failure,Online Services,131.12,4,2.69,3.2,2.83,3.3,28,0
ALE-0379,3/11/2022,System Failure,Online Services,239.64,1,2.44,1.31,1.37,3.6,27,2
ALE-0028,2/2/2022,Phishing,ATM Network,152.21,4,2.57,1.35,1.05,3.4,29,0
OLE-0080,29/6/2022,Cyber-Fraud,E-Banking,59.01,4,1.18,1.04,1,3.4,21,2
ALE-0315,16/7/2022,Tech Failure,Retail Banking,203.94,4,2.12,2.3,1.58,2.6,16,2
OLE-0815,8/3/2023,Cyber-Fraud,E-Banking,46.94,3,1.02,1.2,1,2.6,24,2
ALE-0599,24/2/2022,Tech Failure,Online Services,212.02,5,0.87,3.09,2.61,3,28,2
OLE-0672,18/10/2022,System Failure,E-Banking,5,2,1.39,0.67,1,4,15,0
ALE-0879,13/8/2022,Cyber-Fraud,Online Services,162.79,5,2.54,3.04,2.33,2.5,29,2
OLE-0058,10/4/2023,System Failure,Retail Banking,34.78,5,0.73,1.03,1,3.2,20,0
OLE-0134,23/2/2023,Cyber-Fraud,ATM Network,68.46,4,1.06,0.95,1,2.8,18,0
ALE-0283,28/9/2022,Phishing,Retail Banking,235.54,3,1.79,1.23,1.03,3.5,19,0
ALE-0076,12/2/2022,Data Breach,ATM Network,275.42,4,1.62,2.08,1.5,3.5,20,2
ALE-1049,24/2/2022,System Failure,Payments,124.06,2,1.63,3.18,3.33,2.7,22,0
OLE-0824,26/11/2023,Cyber-Fraud,ATM Network,69.77,5,1.27,0.79,1,3.4,20,2
ALE-0575,3/3/2022,Cyber-Fraud,Payments,10,4,1.83,2.97,3.4,3.7,15,0
ALE-0691,13/2/2022,System Failure,Online Services,10,2,2.32,2.5,2.93,2.7,28,2
ALE-0357,22/5/2022,Phishing,Payments,99.95,2,0.89,2.55,3.02,3.9,29,1
OLE-0505,26/7/2022,Cyber-Fraud,Retail Banking,41.99,3,0.6,0.82,1,3.7,23,0
ALE-1151,6/12/2022,System Failure,Online Services,187.33,3,1.08,2.35,1.87,3.8,29,0
OLE-0348,27/6/2023,Tech Failure,E-Banking,12.35,5,1.09,0.64,1,3.4,18,1
OLE-0387,6/1/2023,Tech Failure,Payments,49.2,4,0.6,1.15,1,3.4,17,0
ALE-0167,22/8/2022,Phishing,E-Banking,260.86,2,1.47,3.44,2.72,3.1,17,1
ALE-0527,1/12/2022,Cyber-Fraud,ATM Network,30.82,3,1.86,3,3.33,3.2,27,1
ALE-0037,5/12/2022,Data Breach,ATM Network,157.8,2,1.26,2.35,2.44,3.1,27,2
OLE-0829,27/11/2022,Data Breach,Payments,44.59,2,0.31,0.92,1,2.7,18,0
ALE-1235,30/1/2022,Data Breach,E-Banking,139.61,4,1.52,3.35,3.12,3.2,22,0
OLE-0476,17/9/2023,Tech Failure,Payments,84.03,2,0.96,0.98,1,3.9,15,2
ALE-0811,5/10/2022,System Failure,Payments,186.69,5,1.88,1.65,1.25,2.9,25,2
ALE-0784,14/8/2022,Data Breach,Retail Banking,31.11,4,2.23,2.28,1.9,3.1,18,1
ALE-1246,8/8/2022,Data Breach,ATM Network,141.53,5,1.18,1.78,1.26,3.2,19,0
OLE-0653,3/8/2022,System Failure,ATM Network,9.09,2,1.29,1.2,1,3.2,18,0
OLE-0173,27/7/2023,Data Breach,E-Banking,33.64,3,0.96,0.56,1,3.5,22,1
ALE-0292,10/6/2022,Tech Failure,Payments,215.94,5,0.89,1.85,1.91,3.3,27,1
OLE-0039,23/5/2023,Data Breach,E-Banking,34.37,5,0.63,1.09,1,3.5,23,2
OLE-0714,12/4/2022,System Failure,ATM Network,73.08,5,1.48,1.04,1,3.3,22,1
OLE-0091,11/3/2022,Cyber-Fraud,Payments,20.23,5,1.2,1.48,1,2.8,17,2
OLE-0167,15/5/2023,System Failure,Retail Banking,55.5,2,0.5,0.75,1,3.8,16,1
ALE-0348,7/10/2022,Data Breach,Online Services,185.65,2,2.37,1.36,0.92,2.5,26,0
ALE-0018,11/11/2022,Cyber-Fraud,E-Banking,204.71,2,2.85,2.08,1.59,2.5,15,0
ALE-1115,3/6/2022,Cyber-Fraud,Payments,68.14,5,1.24,3.32,2.99,3.6,17,2
ALE-1040,15/12/2022,Tech Failure,Online Services,278.88,5,1.4,3.47,2.52,4,17,1
ALE-1234,20/4/2022,Tech Failure,ATM Network,229.89,1,2.26,1.56,1.09,2.8,17,1
ALE-0236,8/8/2022,Data Breach,ATM Network,181.95,2,2.73,2.16,1.5,4,24,2
ALE-0298,11/2/2022,Phishing,E-Banking,210.15,3,1.61,2.9,2.15,3.6,29,0
ALE-0467,31/3/2022,Data Breach,ATM Network,167.33,4,0.9,3.14,2.18,3.7,17,1
ALE-0689,9/5/2022,System Failure,Online Services,195.02,2,1.09,1.46,1.75,3.4,21,1
ALE-0493,2/4/2022,Cyber-Fraud,Online Services,164.28,2,2.64,3.07,2.62,2.7,17,0
OLE-0511,14/10/2022,Tech Failure,Payments,48.06,3,1.45,0.72,1,2.6,20,0
OLE-0500,22/10/2023,System Failure,E-Banking,72.78,5,1.42,0.8,1,3.7,20,2
ALE-1043,19/9/2022,Cyber-Fraud,E-Banking,176.19,5,2.79,2.55,2.68,3.8,17,1
ALE-0963,4/8/2022,Phishing,ATM Network,167.89,1,1.25,2.77,2.07,3.8,25,0
OLE-0339,16/3/2022,Data Breach,Retail Banking,7.55,5,0.38,0.71,1,3.7,15,1
ALE-1004,24/4/2022,Cyber-Fraud,ATM Network,122.76,1,2.09,1.38,1.41,2.6,25,1
ALE-0331,17/2/2022,Tech Failure,Online Services,138.6,4,1.26,3.23,2.62,3.1,25,1
OLE-0029,13/1/2023,Cyber-Fraud,ATM Network,5,4,0.81,0.59,1,3.7,21,0
ALE-0360,4/1/2022,Data Breach,E-Banking,78.41,5,1.59,2.88,1.95,2.7,27,2
ALE-0646,28/9/2022,Phishing,Payments,91.06,5,2.78,1.97,1.96,3.8,18,2
OLE-0795,28/5/2022,Data Breach,ATM Network,64.58,5,1.33,1.18,1,2.6,14,1
ALE-0088,26/2/2022,Phishing,Payments,213.16,4,1.32,3.37,2.76,2.7,16,1
ALE-0814,20/7/2022,Tech Failure,Retail Banking,182.54,4,0.92,1.21,1.39,3.7,29,0
OLE-0170,14/9/2023,Data Breach,ATM Network,72.44,4,0.78,1.49,1,3.8,21,1
ALE-0737,29/8/2022,Tech Failure,ATM Network,195.52,4,2.98,2.66,2.74,3.2,18,0
ALE-0340,15/1/2022,Tech Failure,Online Services,136.19,1,2.07,2.06,1.75,3.8,22,2
ALE-0396,21/11/2022,Tech Failure,Retail Banking,38.89,4,2.06,3.33,2.66,3.1,18,0
ALE-0730,10/3/2022,System Failure,Online Services,147.08,5,2.85,3.26,2.43,3.6,21,1
ALE-0055,17/3/2022,Data Breach,ATM Network,110.02,2,2.63,1.88,1.39,2.5,28,1
OLE-0492,15/9/2023,Data Breach,Retail Banking,77.12,2,0.52,0.77,1,2.8,20,1
ALE-0096,4/6/2022,Tech Failure,E-Banking,230.92,1,1.26,1.92,2.08,3.9,20,1
ALE-0240,14/6/2022,Cyber-Fraud,Payments,200.17,1,1.89,1.9,1.31,3.4,24,0
ALE-0175,15/4/2022,Data Breach,Retail Banking,168.22,3,1.04,3.47,2.81,3.5,24,2
OLE-0588,12/4/2023,Cyber-Fraud,Retail Banking,45.65,5,0.46,0.7,1,3.7,17,2
OLE-0751,20/2/2022,Tech Failure,E-Banking,51.46,4,0.3,1,1,3.1,23,2
OLE-0658,12/10/2023,System Failure,Retail Banking,61.12,1,1.35,0.74,1,3.3,19,0
OLE-0235,17/2/2023,Data Breach,E-Banking,7.44,1,0.65,1.09,1,2.5,22,2
OLE-0733,20/12/2023,Cyber-Fraud,Payments,49.14,2,0.54,1.44,1,4,22,2
ALE-1283,30/9/2022,Tech Failure,Retail Banking,225.63,1,2.11,2.45,2.52,3.8,22,1
ALE-0990,1/7/2022,System Failure,ATM Network,196.24,3,1.64,2.65,2.39,3.4,22,2
ALE-0299,20/11/2022,Phishing,ATM Network,104.7,5,1.53,2.94,2.85,2.7,27,1
ALE-0810,7/2/2022,System Failure,Payments,269.93,1,0.88,3.46,3.09,3,20,0
ALE-0761,3/11/2022,System Failure,Retail Banking,69.3,4,2.15,3.3,3.43,2.7,24,0
ALE-0983,4/9/2022,Tech Failure,Payments,323.52,2,1.72,3.07,2.16,2.9,15,1
ALE-0077,22/8/2022,Phishing,Payments,226.68,1,2.08,2.81,2.01,2.7,23,2
ALE-0352,17/1/2022,Cyber-Fraud,Retail Banking,298.44,5,2.64,1.93,1.48,2.7,15,2
ALE-0208,2/5/2022,Tech Failure,E-Banking,140.74,4,2.9,3.24,3.17,2.7,23,2
OLE-0109,10/9/2023,System Failure,Retail Banking,63.1,2,1.33,0.96,1,3.6,21,2
ALE-0891,10/6/2022,Cyber-Fraud,Online Services,245.58,2,2.59,2.3,1.65,2.9,29,0
OLE-0569,18/4/2022,Data Breach,E-Banking,55.54,3,1.41,1.26,1,3.4,21,0
ALE-0310,13/12/2022,Cyber-Fraud,ATM Network,10,5,2.85,2.59,2.05,3.1,23,1
ALE-0317,23/12/2022,Tech Failure,Online Services,215.55,5,2.2,2.43,2.26,2.9,18,1
ALE-0650,25/6/2022,Data Breach,Retail Banking,145.04,2,1.05,1.36,1.02,3.2,18,1
ALE-0635,3/3/2022,Cyber-Fraud,Online Services,256.34,4,1.63,3.05,2.24,3.9,24,2
ALE-0033,2/9/2022,System Failure,E-Banking,133.2,3,1.03,3.41,2.4,2.9,28,2
ALE-0090,13/5/2022,Cyber-Fraud,Payments,150.14,3,2.19,2,1.99,3.1,25,0
ALE-0191,21/1/2022,Phishing,Retail Banking,151.47,2,1.76,3,3.47,3.3,26,1
ALE-1056,7/11/2022,Data Breach,Retail Banking,10,2,2.97,3.25,2.43,3.1,28,0
ALE-0698,10/9/2022,System Failure,ATM Network,32.35,5,1.41,1.53,1.91,3.3,22,1
ALE-0783,5/6/2022,Phishing,Retail Banking,145.38,5,1,2.64,2.3,2.9,20,2
ALE-0027,25/5/2022,Tech Failure,Retail Banking,187.07,4,2.38,3.31,3.05,2.8,18,0
ALE-1035,1/7/2022,Data Breach,Retail Banking,115.63,1,0.97,2.76,2.54,3.6,23,0
ALE-1251,27/11/2022,System Failure,Payments,185.41,2,2.85,2.38,1.84,3.8,20,0
OLE-0851,30/11/2023,Tech Failure,Payments,24.96,5,0.9,0.58,1,3.4,19,1
ALE-0550,11/4/2022,Phishing,ATM Network,10,4,1.71,2.29,2.1,3.8,25,2
OLE-0735,8/7/2022,System Failure,Retail Banking,38.65,5,0.43,0.88,1,3.8,14,2
OLE-0718,5/6/2023,Data Breach,Payments,64.2,5,1,0.77,1,2.5,19,2
OLE-0455,8/5/2022,System Failure,Retail Banking,109.66,1,0.78,0.8,1,2.7,24,2
OLE-0265,1/6/2023,Data Breach,E-Banking,5,2,1.34,1.45,1,2.7,23,0
OLE-0076,26/3/2022,Cyber-Fraud,E-Banking,56.05,4,0.45,0.7,1,3.8,21,0
ALE-1019,3/9/2022,System Failure,Retail Banking,102.76,1,2.52,2.94,2.15,2.5,15,1
OLE-0445,10/8/2022,Cyber-Fraud,ATM Network,34.43,1,1.14,1.27,1,3,16,0
OLE-0396,5/11/2022,Data Breach,Retail Banking,5,2,1.31,0.98,1,3.3,18,1
OLE-0177,30/3/2023,System Failure,E-Banking,95.53,5,0.87,1.5,1,2.6,14,0
ALE-0185,6/2/2022,Data Breach,ATM Network,243.53,5,1.59,2.74,3.31,3.1,21,1
ALE-1106,17/10/2022,Tech Failure,ATM Network,159.2,5,1.91,2.49,2.4,2.6,28,1
ALE-0733,31/7/2022,Tech Failure,ATM Network,199.23,1,2.15,3.45,3.93,2.8,27,2
ALE-0857,28/2/2022,Phishing,Retail Banking,69.75,2,1.67,3.33,2.39,3.1,22,1
ALE-0708,31/1/2022,Phishing,Retail Banking,203.03,2,2.4,2.37,2.19,3.1,18,1
OLE-0596,17/6/2023,Cyber-Fraud,E-Banking,67.14,4,0.57,0.56,1,2.9,23,0
OLE-0062,17/12/2022,Tech Failure,Payments,65.39,5,1.31,0.6,1,3.2,17,1
ALE-0439,6/1/2022,Cyber-Fraud,E-Banking,325.85,5,1.7,1.69,1.49,3,21,0
ALE-0015,4/7/2022,Tech Failure,Payments,248.66,3,2.54,2.59,2.26,2.6,28,0
ALE-0834,27/12/2022,Phishing,E-Banking,216.56,3,1.07,1.48,1.13,3.4,20,0
OLE-0217,17/12/2022,Tech Failure,Retail Banking,49.86,1,0.84,0.63,1,3.9,24,1
OLE-0279,23/11/2022,System Failure,E-Banking,94.97,2,0.33,0.8,1,3.3,24,1
ALE-0535,16/2/2022,Cyber-Fraud,E-Banking,10,3,2.28,1.65,1.3,2.9,26,1
OLE-0037,13/12/2022,Data Breach,E-Banking,67.07,5,0.4,0.59,1,3.8,16,0
ALE-0862,14/1/2022,Phishing,Retail Banking,139,1,1.5,1.32,1.23,2.8,26,1
OLE-0663,20/3/2023,Data Breach,ATM Network,85.66,5,1.11,0.71,1,3,24,1
ALE-1189,17/12/2022,Data Breach,E-Banking,100.8,2,2.36,2.41,2.08,2.6,26,0
ALE-1285,3/11/2022,Phishing,Retail Banking,55.52,5,2.88,1.53,1.07,2.6,16,1
ALE-0120,29/3/2022,Cyber-Fraud,Online Services,108.94,5,2.57,3.26,2.8,3.2,22,0
ALE-0923,20/2/2022,Data Breach,Payments,219.56,5,0.91,3.36,3.61,2.8,23,1
OLE-0739,11/9/2022,Data Breach,E-Banking,33.14,2,0.33,0.9,1,4,24,2
OLE-0192,16/2/2022,Data Breach,Retail Banking,51.96,3,0.63,0.9,1,2.7,14,1
ALE-0062,11/5/2022,Phishing,Retail Banking,202.15,1,2.07,1.63,1.14,3.5,26,2
OLE-0457,25/1/2023,Tech Failure,Payments,118.14,4,1.24,0.78,1,3.9,14,2
ALE-0560,8/11/2022,System Failure,Retail Banking,127.75,2,1.36,2.95,2.47,3,24,1
OLE-0676,4/1/2022,System Failure,Retail Banking,39.69,2,0.45,0.87,1,2.8,17,2
OLE-0761,26/7/2022,Data Breach,E-Banking,65.69,5,1.49,1.2,1,2.9,20,1
ALE-1267,14/2/2022,Phishing,ATM Network,273.97,3,1.52,2.81,2.54,2.9,28,2
ALE-0956,15/1/2022,System Failure,Payments,148.66,1,1.75,1.47,1.69,3.6,22,0
OLE-0729,7/9/2022,Cyber-Fraud,E-Banking,64.59,4,0.66,1.17,1,3,14,0
ALE-1176,26/11/2022,Data Breach,Online Services,92.04,3,2.74,1.35,0.96,3.1,25,2
ALE-0542,23/4/2022,System Failure,Online Services,167.42,2,1.95,2.47,2.85,2.7,21,1
OLE-0413,23/5/2023,Data Breach,Retail Banking,11.19,4,0.45,0.61,1,3.5,17,2
ALE-0241,3/12/2022,Phishing,Online Services,121.83,4,1.9,1.46,1.32,3.2,18,2
ALE-0659,20/6/2022,Tech Failure,ATM Network,97.83,1,1.02,2.23,1.7,2.8,19,1
ALE-0667,27/11/2022,Tech Failure,Online Services,156.53,5,1.74,2.94,2.43,3.9,16,1
OLE-0826,30/6/2022,Data Breach,ATM Network,22.45,4,0.9,0.94,1,2.8,23,2
ALE-1215,16/3/2022,Data Breach,ATM Network,177.61,4,0.84,2.94,2.79,3.6,24,1
OLE-0617,12/4/2023,System Failure,E-Banking,105.7,1,0.56,1.37,1,3.9,20,0
OLE-0115,14/10/2023,Tech Failure,Payments,34.18,4,1.25,1.08,1,3.5,20,0
OLE-0418,21/8/2022,System Failure,ATM Network,71.37,5,0.82,0.78,1,2.7,18,2
ALE-1245,30/3/2022,Data Breach,ATM Network,120.39,4,1.89,1.53,1.71,2.9,16,0
ALE-0112,15/4/2022,Cyber-Fraud,ATM Network,10,5,0.92,2.14,2.32,2.7,27,1
OLE-0605,29/11/2023,System Failure,Payments,38.21,4,1.47,0.7,1,2.5,18,2
ALE-1249,17/11/2022,Cyber-Fraud,Retail Banking,142.75,2,2.96,3.31,2.54,3.1,16,1
OLE-0090,16/4/2023,Cyber-Fraud,Retail Banking,126.75,2,1.02,1.1,1,2.5,16,0
OLE-0849,30/1/2023,Cyber-Fraud,Retail Banking,50.61,1,1.39,1.13,1,2.6,19,0
ALE-0867,16/7/2022,Cyber-Fraud,E-Banking,185.08,1,0.81,2.37,1.99,3.7,24,2
ALE-1248,6/3/2022,Tech Failure,Payments,105.55,5,1.05,1.97,1.92,2.7,16,1
OLE-0754,13/12/2023,Cyber-Fraud,Retail Banking,23.55,4,0.41,1.06,1,3.8,24,1
OLE-0499,25/11/2023,System Failure,Payments,16.02,1,1.21,0.81,1,3.1,20,2
ALE-0419,13/7/2022,Tech Failure,Online Services,200.26,2,2.01,2.33,1.95,3.6,21,1
ALE-0468,3/2/2022,Phishing,Online Services,260.78,2,1.37,2.87,2,2.9,29,0
OLE-0012,11/11/2022,Data Breach,ATM Network,58.79,4,1.11,1.47,1,2.6,21,0
OLE-0397,15/11/2022,Data Breach,Payments,5,3,0.97,1.33,1,3.6,17,2
OLE-0285,12/9/2023,System Failure,ATM Network,52.58,1,0.68,1.4,1,2.6,16,2
ALE-1161,26/5/2022,Tech Failure,Payments,10,2,1.87,1.33,0.91,3.4,23,1
ALE-0209,26/11/2022,System Failure,Retail Banking,111.95,4,1.3,1.23,1.38,3,17,2
ALE-0334,4/1/2022,Data Breach,E-Banking,132.44,2,2.33,1.99,1.55,3.8,23,2
ALE-0583,22/9/2022,System Failure,E-Banking,72.96,1,1.56,3.18,2.27,2.5,18,2
ALE-1116,19/8/2022,Data Breach,Retail Banking,125.53,3,2.28,3.4,2.54,3.4,18,2
ALE-0593,28/3/2022,Data Breach,E-Banking,129.43,5,1.74,3.34,3.34,3.1,24,1
OLE-0691,10/5/2022,Cyber-Fraud,Retail Banking,88.96,3,1.5,0.97,1,3.7,18,1
ALE-0988,9/7/2022,Tech Failure,Online Services,117.75,3,1.84,2.94,2.08,3.9,23,2
ALE-0711,14/3/2022,Data Breach,ATM Network,138.77,4,2.39,2.72,2.45,3.5,20,1
ALE-1227,24/5/2022,Phishing,E-Banking,34.72,2,0.86,2.8,1.9,2.8,20,2
OLE-0690,6/2/2023,System Failure,Retail Banking,74.95,5,1.31,0.95,1,3.6,21,2
OLE-0852,1/2/2023,Tech Failure,Retail Banking,36.06,3,0.82,0.69,1,2.8,21,1
ALE-0641,24/3/2022,Phishing,ATM Network,232.21,5,1.88,1.93,1.86,3,27,1
OLE-0160,23/6/2023,Cyber-Fraud,Payments,39.63,1,1.44,0.84,1,3.3,15,2
ALE-0038,13/6/2022,Data Breach,Online Services,173.61,5,1.87,2.3,2.04,2.8,23,0
ALE-0927,10/6/2022,Data Breach,Payments,171.77,2,2.14,1.31,0.93,3.1,23,2
OLE-0258,7/1/2023,Data Breach,Payments,87.07,3,1.24,1.1,1,4,21,1
OLE-0336,14/2/2022,Data Breach,ATM Network,44.11,3,1.25,0.92,1,2.8,24,1
ALE-1229,3/12/2022,System Failure,ATM Network,87.59,1,0.94,1.64,1.93,3.8,20,1
ALE-0182,30/3/2022,Tech Failure,Online Services,143.11,3,1.49,1.88,1.43,3.8,20,1
OLE-0516,4/5/2023,Tech Failure,Retail Banking,76.93,3,1.06,1.36,1,2.7,21,0
ALE-0491,17/6/2022,Data Breach,Online Services,234.13,1,1.09,2.84,2.57,2.9,26,2
ALE-0158,4/10/2022,Tech Failure,E-Banking,113.17,3,1.79,1.43,1.1,2.5,22,2
OLE-0769,4/12/2022,Cyber-Fraud,ATM Network,84.79,4,0.39,0.77,1,4,14,1
ALE-1118,27/6/2022,Cyber-Fraud,Payments,144.15,5,1.2,3.33,3.82,3.3,15,2
OLE-0762,12/9/2022,Tech Failure,ATM Network,46.16,2,0.67,1.28,1,3.2,24,2
ALE-0389,16/12/2022,Data Breach,E-Banking,65.14,2,1.57,2.74,2.19,3.9,26,0
ALE-0346,2/7/2022,Tech Failure,E-Banking,198.92,1,2.51,1.86,1.34,3.1,16,0
ALE-0808,6/1/2022,System Failure,Retail Banking,260.19,1,2.14,1.61,1.51,3.2,16,1
ALE-0266,15/1/2022,Cyber-Fraud,ATM Network,202.69,2,2.88,1.3,1.13,3.4,28,0
OLE-0522,22/3/2022,System Failure,ATM Network,66.26,5,0.55,0.92,1,2.8,22,2
OLE-0023,16/5/2023,Cyber-Fraud,E-Banking,45.5,3,1.22,1.31,1,3.6,24,2
OLE-0357,14/7/2023,System Failure,E-Banking,43.51,3,0.34,0.7,1,3,21,2
ALE-0420,26/8/2022,Phishing,E-Banking,203.37,5,1.47,1.97,1.65,3.7,29,2
ALE-0455,18/11/2022,System Failure,Online Services,157.9,5,1.49,2.45,2.84,3.5,17,0
ALE-1047,1/7/2022,Phishing,E-Banking,92.2,2,2.89,2.67,2.01,3.6,16,0
OLE-0341,30/6/2022,Tech Failure,Payments,28.83,3,0.3,0.67,1,3.8,14,2
OLE-0432,27/9/2023,System Failure,Retail Banking,5,3,0.3,1.21,1,3,16,1
OLE-0474,13/1/2022,Tech Failure,ATM Network,13.85,4,0.51,0.6,1,3.9,21,1
OLE-0218,13/8/2022,Data Breach,ATM Network,73.19,5,1.44,1.46,1,3.4,19,1
ALE-0054,27/9/2022,System Failure,Retail Banking,142.54,5,2.93,3.04,2.45,2.9,27,0
ALE-0370,8/10/2022,Data Breach,Online Services,185.56,5,1.3,2.33,2.22,3.7,18,2
ALE-1265,6/1/2022,Phishing,ATM Network,214.45,4,2.02,1.77,1.82,4,29,0
ALE-0154,9/5/2022,Tech Failure,ATM Network,102.11,2,2.57,1.83,1.4,2.8,21,2
ALE-0100,15/9/2022,Phishing,Online Services,179.94,2,2.17,1.33,1.63,3.2,23,1
OLE-0094,28/1/2022,Data Breach,Retail Banking,9.04,4,0.9,0.68,1,3.5,24,2
ALE-0151,3/3/2022,Cyber-Fraud,E-Banking,158.4,3,1.8,3.29,3.77,3.6,24,2
ALE-0213,18/9/2022,Phishing,ATM Network,199.42,1,2.33,2.22,1.52,2.7,23,1
ALE-0235,23/4/2022,Cyber-Fraud,E-Banking,203.9,2,2.73,2.32,1.87,2.6,22,0
ALE-0938,11/9/2022,Cyber-Fraud,Retail Banking,10,3,1.9,2.29,2.61,3.3,21,1
ALE-0451,26/4/2022,Data Breach,ATM Network,261.33,4,1.12,1.42,1.75,3.1,27,1
OLE-0697,21/1/2022,Data Breach,ATM Network,15.35,5,0.83,0.57,1,3.4,18,1
ALE-1173,4/10/2022,Cyber-Fraud,Online Services,177.55,5,2.02,1.25,1.43,3,29,1
ALE-0139,7/10/2022,System Failure,E-Banking,66.28,4,1.88,3.23,2.97,3.3,15,2
ALE-0601,28/6/2022,Tech Failure,Retail Banking,76.75,3,1.46,1.85,1.51,3.7,28,1
OLE-0154,3/5/2023,Data Breach,E-Banking,44.95,2,0.47,0.62,1,2.7,16,1
ALE-0242,11/12/2022,Data Breach,Online Services,52.14,2,1.14,3.22,2.92,3.1,25,0
ALE-1087,10/6/2022,System Failure,Payments,116.42,4,2.19,2.75,2.9,3.8,25,0
ALE-1289,11/2/2022,System Failure,E-Banking,264.42,2,0.91,3.49,2.65,2.6,25,0
OLE-0790,22/11/2022,Cyber-Fraud,ATM Network,71.58,1,0.44,1.03,1,2.7,16,2
OLE-0581,3/3/2023,System Failure,Payments,49.33,1,0.96,0.66,1,2.6,16,0
ALE-0613,5/1/2022,Data Breach,Payments,160.24,2,2.49,2.19,1.65,3.1,29,2
OLE-0704,27/6/2022,Cyber-Fraud,Retail Banking,30.64,2,1.48,1.17,1,2.9,14,2
ALE-0355,17/4/2022,Data Breach,Payments,151.69,5,1.17,3.11,2.59,3.4,20,1
ALE-0438,11/4/2022,Data Breach,ATM Network,139.28,3,2.62,2.08,1.72,3.6,15,0
ALE-1028,5/1/2022,System Failure,E-Banking,126.5,3,2.96,1.96,1.39,3.8,29,0
ALE-0403,27/9/2022,Data Breach,Payments,102.24,1,2.59,1.39,1.12,2.5,26,2
OLE-0488,31/10/2022,Data Breach,E-Banking,42.16,3,0.64,1.23,1,2.5,15,2
ALE-0767,4/4/2022,System Failure,E-Banking,113.98,2,1.28,1.35,1.02,2.8,21,1
OLE-0560,29/8/2023,Cyber-Fraud,E-Banking,75.44,2,1.47,0.74,1,3.5,15,2
ALE-0284,10/2/2022,Data Breach,E-Banking,102.24,3,2.01,2.76,2.25,3.1,27,0
ALE-1095,30/5/2022,Tech Failure,Online Services,162.37,2,1.58,3.25,2.82,3.5,19,1
ALE-0262,5/1/2022,System Failure,ATM Network,247.43,3,1.88,1.98,2.19,3.3,22,1
OLE-0802,6/3/2022,Tech Failure,Retail Banking,72.84,4,0.61,0.53,1,2.9,14,2
OLE-0513,3/1/2023,System Failure,ATM Network,124.56,3,1.25,1.48,1,3.9,16,1
OLE-0634,18/12/2023,Tech Failure,Retail Banking,78.07,3,1.26,0.74,1,2.6,19,2
ALE-1182,10/3/2022,Tech Failure,Retail Banking,187.99,3,2.42,2.46,1.68,2.8,16,0
ALE-0807,27/6/2022,Tech Failure,E-Banking,10,4,2,2.64,1.81,2.9,16,2
ALE-1166,30/4/2022,Cyber-Fraud,Payments,256.32,1,2.65,1.22,0.87,3.2,28,2
ALE-1207,10/9/2022,Data Breach,Online Services,111.13,5,1.44,2.57,1.97,3.2,18,2
ALE-0293,24/10/2022,System Failure,E-Banking,107.41,1,2.35,2.66,1.79,2.7,19,1
OLE-0791,21/2/2022,Tech Failure,Payments,120.17,3,1.46,0.61,1,2.9,17,2
OLE-0117,12/3/2023,Cyber-Fraud,ATM Network,73.67,3,1.48,0.64,1,2.8,21,0
ALE-0640,13/4/2022,System Failure,Payments,132.92,1,2.05,2.84,2.04,3.2,21,0
OLE-0741,8/11/2023,Tech Failure,E-Banking,69.49,3,1.1,0.99,1,3.9,15,2
ALE-1057,24/3/2022,Tech Failure,E-Banking,118.81,1,1.11,1.71,1.5,2.6,25,2
ALE-0224,15/4/2022,Data Breach,Retail Banking,209.97,2,0.85,2.22,1.65,3.5,22,0
ALE-0770,5/9/2022,System Failure,Retail Banking,91.51,3,1.48,1.9,1.5,3.6,21,1
OLE-0831,9/2/2022,System Failure,E-Banking,55.26,1,1.32,1.24,1,3.8,22,2
OLE-0120,4/10/2022,System Failure,E-Banking,57.24,2,0.81,0.66,1,2.5,22,2
OLE-0657,14/9/2023,System Failure,ATM Network,49.86,2,1.1,1.32,1,2.9,24,1
ALE-1017,28/6/2022,Data Breach,E-Banking,230.26,3,1.98,2.91,2.99,2.8,18,2
ALE-1244,6/6/2022,Phishing,E-Banking,117.25,5,0.83,3.22,3.55,3.8,21,0
OLE-0636,24/6/2022,Cyber-Fraud,Payments,5,3,1.06,1.49,1,3.7,15,2
OLE-0370,7/4/2022,Cyber-Fraud,E-Banking,58.95,1,1.2,1.25,1,3.4,16,0
OLE-0269,18/3/2023,Data Breach,Payments,24.07,3,0.4,1.31,1,3.8,17,0
OLE-0656,31/1/2022,Data Breach,Retail Banking,66.05,2,1.16,0.77,1,3,24,0
ALE-0078,14/6/2022,Tech Failure,Payments,109.99,5,1.78,1.99,2.22,3.2,21,0
OLE-0823,3/3/2022,System Failure,Retail Banking,30.77,2,1.26,1.06,1,3.6,16,0
ALE-0009,11/4/2022,Phishing,ATM Network,157.8,1,2.86,3.12,2.24,3,21,0
OLE-0047,1/7/2023,System Failure,E-Banking,60.96,4,1.32,0.71,1,3.9,23,1
ALE-0516,24/1/2022,Cyber-Fraud,Payments,69.57,5,2.04,2.28,2.74,3.8,16,0
ALE-1076,19/3/2022,Phishing,Online Services,339.25,2,1.97,1.51,1.04,3.8,16,2
ALE-0134,6/3/2022,System Failure,Payments,115.88,1,1.52,2.6,1.84,2.5,18,1
ALE-0019,22/5/2022,System Failure,Payments,229.11,5,1.47,2.28,2.3,3.2,15,1
OLE-0774,1/12/2022,System Failure,Retail Banking,119.18,3,0.93,1.22,1,3.4,18,1
ALE-0362,23/10/2022,Data Breach,Online Services,224.78,2,0.9,2.11,1.93,3.2,26,2
ALE-0269,21/2/2022,System Failure,E-Banking,70.05,5,0.94,2.52,2.04,3.3,24,1
OLE-0005,20/3/2022,Data Breach,Payments,45.1,3,1.44,0.75,1,3,22,2
ALE-1162,22/6/2022,Cyber-Fraud,Retail Banking,194.49,2,2.64,1.28,1.3,3.2,26,2
ALE-0146,22/2/2022,Data Breach,Retail Banking,233.38,2,2.74,3.5,3.61,3.6,18,0
ALE-1031,7/7/2022,Tech Failure,Online Services,132.5,5,0.88,3.35,2.77,2.9,29,1
ALE-1093,16/6/2022,System Failure,ATM Network,261.29,3,2.04,3.24,2.56,3.5,21,0
OLE-0264,20/11/2023,System Failure,E-Banking,31.16,3,0.75,1.06,1,3.2,19,0
ALE-0921,3/5/2022,Data Breach,Retail Banking,85.24,2,2.93,2.75,3.03,2.7,16,1
OLE-0613,26/8/2023,Cyber-Fraud,E-Banking,29.73,1,1.01,1.32,1,3.1,21,2
OLE-0444,29/7/2022,Data Breach,E-Banking,72.69,3,1.27,1.08,1,3.6,21,2
ALE-0145,27/9/2022,Cyber-Fraud,E-Banking,197.05,2,2.89,1.35,1.1,2.6,17,1
ALE-0220,16/5/2022,System Failure,E-Banking,113.26,1,1.17,1.93,1.76,3,20,1
OLE-0838,8/12/2023,Cyber-Fraud,ATM Network,5,1,0.96,1.33,1,3,14,0
ALE-1220,2/3/2022,Phishing,Payments,167.27,4,2.16,2.73,1.85,2.7,18,0
OLE-0305,6/6/2023,Data Breach,Retail Banking,5,2,1.24,1.25,1,3.7,23,0
ALE-0508,7/9/2022,Tech Failure,Retail Banking,237.25,4,2.04,1.68,1.15,3,16,2
ALE-0908,12/1/2022,Cyber-Fraud,E-Banking,225.99,1,2.98,2.42,1.89,2.9,17,0
OLE-0314,30/12/2023,Cyber-Fraud,Payments,13.02,4,0.74,0.93,1,2.5,19,1
OLE-0150,11/4/2022,Tech Failure,Retail Banking,32.29,5,0.61,1.17,1,2.9,23,2
ALE-0291,31/1/2022,Cyber-Fraud,Online Services,55.65,3,1.05,2.43,2.79,3.8,16,1
ALE-0356,26/9/2022,Data Breach,Online Services,10,3,2.9,1.69,1.45,3.6,28,0
OLE-0575,17/5/2023,Tech Failure,Retail Banking,121.72,1,0.81,0.57,1,2.7,23,2
ALE-0831,29/11/2022,Data Breach,Payments,10,4,2.38,2.48,2.95,2.8,27,1
OLE-0051,15/9/2022,Data Breach,Payments,49.25,5,0.68,1.45,1,3.7,18,1
ALE-0903,26/3/2022,System Failure,ATM Network,246.1,2,2.56,2.69,3.35,2.9,25,0
OLE-0727,5/3/2022,Tech Failure,ATM Network,56.15,2,0.7,0.61,1,2.9,18,2
OLE-0834,4/9/2023,Tech Failure,E-Banking,44.5,5,0.64,1.29,1,3.9,17,0
ALE-0520,11/10/2022,Cyber-Fraud,Payments,191.66,1,2.66,1.91,1.28,2.6,16,1
ALE-0258,17/5/2022,Tech Failure,E-Banking,207.26,1,2.8,3.15,2.76,2.6,21,1
ALE-0309,9/4/2022,Phishing,Payments,233,1,1.21,2.66,1.94,3.5,26,2
OLE-0471,16/1/2022,System Failure,Retail Banking,36.36,4,1.48,1.3,1,3.6,22,0
ALE-0114,7/3/2022,Cyber-Fraud,E-Banking,140.83,5,2.81,1.68,1.33,2.6,26,0
OLE-0654,3/8/2022,Tech Failure,E-Banking,62.58,2,0.86,1.28,1,3.9,15,1
OLE-0400,18/8/2023,Cyber-Fraud,E-Banking,44.8,1,0.82,0.8,1,2.8,23,2
OLE-0512,14/9/2022,System Failure,Payments,52.19,3,1.3,1.05,1,2.8,17,0
OLE-0321,21/3/2023,Tech Failure,ATM Network,19.05,3,0.31,1.44,1,3.1,23,2
OLE-0020,1/2/2023,Tech Failure,E-Banking,19.14,4,0.96,1.1,1,3.3,16,1
OLE-0685,18/1/2022,Cyber-Fraud,Retail Banking,73.76,1,1.27,0.58,1,3.1,14,0
OLE-0036,27/2/2022,Tech Failure,Payments,30.71,3,1.02,1.18,1,3.2,20,0
ALE-0045,25/9/2022,Data Breach,ATM Network,92.91,4,1.43,3.24,3.06,2.7,20,2
ALE-1155,31/3/2022,Tech Failure,ATM Network,275.34,1,1.68,2.3,1.55,3,19,1
OLE-0828,17/1/2023,Data Breach,Retail Banking,74.31,5,1.02,0.59,1,3,14,1
ALE-1178,27/8/2022,Data Breach,Payments,156.02,3,1.76,2.03,1.7,2.9,15,1
OLE-0408,12/1/2023,Data Breach,E-Banking,19.37,5,0.41,0.69,1,2.6,18,1
ALE-0063,12/5/2022,Cyber-Fraud,Online Services,21.73,1,0.97,2.41,2.23,3.4,23,2
OLE-0538,14/10/2022,System Failure,Retail Banking,23.06,5,0.78,1.29,1,2.8,14,2
OLE-0759,26/11/2022,System Failure,E-Banking,54.16,5,0.98,1.26,1,3.6,14,1
ALE-0848,3/1/2022,Data Breach,Retail Banking,119.3,2,1.43,1.65,1.11,3,16,2
ALE-1243,10/8/2022,Tech Failure,Online Services,146.15,5,2.16,2.63,3.18,2.9,22,1
ALE-0205,15/8/2022,Phishing,ATM Network,95.89,3,2.07,2.02,2.03,3.7,19,0
ALE-0342,9/4/2022,Cyber-Fraud,E-Banking,244.51,1,2.48,2.44,2.74,3.3,17,1
OLE-0246,5/7/2023,System Failure,ATM Network,5,1,0.51,1.47,1,3.2,15,2
ALE-0559,24/1/2022,Tech Failure,ATM Network,64.16,4,2.43,2.23,1.53,3.6,26,1
ALE-0270,10/10/2022,Cyber-Fraud,E-Banking,146.13,4,0.83,2.8,2.56,3.3,27,0
OLE-0785,19/11/2022,Data Breach,Retail Banking,16.95,5,0.95,1.47,1,3.2,24,1
ALE-1113,19/11/2022,Data Breach,Online Services,110.22,3,2,3.14,3.42,3,22,2
OLE-0490,10/11/2023,Cyber-Fraud,Payments,11.02,1,0.54,0.52,1,3.8,24,1
OLE-0155,30/7/2023,Cyber-Fraud,ATM Network,51.75,2,0.31,0.92,1,2.9,14,2
ALE-0805,15/3/2022,Data Breach,Retail Banking,154.59,1,1.18,1.33,1.06,3.8,18,1
ALE-0104,4/12/2022,Tech Failure,Retail Banking,303.99,1,0.87,2.87,2.07,3.1,27,0
ALE-0829,5/6/2022,Phishing,E-Banking,201.99,5,2.72,1.69,1.54,3.9,21,1
OLE-0854,13/11/2023,Cyber-Fraud,Retail Banking,26.89,4,0.73,0.65,1,3.3,22,2
ALE-0454,29/4/2022,Phishing,E-Banking,77.54,5,2.18,3.44,3.33,2.7,16,1
OLE-0626,27/11/2022,Data Breach,ATM Network,61.31,4,0.69,1.39,1,2.7,19,2
OLE-0686,3/1/2023,Data Breach,Payments,32.88,4,1.22,1.13,1,4,22,1
ALE-0913,11/3/2022,System Failure,ATM Network,84.54,3,2.99,3.37,2.65,3.6,17,1
OLE-0570,31/10/2023,Tech Failure,Retail Banking,76.68,3,0.88,0.52,1,2.9,15,1
OLE-0566,14/7/2022,Data Breach,Payments,67.12,2,1.1,0.94,1,3.9,23,1
ALE-0901,25/6/2022,Tech Failure,ATM Network,129.21,5,1.66,3.41,3.3,3.7,28,1
OLE-0018,11/2/2022,Cyber-Fraud,E-Banking,34.77,2,1.21,1.3,1,3.2,24,0
OLE-0128,29/9/2022,System Failure,Payments,42.23,1,0.56,0.86,1,2.6,22,0
ALE-0489,18/3/2022,Data Breach,ATM Network,138.73,1,1.73,2.26,2.78,2.5,22,1
ALE-0422,29/11/2022,Tech Failure,E-Banking,185.77,4,1.77,3.39,2.77,2.8,29,1
ALE-1273,4/7/2022,System Failure,Retail Banking,175.03,2,2.88,1.46,1.31,2.8,17,1
ALE-0070,1/5/2022,System Failure,Retail Banking,248.19,5,1.21,2.7,2.99,3.3,29,0
ALE-0123,13/5/2022,Data Breach,ATM Network,76.14,1,0.88,1.48,0.99,3,26,0
OLE-0253,25/8/2022,Data Breach,ATM Network,55.61,4,1.05,0.82,1,3.7,22,0
OLE-0191,5/4/2022,System Failure,E-Banking,15.33,2,0.78,0.66,1,3.8,21,1
ALE-0282,18/3/2022,System Failure,ATM Network,118.96,2,2.04,1.98,1.93,3.5,19,1
ALE-0135,11/12/2022,Data Breach,Retail Banking,120.04,2,1.81,2.46,1.73,2.7,20,2
OLE-0700,15/3/2022,System Failure,ATM Network,107.05,2,1.16,1.09,1,3.2,23,0
ALE-1018,25/3/2022,Phishing,E-Banking,233,1,1.11,2.51,1.91,3.3,29,0
OLE-0607,16/3/2023,System Failure,Retail Banking,47.85,2,1.15,1.48,1,2.6,21,0
OLE-0181,27/4/2023,System Failure,ATM Network,78.59,3,1.19,1.33,1,3.6,18,0
OLE-0302,13/9/2022,Data Breach,E-Banking,60.68,5,0.84,0.57,1,3.6,21,2
OLE-0497,26/8/2023,Data Breach,Payments,24.99,1,1.36,0.55,1,2.8,22,1
ALE-1063,4/8/2022,Phishing,Payments,213.3,5,1.52,1.33,0.96,2.6,19,0
ALE-1078,26/3/2022,Phishing,Payments,146.33,2,1.98,2.48,2.84,3.9,23,1
ALE-1023,6/4/2022,Tech Failure,Payments,142.09,4,0.85,2.65,2.19,4,28,0
ALE-1142,17/4/2022,Data Breach,ATM Network,154.25,1,2.76,2.49,2.38,3.4,22,1
ALE-0997,27/12/2022,Tech Failure,Retail Banking,97.97,5,1.89,2.94,2.52,2.9,15,1
OLE-0518,21/1/2022,Cyber-Fraud,Retail Banking,51.18,5,0.8,0.56,1,3.1,15,0
ALE-0539,15/4/2022,Data Breach,ATM Network,130.5,4,1.08,2.8,2.43,2.5,25,0
ALE-0212,19/12/2022,Phishing,Retail Banking,30.33,2,1.2,2.78,2.33,3.8,28,0
OLE-0477,9/9/2022,Tech Failure,Payments,85.42,3,0.69,1.19,1,3.9,21,0
OLE-0158,2/7/2022,System Failure,Payments,39.94,4,0.57,0.88,1,3.2,22,2
ALE-0386,9/3/2022,Tech Failure,Retail Banking,234.13,5,2.41,1.37,1.1,3.7,27,0
ALE-0338,24/12/2022,Phishing,E-Banking,297.57,2,2.57,3.02,2.5,3.7,22,1
OLE-0017,4/11/2022,Cyber-Fraud,Payments,42.14,3,1.35,0.9,1,3,19,2
ALE-0678,25/3/2022,Phishing,Payments,163.09,2,2.53,2.26,1.51,3.8,28,1
ALE-0215,13/12/2022,Data Breach,ATM Network,313.57,5,1.36,2.2,1.89,2.9,20,2
ALE-1275,21/10/2022,Phishing,Retail Banking,298.62,2,2.35,1.55,1.44,2.6,27,2
OLE-0547,22/10/2022,System Failure,Payments,40.44,4,0.45,0.81,1,3.9,18,1
ALE-0682,24/9/2022,Data Breach,ATM Network,265.93,1,0.83,3.06,2.1,3.7,22,2
OLE-0659,9/4/2023,Tech Failure,Payments,71.6,5,1.21,0.55,1,3.8,15,0
ALE-0981,2/10/2022,System Failure,Retail Banking,95.43,3,0.84,3.42,3.78,3.7,19,0
ALE-0162,25/5/2022,Data Breach,Retail Banking,192.29,2,2.14,2.55,2.41,3.2,21,2
ALE-1194,12/4/2022,Data Breach,E-Banking,160.97,3,2.42,2.89,3.4,3.8,17,2
ALE-0647,13/7/2022,Data Breach,E-Banking,67.6,5,1.65,3.12,2.13,3.7,27,2
ALE-0102,8/7/2022,System Failure,E-Banking,105.22,5,2.76,2.51,1.83,3.7,26,0
ALE-1231,9/5/2022,Phishing,Retail Banking,165.19,4,1.8,1.49,1.09,3.3,25,0
OLE-0284,19/5/2023,Cyber-Fraud,Payments,25.24,5,0.67,1.41,1,3.9,17,1
ALE-0775,24/10/2022,Cyber-Fraud,Online Services,162.5,5,1.36,1.41,1.65,3.1,20,1
OLE-0798,10/9/2023,Data Breach,E-Banking,30.23,5,1.33,0.73,1,2.7,19,0
ALE-0982,24/12/2022,Tech Failure,Payments,127.51,5,2.1,2.44,2.13,3.3,28,0
OLE-0226,29/10/2023,Tech Failure,Retail Banking,64.17,4,1.41,0.73,1,3.5,21,1
OLE-0027,10/10/2023,System Failure,E-Banking,95.44,1,1.47,1.32,1,3.3,20,2
ALE-1147,26/1/2022,Data Breach,ATM Network,10,3,2.16,3.31,2.94,2.7,24,2
ALE-0942,31/12/2022,Data Breach,ATM Network,53.68,3,1.35,1.67,1.87,3.1,25,2
OLE-0438,5/3/2022,Tech Failure,Retail Banking,5,3,1.19,1.17,1,2.7,17,0
ALE-1263,25/7/2022,Tech Failure,Retail Banking,284.08,2,0.96,1.67,1.93,2.6,26,2
ALE-0531,18/12/2022,Cyber-Fraud,Payments,86.41,1,2.09,2.01,1.77,3.4,23,1
OLE-0230,24/6/2023,Tech Failure,Payments,57.26,5,0.6,1.06,1,3,17,0
OLE-0038,6/7/2022,Data Breach,Retail Banking,98.85,1,0.57,0.85,1,2.6,14,1
ALE-0836,3/7/2022,Cyber-Fraud,Online Services,146.91,5,2.74,3.37,3.83,3.8,26,0
OLE-0750,10/10/2022,System Failure,E-Banking,5,4,0.36,0.68,1,3.9,23,1
ALE-0188,6/4/2022,Phishing,Payments,186.86,1,2.33,1.99,2.27,2.6,24,0
ALE-0541,5/6/2022,Tech Failure,Retail Banking,255.55,1,2.06,3.25,2.59,3.2,16,0
OLE-0470,16/2/2022,System Failure,ATM Network,50.25,2,0.52,1.04,1,3.5,14,1
ALE-1059,8/8/2022,Cyber-Fraud,E-Banking,201.9,4,2.29,2.71,2.85,2.7,15,0
ALE-1272,3/1/2022,Cyber-Fraud,Retail Banking,206.55,2,1.15,2.7,2.69,4,24,1
OLE-0688,24/1/2022,System Failure,E-Banking,24.52,2,1.48,1.13,1,3.1,20,2
ALE-0199,14/8/2022,Data Breach,Retail Banking,196.36,2,2.22,3.11,3.73,3.8,15,1
OLE-0640,19/8/2023,Tech Failure,Retail Banking,30.63,2,1.06,1.02,1,2.6,24,0
ALE-1081,25/3/2022,Tech Failure,Online Services,173.17,1,1.24,2.41,2.05,3.2,20,1
ALE-0361,8/4/2022,Cyber-Fraud,ATM Network,272.6,1,0.87,2.56,2.75,3,21,1
ALE-0301,2/3/2022,Tech Failure,Retail Banking,223.15,5,2.72,1.86,2.16,3.9,18,1
ALE-0558,31/10/2022,Tech Failure,Online Services,92.22,2,2.81,1.41,1.08,2.7,15,1
ALE-0670,5/4/2022,Cyber-Fraud,Retail Banking,102.08,2,1.29,3.47,3.42,2.7,19,1
ALE-1016,4/12/2022,System Failure,Retail Banking,89.71,5,2.78,1.9,1.65,3.1,27,2
ALE-0443,5/7/2022,Data Breach,Payments,173.87,4,1.76,1.66,1.9,3.2,23,0
ALE-1199,27/12/2022,Cyber-Fraud,ATM Network,156.58,5,0.9,2.43,1.88,2.7,27,0
OLE-0801,1/9/2022,Cyber-Fraud,ATM Network,15.56,2,0.83,0.83,1,3.3,17,0
ALE-0746,27/3/2022,System Failure,ATM Network,148.27,4,1.4,2.53,1.96,3.5,27,2
OLE-0161,20/9/2022,Data Breach,Retail Banking,33.13,3,0.67,1.18,1,3.4,15,1
ALE-0847,12/9/2022,Cyber-Fraud,Retail Banking,85.32,3,2.09,1.83,2.22,3.7,23,1
ALE-0099,17/12/2022,System Failure,Payments,168.71,4,0.89,2.41,1.7,3.8,17,2
ALE-0886,24/5/2022,System Failure,Retail Banking,165.95,5,1.48,2.37,1.69,3.1,24,0
ALE-0329,31/7/2022,Tech Failure,E-Banking,275.55,2,1.89,3.23,3,2.9,19,1
OLE-0822,3/1/2023,System Failure,E-Banking,5,2,0.78,0.8,1,3.5,16,1
ALE-0872,2/9/2022,Cyber-Fraud,Payments,25.12,1,1.26,2.2,1.76,2.9,18,1
ALE-1046,20/9/2022,System Failure,Retail Banking,98.17,5,2.38,1.44,1.49,2.8,26,1
ALE-0020,20/4/2022,Phishing,ATM Network,147.3,1,1.69,2.26,2.79,2.9,28,0
ALE-0056,6/9/2022,Tech Failure,ATM Network,165.87,1,1.47,2.03,2.4,4,20,1
OLE-0153,6/6/2023,Data Breach,Payments,65.36,5,1.11,0.86,1,3.4,23,1
OLE-0099,14/6/2022,System Failure,Retail Banking,99.84,1,0.49,1.11,1,2.7,17,0
ALE-1153,11/11/2022,Phishing,E-Banking,188.8,3,2.46,2.06,1.81,3.1,29,2
OLE-0510,14/3/2023,Cyber-Fraud,E-Banking,32.95,1,1.48,1.1,1,2.6,19,2
ALE-0278,24/5/2022,Cyber-Fraud,Retail Banking,167.32,5,2.24,2.36,1.81,2.5,28,1
ALE-0393,28/11/2022,Tech Failure,E-Banking,252.15,2,1.98,3.49,3.23,3.4,15,0
ALE-1026,30/3/2022,Phishing,Online Services,138.91,4,2.96,3.06,2.36,3.5,24,1
OLE-0104,24/4/2022,Data Breach,Payments,17.14,4,0.45,1.38,1,3.1,23,1
ALE-0588,12/8/2022,Phishing,ATM Network,251.42,1,2.19,2.51,2.35,3,17,2
ALE-0586,17/10/2022,Data Breach,Online Services,95.16,3,1.87,1.4,1.01,3.6,21,1
ALE-1109,18/5/2022,Data Breach,E-Banking,180.45,5,2.72,1.96,2.2,3.7,26,1
OLE-0587,21/10/2023,Tech Failure,Retail Banking,5,2,1.43,1.5,1,3.2,14,2
ALE-1144,22/10/2022,Cyber-Fraud,ATM Network,216.24,1,1.06,3.35,3.34,3.8,24,0
ALE-0839,22/1/2022,Data Breach,E-Banking,149.23,1,2.94,1.24,0.85,3.1,24,1
ALE-0286,24/2/2022,System Failure,E-Banking,195.88,4,2.33,2.06,1.41,3.7,15,2
OLE-0054,19/11/2022,Tech Failure,ATM Network,36.23,3,0.53,0.71,1,3.2,15,0
OLE-0152,18/3/2022,Tech Failure,Payments,66.06,4,0.74,0.62,1,3.1,17,0
OLE-0404,24/9/2023,Tech Failure,E-Banking,60.33,1,0.58,1.37,1,3.9,23,1
ALE-0297,19/10/2022,System Failure,ATM Network,108.52,4,0.87,1.5,1.06,3.6,19,2
OLE-0208,26/8/2023,Cyber-Fraud,Retail Banking,56.49,5,0.39,0.88,1,3.1,18,1
ALE-1236,11/3/2022,Cyber-Fraud,Retail Banking,237.76,4,1.2,3.44,2.98,2.6,20,2
ALE-0825,16/11/2022,Tech Failure,Retail Banking,160.5,2,1.17,3.45,3.25,2.7,16,0
ALE-0265,21/5/2022,Cyber-Fraud,ATM Network,122.42,3,1.65,2.43,1.75,3.4,17,2
ALE-1123,21/1/2022,Tech Failure,Retail Banking,95.59,4,1.11,2.74,2.84,3.2,15,1
OLE-0009,2/1/2023,Tech Failure,Retail Banking,55.73,4,0.48,1.49,1,3.9,24,1
ALE-0157,7/6/2022,Cyber-Fraud,Online Services,129.01,2,1.97,1.32,1.18,3.9,24,2
ALE-1177,24/11/2022,Phishing,Retail Banking,144.31,4,2.33,3.11,3.77,3,25,0
ALE-0203,7/10/2022,System Failure,E-Banking,150.14,3,1.93,1.59,1.26,3.8,28,2
OLE-0453,15/1/2023,System Failure,E-Banking,24.84,4,0.5,1.23,1,2.8,23,0
ALE-0818,16/2/2022,Data Breach,Online Services,97.45,1,2.06,2.25,2.49,3.2,15,0
OLE-0254,22/11/2023,Tech Failure,ATM Network,56.9,3,1.32,1.48,1,3.4,17,0
ALE-0470,11/5/2022,Cyber-Fraud,E-Banking,133.95,5,1.36,3.4,4.15,2.8,21,1
ALE-0039,13/7/2022,Tech Failure,E-Banking,174.97,3,1.87,2.36,2.56,3.7,21,0
ALE-1104,14/1/2022,Tech Failure,E-Banking,159.88,5,2.27,1.94,1.68,3.5,20,2
ALE-0023,2/9/2022,Phishing,E-Banking,273.27,4,1.75,2.31,1.84,2.5,22,2
ALE-0738,24/6/2022,Tech Failure,Retail Banking,11.86,4,0.95,1.59,1.17,3.5,20,1
ALE-1233,9/7/2022,Cyber-Fraud,E-Banking,26.74,1,2.1,2.86,2.13,2.7,24,0
OLE-0624,12/9/2023,Data Breach,ATM Network,48.27,2,0.75,0.59,1,3.2,22,2
OLE-0346,4/11/2023,System Failure,Retail Banking,47.76,4,0.8,1.01,1,3.9,14,0
ALE-1070,30/9/2022,Data Breach,ATM Network,129.91,1,0.98,3.22,3.85,3.3,18,0
ALE-0930,7/5/2022,Data Breach,ATM Network,219.97,2,1.54,2.35,1.85,4,19,1
OLE-0263,22/8/2023,System Failure,Retail Banking,102.97,3,1.05,1.15,1,2.9,15,1
ALE-0777,31/12/2022,Phishing,Retail Banking,66.2,3,1.05,3.48,3.44,3.5,19,0
ALE-0464,7/2/2022,System Failure,ATM Network,240.27,2,2.13,3.04,2.51,4,21,0
ALE-0581,31/7/2022,System Failure,Online Services,66.22,1,2.51,1.86,1.81,3.5,20,2
OLE-0151,5/6/2023,Tech Failure,E-Banking,74.32,1,1.02,1.19,1,2.7,14,2
OLE-0473,17/5/2022,Tech Failure,Payments,79.11,1,0.37,0.83,1,3.6,22,0
ALE-0945,17/1/2022,Cyber-Fraud,Retail Banking,88.98,2,1.12,3.4,3.98,2.6,24,2
OLE-0641,20/3/2023,Data Breach,Retail Banking,5,1,0.45,1.15,1,2.6,22,2
ALE-0014,14/8/2022,Data Breach,Payments,115.63,3,2.7,1.76,2.06,3,18,0
ALE-1232,24/4/2022,Data Breach,Retail Banking,136.17,5,1.86,2.93,3.46,2.8,27,2
OLE-0551,18/6/2023,Cyber-Fraud,ATM Network,49.74,4,0.57,1.24,1,3.9,22,1
ALE-1156,30/12/2022,Cyber-Fraud,Retail Banking,168.86,4,2.77,3.15,3.25,3.5,18,1
ALE-0071,3/8/2022,System Failure,Payments,175.36,1,1.81,1.64,1.73,2.5,17,2
OLE-0489,14/4/2022,Tech Failure,Retail Banking,46.61,3,1.05,1.05,1,3.1,16,1
ALE-0986,16/3/2022,Data Breach,E-Banking,72.57,5,0.84,2.7,2.53,3.5,15,2
ALE-0877,22/5/2022,Data Breach,E-Banking,163.85,4,2.21,3.43,3.83,3.1,17,2
ALE-1192,8/5/2022,Cyber-Fraud,Payments,271.98,2,1.88,1.91,2.19,2.6,15,2
ALE-0314,25/1/2022,Phishing,Retail Banking,317.38,2,2.29,2.81,2.15,3.6,19,0
OLE-0147,20/7/2023,Tech Failure,ATM Network,59.58,2,0.65,1.43,1,3.1,18,0
ALE-1072,22/10/2022,Cyber-Fraud,E-Banking,230.89,4,2.29,3.01,2.05,2.7,28,2
ALE-0512,6/2/2022,Tech Failure,Retail Banking,167.3,5,1.47,2.77,1.99,3.5,20,2
OLE-0403,27/5/2022,System Failure,Retail Banking,16.02,3,0.58,1.33,1,3.9,20,2
ALE-0097,5/12/2022,System Failure,ATM Network,125.91,4,2.44,3.43,3.1,3.8,19,0
ALE-1228,1/10/2022,Cyber-Fraud,Online Services,313.82,4,2.41,1.99,1.57,3.8,15,1
OLE-0660,16/9/2023,System Failure,Payments,9.5,5,0.96,0.59,1,3.6,19,0
ALE-0937,10/8/2022,Tech Failure,Payments,112.54,1,1.55,2.1,1.58,2.6,26,0
ALE-0515,13/9/2022,Data Breach,E-Banking,44.05,1,2.05,2.08,1.43,3.1,24,1
OLE-0464,1/12/2022,Cyber-Fraud,Retail Banking,62.55,2,1.24,1.1,1,3.1,20,2
ALE-0492,15/12/2022,Phishing,Online Services,167.18,3,2.91,2.89,2.18,2.9,21,2
OLE-0187,2/6/2023,System Failure,Payments,5,3,0.33,1.08,1,3.8,14,0
ALE-0290,12/2/2022,Data Breach,Payments,235.83,1,0.98,1.32,1.35,2.6,25,1
ALE-0367,11/12/2022,System Failure,E-Banking,177.23,1,0.83,1.55,1.42,2.6,25,1
OLE-0609,17/2/2022,Cyber-Fraud,ATM Network,39.47,3,0.33,1.28,1,2.5,21,0
OLE-0144,2/9/2022,Tech Failure,Payments,22.07,1,0.3,0.54,1,3.4,24,2
OLE-0752,17/5/2022,Tech Failure,Retail Banking,5,4,1.08,1.37,1,3.8,20,1
ALE-0677,18/2/2022,System Failure,E-Banking,211.87,5,2.57,1.5,1.55,2.9,20,2
ALE-0124,19/11/2022,Data Breach,E-Banking,192.64,5,2.98,1.77,1.53,3.8,24,0
OLE-0198,14/9/2022,Tech Failure,ATM Network,25.51,1,0.66,0.61,1,3.7,18,1
ALE-0776,19/9/2022,System Failure,ATM Network,46.64,2,1.02,2.59,2.03,3.5,18,2
ALE-0026,10/4/2022,Tech Failure,ATM Network,83.66,4,2.99,1.64,1.61,3.2,23,1
ALE-1003,18/5/2022,Data Breach,ATM Network,83.59,4,0.87,2.75,2.01,3.9,29,0
OLE-0280,6/8/2022,Data Breach,ATM Network,50.01,4,0.55,0.78,1,3.6,19,1
OLE-0294,6/10/2023,Tech Failure,ATM Network,69.44,5,0.7,0.64,1,3.5,20,0
OLE-0767,19/10/2022,Data Breach,ATM Network,6.27,5,0.59,1.24,1,2.8,21,1
OLE-0401,6/10/2022,Tech Failure,ATM Network,44.1,4,0.96,0.92,1,2.7,21,2
OLE-0123,22/6/2023,Cyber-Fraud,E-Banking,10.16,2,1.28,1.38,1,3.3,18,1
ALE-0350,31/10/2022,Data Breach,Payments,163.87,4,2.28,3.1,3.06,4,16,1
OLE-0203,22/11/2023,Data Breach,Retail Banking,82.26,5,1.12,0.97,1,3.4,18,2
ALE-0605,20/7/2022,System Failure,Online Services,48.65,2,2.39,2.68,2.69,2.9,15,2
OLE-0836,10/9/2022,Data Breach,Retail Banking,73.12,2,0.32,0.81,1,3.4,20,1
OLE-0247,1/6/2023,Data Breach,Payments,40.38,1,0.45,0.63,1,3.8,22,0
ALE-0582,3/8/2022,System Failure,Retail Banking,10,4,1.78,1.79,1.42,3,21,1
ALE-0876,23/9/2022,Phishing,Payments,75.78,3,1.23,1.62,1.62,2.9,17,2
ALE-1126,10/11/2022,Data Breach,Retail Banking,174.69,2,1.95,1.3,1.25,2.6,19,0
OLE-0730,8/4/2022,System Failure,E-Banking,5,3,1.21,0.71,1,3.6,19,2
ALE-0850,31/8/2022,Tech Failure,ATM Network,304.53,4,1.4,3.45,3.49,3.5,22,2
ALE-1230,10/10/2022,Cyber-Fraud,Online Services,261.59,5,2.59,3.07,2.54,3.6,20,0
ALE-0296,8/7/2022,Cyber-Fraud,Payments,155.26,3,2.83,3.16,2.35,3.1,22,2
ALE-0804,19/12/2022,Tech Failure,E-Banking,95.13,5,2.48,2.04,1.73,3.3,22,1
ALE-0569,25/5/2022,System Failure,ATM Network,108.04,1,1.61,2.84,3.43,3.1,29,0
OLE-0385,12/7/2023,Tech Failure,E-Banking,33.33,5,0.99,1.26,1,3.7,18,2
ALE-1133,31/8/2022,Tech Failure,Payments,332.99,1,2.21,3.39,3.59,3.6,21,0
ALE-0902,17/1/2022,Phishing,E-Banking,187.38,1,1.67,2.88,3.05,3.1,28,2
OLE-0855,18/3/2022,System Failure,Payments,87.78,2,0.88,0.61,1,2.7,23,1
ALE-0732,23/8/2022,System Failure,E-Banking,324.8,1,1.83,1.43,1.38,3.1,22,0
OLE-0220,14/3/2023,Cyber-Fraud,ATM Network,5,3,1.11,0.64,1,4,15,2
OLE-0642,30/1/2023,Cyber-Fraud,Payments,47.51,1,0.85,0.66,1,3,19,1
OLE-0002,9/8/2023,Cyber-Fraud,Retail Banking,41.26,1,1.1,0.6,1,3.5,22,0
OLE-0113,24/8/2022,Data Breach,Retail Banking,104.86,3,1.39,1.04,1,3.2,19,2
OLE-0699,7/4/2023,Cyber-Fraud,Retail Banking,52.09,1,0.46,0.79,1,3.8,15,1
ALE-0247,23/10/2022,Phishing,Payments,290.33,4,0.83,1.87,2.33,3.1,21,2
ALE-0094,4/10/2022,Data Breach,Payments,179.47,2,2.99,3.24,2.37,3.1,24,0
ALE-0791,22/8/2022,Phishing,Retail Banking,60.53,5,1.8,1.87,1.94,3.6,27,2
ALE-0779,15/2/2022,Data Breach,Payments,132.66,4,2.78,1.86,1.3,2.7,28,0
ALE-1121,5/2/2022,Tech Failure,Payments,120.6,1,0.82,1.63,1.27,2.6,16,0
ALE-0553,28/7/2022,Tech Failure,Online Services,128.72,3,2.72,3.19,3.01,2.8,25,0
ALE-0552,31/3/2022,Tech Failure,ATM Network,137.49,2,2.11,1.95,2.38,3.6,15,1
ALE-0973,2/3/2022,Cyber-Fraud,E-Banking,88.12,1,1.57,1.83,1.52,3.9,22,0
ALE-0676,4/4/2022,Tech Failure,E-Banking,157.47,2,1.29,1.99,1.48,3.4,27,1
ALE-0434,28/6/2022,Tech Failure,Retail Banking,128.65,5,2.24,2.77,2.09,3.3,29,2
ALE-1191,21/8/2022,Phishing,Payments,210.02,4,2.44,2.92,2.3,3.5,29,1
OLE-0442,10/2/2022,System Failure,ATM Network,55.87,4,0.87,0.57,1,2.6,23,2
ALE-0663,17/12/2022,Tech Failure,ATM Network,154.27,5,1.49,1.48,1.05,3.2,24,1
ALE-0996,1/11/2022,Phishing,E-Banking,49.26,1,2.26,2.05,1.64,3,21,2
ALE-0279,1/11/2022,Phishing,Retail Banking,119.46,3,1.67,1.72,1.87,3.5,16,1
ALE-0858,2/11/2022,System Failure,Retail Banking,116.32,2,1.71,2.7,1.8,3.9,27,2
ALE-0399,30/7/2022,Data Breach,Online Services,200.87,4,0.85,2.35,2.37,3.5,27,1
ALE-1219,21/7/2022,Tech Failure,Payments,183.93,5,1.12,3.12,2.84,2.8,15,0
ALE-0774,5/8/2022,Phishing,Retail Banking,278.45,4,2.9,1.97,1.65,3.1,18,0
ALE-0838,20/10/2022,Cyber-Fraud,E-Banking,92.37,4,2.78,1.47,1.44,3.7,28,2
ALE-0540,29/7/2022,System Failure,E-Banking,72.59,1,1.03,3.43,3.65,2.6,19,0
ALE-0993,10/9/2022,Phishing,E-Banking,10,5,2.42,1.87,1.85,3.7,20,2
OLE-0664,17/7/2022,System Failure,Retail Banking,105.48,2,1.11,1.36,1,3.9,23,1
OLE-0684,28/1/2023,Tech Failure,Retail Banking,81.54,2,1.02,0.61,1,2.5,15,1
ALE-0400,3/6/2022,Cyber-Fraud,Retail Banking,122.18,5,2.29,1.66,1.45,3.7,16,1
ALE-0985,30/11/2022,Data Breach,Retail Banking,178.29,3,2.57,1.43,0.98,2.7,15,2
ALE-1150,1/5/2022,Tech Failure,Online Services,275.57,5,1.23,2.94,2.35,3.9,25,2
ALE-0843,5/6/2022,Cyber-Fraud,Payments,119.91,2,1.24,1.63,1.67,3,15,1
OLE-0318,13/7/2023,Cyber-Fraud,E-Banking,69.34,3,1.27,1.36,1,4,16,2
OLE-0649,5/11/2022,System Failure,Retail Banking,65.45,3,1.18,0.78,1,3.5,16,2
ALE-0577,1/9/2022,Tech Failure,Retail Banking,190.99,4,1.4,3.21,2.4,3,20,2
ALE-0622,12/4/2022,Cyber-Fraud,E-Banking,81.62,5,2.28,1.22,1.08,2.8,18,0
OLE-0710,10/10/2023,Cyber-Fraud,Retail Banking,81.92,3,1.06,1.4,1,3.4,18,0
ALE-0525,25/2/2022,Cyber-Fraud,ATM Network,208.4,1,1.01,3.49,3.53,3.8,27,2
ALE-0425,20/11/2022,Data Breach,E-Banking,179.16,3,2.85,1.93,1.32,3.1,18,0
ALE-0911,18/11/2022,System Failure,Payments,156.79,3,2.31,1.94,2.07,3.8,25,0
ALE-0115,3/10/2022,Data Breach,Retail Banking,170.68,3,1.82,2.58,2.8,3.6,16,1
OLE-0628,7/4/2023,Data Breach,ATM Network,23,4,0.53,0.81,1,4,15,1
OLE-0633,4/4/2022,Cyber-Fraud,E-Banking,73.98,1,0.56,0.87,1,3.1,17,2
ALE-1158,15/6/2022,Data Breach,Retail Banking,172.98,4,2.13,3.34,2.39,2.6,27,0
ALE-0449,15/12/2022,System Failure,Online Services,120.04,1,1.93,1.76,1.89,2.6,16,2
ALE-0543,4/2/2022,System Failure,Payments,145.57,5,1.03,2.23,2.23,2.7,20,2
ALE-0551,9/5/2022,Phishing,E-Banking,166.4,2,2.16,2.43,2.89,2.6,26,1
ALE-0391,29/11/2022,Tech Failure,ATM Network,174.95,1,0.8,2.87,2.28,3.6,25,2
ALE-1264,1/3/2022,Tech Failure,Retail Banking,10,3,0.99,2.63,1.86,3,25,1
ALE-0397,22/8/2022,Data Breach,E-Banking,102.66,4,1.83,1.9,1.73,3,21,1
ALE-0639,19/4/2022,Data Breach,Online Services,163.99,4,1.79,2.17,1.88,3.9,20,1
ALE-0514,30/4/2022,System Failure,E-Banking,208.57,2,2.31,2.28,2.03,4,25,1
ALE-0672,10/6/2022,Data Breach,ATM Network,109.59,4,2.07,2.19,1.75,3.7,15,1
ALE-0806,9/3/2022,Tech Failure,E-Banking,144.27,2,2.27,2.38,2.26,3.6,19,0
ALE-0497,16/10/2022,Cyber-Fraud,Payments,188.77,1,1.89,2.63,2.23,3.6,24,2
ALE-1238,5/6/2022,Tech Failure,Retail Banking,145.58,1,2.18,3.24,2.39,3.1,15,2
ALE-0964,8/6/2022,System Failure,Retail Banking,194.09,4,2.02,2.8,2.3,2.7,16,2
ALE-1252,13/2/2022,Phishing,E-Banking,39.73,4,0.95,2.61,1.87,3,21,0
ALE-1241,13/4/2022,Cyber-Fraud,Retail Banking,255.02,4,1.23,1.5,1.03,2.7,15,0
ALE-0786,11/1/2022,Data Breach,E-Banking,10,1,2.35,3.47,2.98,3.7,19,2
ALE-0194,13/4/2022,Tech Failure,E-Banking,156.39,3,2.16,3.47,2.78,3.8,17,1
OLE-0796,11/6/2022,Tech Failure,Retail Banking,5,3,0.91,0.73,1,3.8,15,2
OLE-0646,14/8/2022,Tech Failure,ATM Network,33.62,3,0.89,1.02,1,3.5,24,0
ALE-0155,4/9/2022,Phishing,Payments,221.35,1,1.31,2.13,1.55,2.8,22,2
ALE-1119,27/10/2022,Cyber-Fraud,Online Services,213.11,2,1.61,2.68,1.83,2.6,18,1
ALE-0740,4/12/2022,System Failure,ATM Network,125.63,3,1.28,2.88,2.3,4,26,1
OLE-0557,1/7/2023,System Failure,Payments,39.77,1,1.2,0.98,1,2.8,17,0
OLE-0682,6/5/2022,Data Breach,Payments,46.56,5,0.5,0.85,1,3,23,0
OLE-0578,4/1/2023,Tech Failure,Retail Banking,43.62,5,0.99,0.83,1,3,18,1
ALE-0962,16/11/2022,Tech Failure,Online Services,352.61,3,1.87,2.27,1.8,2.7,19,1
ALE-0252,3/8/2022,Cyber-Fraud,Online Services,220.43,5,1.14,3.05,2.64,4,23,2
ALE-0409,6/2/2022,Tech Failure,Retail Banking,158.82,5,1.24,3.48,2.56,3.6,18,0
ALE-0865,18/7/2022,Tech Failure,ATM Network,145.25,5,1.54,1.35,1.23,3.1,28,2
ALE-1005,16/2/2022,System Failure,ATM Network,99.91,4,1.81,3.43,3.41,3.4,25,2
ALE-0326,24/1/2022,Cyber-Fraud,Payments,215.21,1,2.41,2.61,1.9,3.1,18,1
OLE-0525,18/10/2023,Cyber-Fraud,Payments,46.81,2,0.84,1.24,1,3.5,23,0
ALE-0202,13/3/2022,System Failure,Retail Banking,217.66,4,2.32,2.6,2.21,3.2,16,1
OLE-0541,7/6/2022,System Failure,Payments,58.37,2,1.41,1.32,1,3.3,17,1
ALE-0337,25/10/2022,Phishing,E-Banking,165.87,3,2,2.83,3.39,2.6,16,2
ALE-0821,1/8/2022,Tech Failure,ATM Network,114.53,4,1.68,2.88,2.46,3.7,25,1
OLE-0749,27/6/2023,Tech Failure,Payments,54.55,2,0.48,1.3,1,3.6,20,1
OLE-0231,11/7/2023,Cyber-Fraud,ATM Network,28.7,5,1.47,0.53,1,3.8,22,0
ALE-0573,9/6/2022,Data Breach,Retail Banking,10,4,1.61,1.3,1.29,3.3,18,2
OLE-0485,6/11/2022,Tech Failure,Retail Banking,33.9,2,0.35,1.2,1,3,18,0
ALE-0900,26/1/2022,Tech Failure,Retail Banking,187.51,5,1.11,1.67,1.3,3.3,22,0
ALE-1066,21/11/2022,Data Breach,Retail Banking,32.21,2,2.89,2.85,2.49,3.5,28,2
OLE-0096,8/1/2022,Tech Failure,Payments,96.3,5,1.14,1.43,1,3.7,16,1
ALE-0163,4/11/2022,Phishing,E-Banking,122.42,4,2.76,2.23,1.9,3.1,20,1
OLE-0564,27/11/2023,Data Breach,Retail Banking,9.62,5,0.52,0.93,1,2.7,20,0
ALE-0006,13/12/2022,Cyber-Fraud,ATM Network,206.59,1,2.35,3.4,2.9,3.1,25,2
ALE-0627,18/5/2022,System Failure,Payments,122.71,4,1.5,2.1,2.11,3.9,19,2
ALE-1024,22/5/2022,Phishing,E-Banking,119.98,5,1.62,1.88,2.07,2.7,19,2
ALE-0181,1/4/2022,Cyber-Fraud,E-Banking,229.66,4,2.96,3.33,2.33,3.6,18,1
OLE-0207,29/4/2022,Cyber-Fraud,Payments,110.54,4,0.85,0.77,1,2.8,23,2
OLE-0393,13/12/2023,System Failure,Retail Banking,41.46,3,0.61,0.81,1,3.8,20,2
ALE-0013,8/12/2022,Data Breach,Payments,225.01,4,2.29,1.77,2.18,2.8,24,1
OLE-0398,1/8/2023,System Failure,ATM Network,72.79,4,0.58,0.71,1,3.8,21,1
ALE-1208,9/12/2022,Tech Failure,Retail Banking,235.71,2,2.17,2.26,1.55,3.1,23,1
ALE-0171,17/7/2022,Phishing,Payments,220.47,5,1.99,1.86,2.1,3.6,17,1
ALE-0628,13/8/2022,Data Breach,ATM Network,188.42,5,2.31,1.69,1.21,2.6,17,0
ALE-0103,30/11/2022,System Failure,Retail Banking,129.08,3,2.67,2.87,2.07,2.9,28,0
ALE-0713,20/1/2022,System Failure,ATM Network,142.3,5,2.01,1.83,1.88,2.7,21,2
ALE-1038,14/8/2022,System Failure,Payments,183.34,2,2.77,1.25,0.89,3.9,16,2
OLE-0805,29/4/2023,Tech Failure,E-Banking,5,4,1.06,1.47,1,3.7,21,0
ALE-0894,9/7/2022,System Failure,Retail Banking,184.89,4,2.73,2.81,2.23,3.6,29,2
OLE-0503,22/12/2023,Data Breach,E-Banking,74.64,1,0.74,1.25,1,3.8,20,1
OLE-0780,10/4/2022,Tech Failure,Payments,113.08,1,0.67,1.39,1,3.7,20,1
ALE-1006,15/6/2022,Tech Failure,ATM Network,10,1,1.89,2.26,1.74,2.6,26,0
OLE-0201,19/3/2023,System Failure,ATM Network,25.06,3,1.18,1.15,1,3.7,20,0
ALE-0939,24/10/2022,Cyber-Fraud,Retail Banking,66.36,4,1.48,1.92,2,3,25,2
OLE-0379,6/7/2022,Tech Failure,Payments,76.61,3,0.94,0.6,1,2.8,24,2
OLE-0419,19/12/2022,Cyber-Fraud,E-Banking,69.9,2,1.02,1.01,1,2.6,24,1
ALE-0841,2/12/2022,System Failure,ATM Network,188.35,5,0.88,1.94,1.45,3.9,20,2
OLE-0392,27/9/2023,Tech Failure,E-Banking,26.49,4,1.39,0.66,1,2.8,15,2
ALE-0665,25/6/2022,Cyber-Fraud,Retail Banking,80.02,5,2.34,3.28,2.41,2.9,18,0
ALE-0305,7/6/2022,Cyber-Fraud,E-Banking,143.86,1,2.74,3.41,2.39,3.6,25,1
ALE-0638,22/3/2022,Phishing,E-Banking,240.92,2,2.79,2.36,1.94,3.6,24,0
ALE-1170,26/4/2022,System Failure,Retail Banking,273.13,1,2.62,1.87,1.37,3.9,27,2
ALE-0295,23/9/2022,Data Breach,ATM Network,250.23,3,0.89,1.92,1.6,3.9,16,1
ALE-0510,20/3/2022,Cyber-Fraud,Retail Banking,206.57,4,2.72,1.51,1.64,3,21,1
OLE-0065,25/7/2023,Cyber-Fraud,ATM Network,59.76,4,1.24,1.33,1,3.2,21,2
ALE-1205,5/8/2022,Cyber-Fraud,Retail Banking,121.3,1,2.87,3.06,2.23,2.8,26,0
ALE-0323,26/8/2022,Cyber-Fraud,Payments,83.41,5,1.92,2.78,2.24,3.7,17,2
OLE-0493,28/12/2023,Cyber-Fraud,E-Banking,65.68,5,0.81,1.12,1,2.6,20,2
OLE-0380,27/8/2023,Tech Failure,E-Banking,95.44,5,0.6,0.92,1,3.7,20,2
OLE-0764,31/5/2023,Data Breach,Retail Banking,89.26,4,1.17,0.82,1,3,14,0
OLE-0792,3/9/2023,System Failure,E-Banking,39.98,1,0.63,0.57,1,3.6,20,0
ALE-0219,23/12/2022,System Failure,Payments,185.76,1,1.83,3.36,3.61,4,18,0
ALE-0021,9/8/2022,Cyber-Fraud,ATM Network,170.48,3,1.65,1.76,1.22,3.3,22,2
OLE-0338,6/12/2023,Cyber-Fraud,Retail Banking,41.45,3,0.69,0.8,1,2.8,23,2
ALE-0159,26/8/2022,Tech Failure,Payments,76.89,1,2.91,2.79,2.05,3.1,20,0
ALE-0418,24/11/2022,Cyber-Fraud,ATM Network,134.12,4,2.55,2.22,2.17,3.6,21,0
OLE-0456,21/12/2023,System Failure,E-Banking,60.02,4,1.04,1.02,1,3,20,0
OLE-0816,7/5/2022,System Failure,Retail Banking,24.73,5,1.38,1.4,1,3.5,15,1
ALE-0138,12/4/2022,Tech Failure,Retail Banking,118.19,2,1.51,3,2.25,3.2,15,2
ALE-1124,29/11/2022,Cyber-Fraud,ATM Network,190.32,3,1.6,2.53,2.71,3.7,27,0
OLE-0202,19/1/2022,Tech Failure,E-Banking,92.51,5,0.65,0.64,1,3.5,15,2
OLE-0162,18/1/2022,Cyber-Fraud,Payments,43.72,1,0.43,0.67,1,4,21,2
ALE-0722,15/9/2022,Data Breach,ATM Network,168.67,1,1.35,2.19,1.92,2.7,21,1
OLE-0703,13/12/2023,System Failure,E-Banking,48.63,1,1.41,1.21,1,3.1,19,2
ALE-0643,4/1/2022,Data Breach,Online Services,156.91,1,0.99,1.86,1.38,2.7,23,0
ALE-0272,9/4/2022,Cyber-Fraud,Payments,132.39,2,2.81,1.59,1.16,3.9,23,0
ALE-0164,2/9/2022,System Failure,Retail Banking,115.49,4,1.33,2.06,2.14,3.3,24,2
ALE-0728,15/4/2022,System Failure,E-Banking,222.82,5,2.11,1.74,1.19,3.4,26,1
ALE-1098,22/10/2022,Cyber-Fraud,Payments,92.4,2,1.65,2.9,2.16,3.4,18,2
OLE-0035,25/9/2023,Cyber-Fraud,E-Banking,28.99,3,0.58,0.89,1,3.4,22,1
OLE-0776,30/8/2023,Data Breach,ATM Network,77.04,3,1.49,0.77,1,3.7,19,1
ALE-0621,18/2/2022,Data Breach,Retail Banking,73.65,5,1.37,3.37,2.88,3.7,21,0
ALE-0533,26/10/2022,Phishing,Online Services,208.44,2,1.89,1.92,1.69,3,25,0
ALE-0506,30/12/2022,Cyber-Fraud,Online Services,205.61,4,0.97,3.26,2.39,2.7,20,2
ALE-1184,20/7/2022,System Failure,Payments,133.35,3,1.9,1.64,1.38,3.1,21,0
OLE-0242,9/5/2022,Data Breach,Retail Banking,90.13,3,0.63,0.63,1,3,19,2
ALE-1204,4/10/2022,Data Breach,Payments,326.69,4,1.36,2.66,2.9,3.1,21,0
OLE-0601,2/3/2023,Tech Failure,Payments,36.51,4,0.87,1.26,1,3.5,15,0
ALE-0440,19/11/2022,System Failure,ATM Network,203.06,3,1.5,1.59,1.62,2.6,21,2
ALE-1211,4/2/2022,Tech Failure,Payments,127.39,3,2.01,3,3.04,3.5,24,2
OLE-0647,29/3/2022,Cyber-Fraud,E-Banking,76.66,5,1.19,1.14,1,3,24,1
ALE-0671,11/7/2022,Tech Failure,Retail Banking,52.1,5,2.04,2.84,2.17,3.5,22,0
ALE-0410,8/4/2022,System Failure,Online Services,161.36,2,2.06,1.71,1.22,3.6,23,2
ALE-1042,10/10/2022,Data Breach,Online Services,62.64,1,2.2,1.3,0.87,3,23,2
OLE-0563,29/11/2023,Cyber-Fraud,E-Banking,57.27,3,0.71,1.37,1,2.6,20,2
OLE-0190,31/12/2023,System Failure,Retail Banking,24.52,2,1.16,1.32,1,3.7,19,1
ALE-0949,12/2/2022,System Failure,Payments,85.45,1,2.6,3.01,2.07,3.6,15,1
ALE-0118,6/3/2022,Phishing,ATM Network,204.01,3,2.37,2.72,2.2,2.9,21,2
ALE-1190,20/11/2022,System Failure,Retail Banking,202.66,4,1.01,1.81,1.26,2.9,21,1
ALE-0225,30/8/2022,Phishing,Retail Banking,257.57,1,1.13,1.61,1.61,3.9,16,0
OLE-0475,13/1/2022,Data Breach,E-Banking,22.52,5,0.58,0.6,1,2.8,15,1
OLE-0748,17/4/2022,Data Breach,Retail Banking,79.15,2,1.25,1.18,1,3.8,18,2
OLE-0022,4/6/2022,Cyber-Fraud,Payments,29,4,0.33,0.84,1,3.1,15,0
OLE-0460,17/3/2022,Data Breach,E-Banking,20.53,3,0.71,1.37,1,2.5,14,2
ALE-0327,22/1/2022,Tech Failure,Online Services,370.73,2,2.06,2.22,1.75,3.4,20,1
ALE-0098,11/11/2022,System Failure,Online Services,31.08,3,2.32,2.38,1.9,3.8,23,1
ALE-0358,7/4/2022,Cyber-Fraud,E-Banking,10,1,2.17,1.63,1.44,3.6,15,1
ALE-0658,26/4/2022,Cyber-Fraud,Retail Banking,135.86,5,1.16,1.74,1.51,2.9,27,2
OLE-0770,12/1/2023,Cyber-Fraud,ATM Network,65.41,5,1.5,0.68,1,2.5,24,2
ALE-0828,12/9/2022,Tech Failure,ATM Network,127.88,2,1.69,2.96,3.05,3.8,29,2
OLE-0131,12/9/2022,Data Breach,E-Banking,83.21,3,0.8,1.3,1,3.2,14,0
ALE-1278,15/9/2022,Phishing,E-Banking,128.91,1,1.28,3.09,2.56,3.6,18,1
ALE-0625,4/5/2022,Data Breach,ATM Network,135.5,3,1.67,3.1,3.14,2.9,23,0
OLE-0331,24/12/2023,Data Breach,Payments,61.59,2,1.19,0.59,1,3.4,17,0
ALE-0381,23/9/2022,Cyber-Fraud,ATM Network,10,5,0.85,1.92,1.4,3.3,24,1
OLE-0467,10/6/2023,Tech Failure,Payments,62.93,5,0.76,0.55,1,3.1,16,2
ALE-0781,29/4/2022,Cyber-Fraud,ATM Network,153.5,3,1.01,1.57,1.83,3.1,18,1
ALE-0238,28/10/2022,Tech Failure,E-Banking,150.66,2,1.29,1.28,1.18,2.9,25,2
ALE-0273,30/1/2022,Phishing,Online Services,157.13,4,2.32,2.87,2.23,3,22,1
ALE-0437,8/11/2022,Phishing,Retail Banking,152.62,4,2.47,1.72,1.8,2.7,26,0
ALE-0003,19/11/2022,Data Breach,ATM Network,138.42,3,0.92,2.23,2.67,3.4,16,1
