SCENARIO ID,DATE,EVENT TYPE,PROCESS AREA,LOSS AMOUNT(USD),FREQUENCY,SEVERITY,OPVAR(%),ML,GDP (%),VIX,TARGET,MONTH,QUARTER,YEAR,DAY_OF_WEEK,LOSS_PER_FREQ,SEV_OPVAR_RATIO,RISK_COMPOSITE,GDP_VIX_RATIO,EVENT_ENC,PROCESS_ENC,SCENARIO_PREFIX,SCENARIO_ENC,ANOMALY_ISO,ANOMALY_SCORE,ZSCORE_LOSS,ANOMALY_Z,ANOMALY_COMBINED,PREDICTED_LOSS,PREDICTED_TARGET,PROB_HIGH_RISK,RISK_SCORE,ALERT_TIER
ALE-0302,2016-02-27,Cyber-Fraud,ATM Network,169.84,4,1.15,1.49,1.6,3.0,22,0.0,2,1,2016,5,42.459999989385,0.771812080018918,6.853999999999999,0.136363636357438,0,0,ALE,0,0,-0.08946777149068452,0.7623525402003024,0,0,162.53031914757338,0,0.008239252969321905,28.469995137511383,LOW
ALE-1159,2018-02-17,Phishing,E-Banking,86.18,3,1.41,1.86,1.41,2.5,28,,2,1,2018,5,28.726666657091112,0.7580645157214706,7.8678,0.0892857142825255,2,1,ALE,0,0,-0.049626694206115984,0.33221250035899724,0,0,93.15182556112862,0,0.20618375907892234,30.226202241286664,MEDIUM
ALE-0121,2016-08-25,Cyber-Fraud,Online Services,46.53,3,2.68,2.35,1.84,3.1,27,0.0,8,3,2016,3,15.50999999483,1.1404255314296061,18.894000000000002,0.11481481481056242,0,2,ALE,0,0,-0.06984925650325347,0.8509730054770493,0,0,58.745138141502565,0,0.006348884753217793,14.747479273574642,LOW
OLE-0760,2025-04-16,Cyber-Fraud,Retail Banking,85.32,5,0.42,1.04,1.0,2.6,22,,4,2,2025,2,17.0639999965872,0.4038461534578402,2.184,0.11818181817644628,0,4,OLE,1,0,-0.05270169881820452,0.34346430450531584,0,0,64.99086706955966,0,0.0030196089842006463,18.166492661735727,LOW
ALE-0017,2019-09-05,Data Breach,E-Banking,111.74,4,1.14,3.18,3.22,3.4,25,0.0,9,3,2019,3,27.93499999301625,0.3584905659250029,14.5008,0.13599999999456,1,1,ALE,0,0,-0.08453399289935981,0.002201585664140293,0,0,110.03280491240267,0,0.0036120842615889465,20.661466582371453,LOW
OLE-0110,2019-09-17,Tech Failure,Payments,77.12,4,0.73,1.48,1.0,3.7,14,,9,3,2019,1,19.279999995180003,0.49324324290997074,4.3216,0.2642857142668367,4,3,OLE,1,0,-0.03440489271601299,0.45074894869114235,0,0,73.96251200884272,0,0.14945058021117133,27.432251871942082,LOW
ALE-0320,2014-06-24,Phishing,ATM Network,144.96,4,1.08,2.15,2.65,3.8,29,,6,2,2014,1,36.23999999094,0.5023255811617091,9.288,0.13103448275410226,2,0,ALE,0,0,-0.051437189225246094,0.4368352295486723,0,0,144.41699285468542,0,0.02100969398005428,31.657480162028396,MEDIUM
OLE-0260,2022-05-18,Cyber-Fraud,ATM Network,41.98,2,1.15,0.92,1.0,3.0,20,,5,2,2022,2,20.989999989504998,1.2499999986413042,2.116,0.1499999999925,0,0,OLE,1,0,-0.09213431709084685,0.9105028995069897,0,0,56.012607976167466,0,0.007102458373303819,11.038252419040784,LOW
ALE-0840,2016-09-12,System Failure,Retail Banking,171.13,2,2.73,3.08,2.5,4.0,23,,9,3,2016,0,85.5649999572175,0.8863636360758559,16.8168,0.17391304347069944,3,4,ALE,0,0,-0.0207377674525564,0.7792302464197799,0,0,194.39421758624363,0,0.11447769928051571,47.44919353245605,MEDIUM
OLE-0480,2017-11-07,Tech Failure,E-Banking,23.7,1,1.45,1.39,1.0,3.5,21,,11,4,2017,1,23.6999999763,1.0431654668754204,2.0155,0.16666666665873014,4,1,OLE,1,0,-0.08506564724615451,1.149669155082223,0,0,47.69721603792076,0,0.0012257639469738669,10.552273410448864,LOW
ALE-0250,2018-06-30,Tech Failure,Payments,199.57,1,0.87,1.79,1.25,3.7,22,0.0,6,2,2018,5,199.56999980042997,0.4860335192815455,1.5573000000000001,0.16818181817417355,4,3,ALE,0,0,-0.020161227380924185,1.1513247928398909,0,0,197.53413538526505,0,0.1648232490921534,49.79769133721763,MEDIUM
OLE-0837,2017-02-04,Cyber-Fraud,Payments,95.33,4,0.63,0.9,1.0,3.7,15,,2,1,2017,5,23.832499994041875,0.6999999992222222,2.2680000000000002,0.24666666665022224,0,3,OLE,1,0,-0.056204450303131814,0.2124985376394469,0,0,80.83417461749633,0,0.04000450413384495,21.47047273682413,LOW
ALE-1149,2019-10-11,System Failure,Online Services,104.39,5,2.58,1.8,1.32,2.9,17,,10,4,2019,4,20.8779999958244,1.433333332537037,23.220000000000002,0.17058823528408304,3,2,ALE,0,0,-0.0661082492366617,0.09396208930730182,0,0,95.79037175161778,0,0.020801244697621533,21.718558782858484,LOW
OLE-0071,2015-12-11,Tech Failure,ATM Network,50.89,1,0.65,1.27,1.0,3.4,15,,12,4,2015,4,50.88999994911,0.5118110232190464,0.8255,0.22666666665155555,4,0,OLE,1,0,-0.043017217247112605,0.7939289751538537,0,0,62.804707036189185,0,0.04698771046423256,20.790431520022466,LOW
OLE-0232,2025-06-27,Tech Failure,E-Banking,32.07,5,0.34,0.68,1.0,3.8,22,0.0,6,2,2025,4,6.4139999987172,0.4999999992647059,1.1560000000000001,0.17272727271942148,4,1,OLE,1,0,-0.05658162347844642,1.0401603170535192,0,0,27.970515293844432,0,0.000802805119682,11.607059656589781,LOW
OLE-0291,2025-03-11,Cyber-Fraud,Payments,34.75,3,0.7,1.25,1.0,3.4,24,0.0,3,1,2025,1,11.583333329472222,0.559999999552,2.6249999999999996,0.14166666666076388,0,3,OLE,1,0,-0.07789724791547525,1.0050965552952247,0,0,38.21871202764834,0,0.0004967937588258444,10.075631898681694,LOW
ALE-0335,2018-09-28,Phishing,Online Services,192.93,5,1.67,2.14,1.79,2.8,21,0.0,9,3,2018,4,38.5859999922828,0.7803738314110401,17.869,0.1333333333269841,2,2,ALE,0,0,-0.10376155450281366,1.0644503980357582,0,0,170.23125870797352,0,0.014177102378626575,27.79030150790709,LOW
OLE-0619,2024-04-02,Cyber-Fraud,Retail Banking,57.33,5,0.92,1.49,1.0,3.4,14,,4,2,2024,1,11.465999997706799,0.6174496640151345,6.854000000000001,0.2428571428397959,0,4,OLE,1,0,-0.03137456920247428,0.7096712789883997,0,0,50.064144162689175,0,0.01693586254244437,19.42942513040235,LOW
OLE-0298,2015-02-25,Tech Failure,Retail Banking,102.76,1,0.94,1.01,1.0,3.7,22,0.0,2,1,2015,2,102.75999989724,0.9306930683854523,0.9493999999999999,0.16818181817417355,4,4,OLE,1,0,-0.04503916521376827,0.11528818321253315,0,0,94.25290855021693,0,0.1777608060161961,30.086338268530138,MEDIUM
ALE-0880,2018-12-21,System Failure,Online Services,104.03,1,1.32,2.42,2.75,3.3,24,,12,4,2018,4,104.02999989597,0.545454545229151,3.1944,0.13749999999427082,3,2,ALE,0,0,-0.09881717076033891,0.09867214685692346,0,0,150.8301340638364,0,0.02033101413008862,25.641905999035004,LOW
ALE-0227,2018-09-04,Tech Failure,Retail Banking,46.37,4,2.93,3.41,3.25,2.6,29,,9,3,2018,1,11.592499997101875,0.8592375364049156,39.9652,0.08965517241070155,4,4,ALE,0,1,0.036774008739137165,0.8530663643879924,0,1,72.57195969143412,1,0.4344875763226461,47.72554101518904,MEDIUM
OLE-0411,2019-08-06,Tech Failure,Payments,44.84,4,0.79,0.63,1.0,2.8,19,,8,3,2019,1,11.209999997197501,1.2539682519778284,1.9908000000000001,0.14736842104487533,4,3,OLE,1,0,-0.07856389341440062,0.8730841089738843,0,0,40.35084019780933,0,0.00640916063275254,10.524085804686159,LOW
ALE-0826,2015-09-12,System Failure,Payments,81.88,4,1.67,1.97,1.9,2.8,28,,9,3,2015,5,20.4699999948825,0.8477157356102966,13.1596,0.09999999999642857,3,3,ALE,0,0,-0.06687809827253838,0.3884715210905894,0,0,84.46488233923029,0,0.0020449710864858255,19.140883843044534,LOW
OLE-0586,2021-07-22,Tech Failure,Payments,58.38,4,1.11,0.8,1.0,2.8,18,,7,3,2021,3,14.59499999635125,1.387499998265625,3.5520000000000005,0.15555555554691358,4,3,OLE,1,0,-0.08194223575403015,0.6959336111353365,0,0,56.40962267005325,0,0.0019867651685427598,12.431614523374975,LOW
ALE-0321,2016-07-08,System Failure,Payments,120.28,4,1.22,1.82,1.55,3.7,26,,7,3,2016,4,30.0699999924825,0.6703296699613572,8.8816,0.14230769230221893,3,3,ALE,0,0,-0.09175139164329443,0.11393461753572082,0,0,123.2143492519522,0,0.008464092028361085,21.866057424616407,LOW
ALE-0179,2018-03-01,Data Breach,ATM Network,126.81,5,1.44,2.53,2.99,2.8,17,0.0,3,1,2018,3,25.3619999949276,0.56916996024934,18.215999999999998,0.1647058823432526,1,0,ALE,0,0,-0.08359806233608963,0.19936982808858034,0,0,106.38595328691298,0,0.01712941022181764,20.69121681074421,LOW
ALE-0979,2017-02-10,Cyber-Fraud,ATM Network,18.2,2,1.87,3.02,2.1,3.1,29,0.0,2,1,2017,4,9.09999999545,0.6192052978082102,11.2948,0.10689655172045184,0,0,ALE,0,0,-0.042537526177626406,1.221628367645887,0,0,38.659340696791546,0,0.019063480347472538,16.03120645390515,LOW
ALE-0046,2019-02-25,Tech Failure,ATM Network,158.24,2,2.46,3.43,2.55,2.5,18,,2,1,2019,0,79.11999996044,0.7172011659716614,16.875600000000002,0.13888888888117285,4,0,ALE,0,0,-0.008231621411615264,0.6105840191569379,0,0,191.52609758723958,0,0.18958768713484545,51.4720584708555,HIGH
OLE-0368,2024-11-11,Data Breach,Retail Banking,5.0,2,0.71,1.33,1.0,3.9,21,,11,4,2024,0,2.49999999875,0.533834586064786,1.8886,0.18571428570544218,1,4,OLE,1,0,-0.04796331209997484,1.3943304777986811,0,0,12.509997920996355,0,0.0024242424242424242,10.472803155856521,LOW
OLE-0832,2018-03-01,Cyber-Fraud,Retail Banking,21.04,3,0.79,0.79,1.0,3.3,22,,3,1,2018,3,7.013333330995555,0.9999999987341772,1.8723,0.1499999999931818,0,4,OLE,1,0,-0.08157437173343701,1.1844712469766494,0,0,27.410048409874502,0,0.0015278838808250575,7.842528373779328,LOW
OLE-0248,2016-12-11,Tech Failure,Payments,103.86,2,1.27,0.7,1.0,3.0,19,0.0,12,4,2016,6,51.929999974035,1.8142857116938778,1.7779999999999998,0.157894736833795,4,3,OLE,1,0,-0.034653572039298974,0.10089634069980039,0,0,83.78497242006424,0,0.004058834295628069,23.874100957400994,LOW
ALE-1054,2015-06-14,Cyber-Fraud,Online Services,197.22,4,2.81,3.43,2.72,4.0,24,,6,2,2015,6,49.304999987673746,0.8192419822684426,38.553200000000004,0.1666666666597222,0,2,ALE,0,1,0.015457010603851629,1.1205785838354163,0,1,197.9002954902382,1,0.8592143044502158,79.43351219051955,CRITICAL
ALE-0423,2015-12-05,Tech Failure,ATM Network,61.13,1,2.08,3.38,2.97,3.9,15,0.0,12,4,2015,5,61.12999993887,0.615384615202549,7.0304,0.25999999998266665,4,0,ALE,0,1,0.018375149851128203,0.6599540048535043,0,1,123.17511893596635,1,0.8491884717616845,67.59069993297345,HIGH
OLE-0136,2015-11-23,System Failure,Payments,43.44,3,0.57,1.23,1.0,3.4,24,,11,4,2015,0,14.479999995173332,0.46341463376958153,2.1033,0.14166666666076388,3,3,OLE,1,0,-0.06564818956957902,0.8914009994446354,0,0,49.915196222284116,0,0.0004967937588258444,13.755671267589308,LOW
ALE-0778,2016-02-03,Phishing,Online Services,146.89,5,2.74,2.55,1.9,2.9,19,0.0,2,1,2016,2,29.377999994124398,1.0745098035001923,34.935,0.15263157893933518,2,2,ALE,0,0,-0.05798572371162691,0.4620863714119215,0,0,136.98680281153767,0,0.05614705580791783,30.732056028031852,MEDIUM
OLE-0241,2021-03-23,System Failure,ATM Network,74.36,1,1.32,0.92,1.0,3.0,18,0.0,3,1,2021,1,74.35999992564,1.4347826071361058,1.2144000000000001,0.1666666666574074,3,0,OLE,1,0,-0.06352958804391062,0.48685938990490846,0,0,73.08693438797567,0,0.06845397605080562,20.145395047340212,LOW
OLE-0580,2019-02-19,Tech Failure,ATM Network,81.82,5,0.65,0.7,1.0,2.9,14,,2,1,2019,1,16.3639999967272,0.928571427244898,2.275,0.20714285712806121,4,0,OLE,1,0,-0.043346147023666015,0.38925653068219307,0,0,66.57485439152487,0,0.02377727461463194,20.530970585550783,LOW
ALE-0893,2014-09-16,Cyber-Fraud,Retail Banking,136.98,2,1.15,2.89,2.62,3.2,25,0.0,9,3,2014,1,68.48999996575499,0.39792387529483597,6.646999999999999,0.12799999999488001,0,4,ALE,0,0,-0.06397834229757426,0.332428953865392,0,0,155.33803946254466,0,0.06796015193793783,33.186561420036355,MEDIUM
ALE-0859,2018-11-09,Cyber-Fraud,E-Banking,91.93,4,2.4,3.37,2.75,3.6,15,,11,4,2018,4,22.982499994254376,0.7121661718954996,32.352,0.239999999984,0,1,ALE,0,1,0.010657867182949587,0.25698241449698467,0,1,98.08187723563472,1,0.7297659188943807,58.26412029859449,HIGH
OLE-0850,2015-02-19,System Failure,Retail Banking,20.54,3,1.28,0.73,1.0,2.8,22,,2,1,2015,3,6.846666664384444,1.7534246551322952,2.8032,0.12727272726694214,3,4,OLE,1,0,-0.05939427136092007,1.1910129935733462,0,0,25.90287455180629,0,0.0007198787358622609,10.85777556966217,LOW
OLE-0290,2017-01-05,Data Breach,Retail Banking,5.0,4,1.0,0.62,1.0,2.8,24,,1,1,2017,3,1.2499999996875,1.612903223204995,2.48,0.11666666666180554,1,4,OLE,1,0,-0.04566228319170884,1.3943304777986811,0,0,15.142076333372394,0,0.019216843024509364,11.821242444163113,LOW
OLE-0307,2014-01-31,Tech Failure,Payments,15.53,2,1.39,1.26,1.0,3.4,23,,1,1,2014,4,7.764999996117499,1.1031746022990676,3.5027999999999997,0.14782608695009453,4,3,OLE,1,0,-0.0876970636320743,1.2565612944722477,0,0,24.37605769830305,0,0.0016898452599723656,6.457522363239581,LOW
ALE-0795,2018-07-30,Cyber-Fraud,Payments,113.67,3,2.45,2.11,2.23,3.3,18,,7,3,2018,0,37.88999998737,1.161137440207992,15.5085,0.18333333332314813,0,3,ALE,0,0,-0.07242136612281885,0.027452727527389826,0,0,133.94584130122337,0,0.006996620881850594,26.389172239783896,LOW
OLE-0842,2022-12-20,Data Breach,Payments,40.89,1,1.1,1.31,1.0,3.3,14,,12,4,2022,1,40.88999995911,0.8396946558475613,1.4410000000000003,0.23571428569744896,1,3,OLE,1,0,-0.06588031869157912,0.9247639070877887,0,0,56.28870348695262,0,0.011883342647544533,15.136858116459845,LOW
ALE-0082,2019-09-23,System Failure,Retail Banking,186.46,1,1.71,1.95,1.59,3.9,18,0.0,9,3,2019,0,186.45999981353998,0.8769230764733728,3.3345,0.21666666665462964,3,4,ALE,0,1,0.005109890127205752,0.9798001970745024,0,1,187.78776830839053,1,0.40048607448126344,60.23234303463399,HIGH
ALE-0108,2019-12-22,System Failure,Retail Banking,129.53,3,2.74,2.54,2.86,3.2,27,,12,4,2019,6,43.17666665227444,1.078740157055614,20.878800000000002,0.11851851851412895,3,4,ALE,0,0,-0.061174718426148966,0.23495692957461065,0,0,161.2129086516916,0,0.0004229588272918667,32.175328580821215,MEDIUM
ALE-0245,2019-03-21,Phishing,ATM Network,68.33,3,1.12,1.22,0.89,2.8,29,0.0,3,1,2019,3,22.776666659074444,0.9180327861327601,4.099200000000001,0.09655172413460165,2,0,ALE,0,0,-0.051323362368586145,0.5657528538610712,0,0,69.04417729894288,0,0.09714949368783475,22.311908685774036,LOW
OLE-0343,2015-04-08,System Failure,ATM Network,66.26,3,1.49,1.16,1.0,2.8,20,,4,2,2015,2,22.086666659304445,1.2844827575133768,5.185199999999999,0.139999999993,3,0,OLE,1,0,-0.0809460490727631,0.5928356847713957,0,0,67.41385688531281,0,0.013050950939456667,14.722315356331267,LOW
OLE-0308,2022-11-26,Tech Failure,Payments,5.0,5,0.95,1.26,1.0,3.0,24,,11,4,2022,5,0.9999999998,0.7539682533698664,5.985,0.12499999999479167,4,3,OLE,1,0,-0.05324560353776853,1.3943304777986811,0,0,16.98689042473561,0,0.05200768405354274,12.140499654353615,LOW
OLE-0671,2019-01-14,System Failure,ATM Network,76.06,3,0.85,0.76,1.0,3.8,14,0.0,1,1,2019,0,25.35333332488222,1.1184210511599724,1.938,0.27142857140918364,3,0,OLE,1,1,0.006528988880002973,0.4646174514761395,0,1,69.01659504537714,1,0.7790105760400485,54.7383765256092,HIGH
ALE-0446,2014-07-24,Tech Failure,Payments,220.49,2,1.19,2.3,2.01,3.2,26,0.0,7,3,2014,3,110.2449999448775,0.5173913041228734,5.473999999999999,0.12307692307218936,4,3,ALE,0,0,-0.07272115424980774,1.425031470445683,0,0,198.97892392949234,0,0.04702956544685296,38.123334135389555,MEDIUM
OLE-0675,2021-12-19,Tech Failure,Retail Banking,100.59,5,0.42,0.67,1.0,3.9,18,,12,4,2021,6,20.1179999959764,0.6268656707061706,1.4070000000000003,0.21666666665462964,4,4,OLE,1,0,-0.020351538281533688,0.14367936344219706,0,0,66.66134978620875,0,0.008791744624205358,23.424905545970848,LOW
ALE-0634,2017-03-18,System Failure,Online Services,123.94,2,1.55,1.97,2.38,3.4,20,,3,1,2017,5,61.969999969015,0.7868020300574609,6.107,0.1699999999915,3,2,ALE,0,0,-0.10482429711701413,0.16182020262354097,0,0,155.8994749554778,0,0.015335509737024307,25.38655652349748,LOW
ALE-1094,2016-03-04,Phishing,Payments,114.82,2,2.3,3.25,3.18,2.8,25,,3,1,2016,4,57.409999971294994,0.7076923074745561,14.95,0.11199999999551999,2,3,ALE,0,0,-0.07673732791768428,0.042498744699792236,0,0,172.11560517553278,0,0.02291142028371675,32.3979491242255,MEDIUM
OLE-0410,2023-11-04,Tech Failure,ATM Network,13.34,4,0.49,1.07,1.0,3.7,24,,11,4,2023,5,3.33499999916625,0.4579439248056598,2.0972,0.15416666666024306,4,0,OLE,1,0,-0.0477700203426662,1.2852141445657794,0,0,17.024660232317597,0,0.0030534030565544466,11.243852250159808,LOW
OLE-0508,2023-12-22,System Failure,Retail Banking,54.25,3,0.67,0.56,1.0,2.8,16,,12,4,2023,4,18.083333327305557,1.196428569292092,1.1256000000000002,0.1749999999890625,3,4,OLE,1,0,-0.06505831628334696,0.7499684380240517,0,0,54.56015361216159,0,0.0033542964954716395,14.684222285608001,LOW
OLE-0283,2023-04-20,System Failure,E-Banking,17.45,2,0.94,0.86,1.0,3.0,17,0.0,4,2,2023,3,8.7249999956375,1.0930232545429963,1.6167999999999998,0.1764705882249135,3,1,OLE,1,0,-0.1054740058914252,1.2314409875409322,0,0,31.171198999750487,0,0.0006637272776673039,4.873827401767201,LOW
ALE-1216,2018-07-06,Phishing,Retail Banking,340.16,3,2.49,1.36,0.94,2.6,29,0.0,7,3,2018,4,113.38666662887111,1.8308823515949393,10.159200000000002,0.08965517241070155,2,4,ALE,0,1,0.005275647367940728,2.990733100899083,1,1,249.30259664169682,1,0.7864128043084625,83.58030549879926,CRITICAL
OLE-0101,2016-04-03,System Failure,ATM Network,60.65,2,0.63,1.26,1.0,3.2,19,0.0,4,2,2016,6,30.324999984837497,0.4999999996031746,1.5876000000000001,0.1684210526227147,3,0,OLE,1,0,-0.06280837400927436,0.6662340815863332,0,0,59.525478671567846,0,0.001869272431820595,15.757699297727711,LOW
ALE-1253,2014-06-06,Data Breach,Payments,16.39,5,2.44,2.42,1.97,3.1,16,,6,2,2014,4,3.2779999993444,1.008264462393279,29.523999999999997,0.19374999998789064,1,3,ALE,0,0,-0.04760906594651704,1.2453094903259294,0,0,36.909508117253125,0,0.04292219824764846,15.836136980990556,LOW
ALE-0210,2015-04-14,Tech Failure,Online Services,10.0,5,0.8,3.2,3.9,3.6,19,0.0,4,2,2015,1,1.9999999996,0.249999999921875,12.8,0.18947368420055402,4,2,ALE,0,0,-0.03283434580304967,1.3289130118317138,0,0,36.69465137778345,0,0.07105890507592783,18.974210517220065,LOW
ALE-1079,2018-10-10,Cyber-Fraud,E-Banking,115.69,5,0.94,3.24,2.3,3.0,15,0.0,10,4,2018,2,23.1379999953724,0.29012345670057915,15.227999999999998,0.19999999998666668,0,1,ALE,0,0,-0.027378917435266548,0.053881383778044634,0,0,100.18427788776037,0,0.06546807836273444,29.717378045964054,LOW
ALE-0648,2015-04-08,Tech Failure,Payments,153.34,1,1.57,1.58,1.92,3.1,20,,4,2,2015,2,153.33999984666,0.9936708854470437,2.4806000000000004,0.15499999999225,4,3,ALE,0,0,-0.06513332315256282,0.5464749025093097,0,0,166.49082823336286,0,0.1727716928167956,38.46361864940961,MEDIUM
ALE-0066,2014-12-09,Data Breach,ATM Network,126.7,4,2.43,3.07,3.45,2.5,25,0.0,12,4,2014,1,31.67499999208125,0.7915309443675795,29.8404,0.099999999996,1,0,ALE,0,0,-0.024081761350082997,0.19793064383730707,0,0,140.00267874502703,0,0.09645636476227218,37.6440146716414,MEDIUM
ALE-0587,2015-05-02,System Failure,E-Banking,303.1,5,2.12,3.45,2.76,2.5,17,,5,2,2015,5,60.61999998787601,0.6144927534450746,36.57000000000001,0.14705882352076124,3,1,ALE,0,1,0.0031405839765585863,2.5058588431519198,1,1,228.56090675235004,1,0.44938365168257227,68.15839069055775,HIGH
OLE-0369,2024-12-05,Data Breach,Retail Banking,17.14,5,0.84,1.0,1.0,2.9,19,,12,4,2024,3,3.4279999993144,0.8399999991599999,4.2,0.15263157893933518,1,4,OLE,1,0,-0.09400971003330894,1.2354968704308842,0,0,19.695202902659446,0,0.002404224368816031,4.800934141424756,LOW
ALE-0529,2016-02-03,Phishing,E-Banking,125.87,2,2.13,2.48,1.97,2.7,28,,2,1,2016,2,62.9349999685325,0.8588709673956165,10.5648,0.09642857142512756,2,1,ALE,0,0,-0.07974404427465231,0.1870713444867905,0,0,160.82009947183644,0,0.03967506281692199,30.7370608685239,MEDIUM
OLE-0169,2015-05-26,Cyber-Fraud,Payments,5.0,4,1.0,1.5,1.0,2.7,15,,5,2,2015,1,1.2499999996875,0.6666666662222221,6.0,0.179999999988,0,3,OLE,1,0,-0.05192694938028719,1.3943304777986811,0,0,27.379490494652405,0,0.015027717756055254,12.699801233427028,LOW
ALE-0968,2019-02-25,System Failure,Online Services,161.55,1,2.44,2.64,2.42,3.9,29,0.0,2,1,2019,0,161.54999983845,0.9242424238923324,6.4416,0.13448275861605233,3,2,ALE,0,0,-0.016922552083675213,0.6538903816270705,0,0,175.33893933153502,0,0.26847859205084523,50.36344256563851,HIGH
ALE-1288,2015-03-21,Tech Failure,E-Banking,205.75,4,1.17,3.16,3.09,3.4,25,,3,1,2015,5,51.437499987140626,0.3702531644397933,14.7888,0.13599999999456,4,1,ALE,0,0,-0.07113967631000334,1.2321807807750627,0,0,184.87525474852575,0,0.014441042288959073,34.96635548194984,MEDIUM
ALE-0822,2019-01-26,Data Breach,ATM Network,177.67,3,2.74,2.05,2.4,3.9,29,0.0,1,1,2019,5,59.223333313592214,1.336585365201666,16.851,0.13448275861605233,1,0,ALE,0,0,-0.035903195622652095,0.8647962919045733,0,0,183.8408021726447,0,0.017402270387692424,40.12211144601232,MEDIUM
ALE-0813,2017-06-10,Data Breach,ATM Network,183.34,5,1.51,2.31,1.9,2.9,16,,6,2,2017,5,36.6679999926664,0.6536796533966754,17.4405,0.18124999998867186,1,0,ALE,0,0,-0.07417154770622253,0.9389796983111146,0,0,148.52359632311897,0,0.01592195178135341,28.768610942078805,LOW
ALE-0406,2014-07-24,Cyber-Fraud,Retail Banking,90.49,1,2.22,1.97,2.39,2.9,25,,7,3,2014,3,90.48999990950999,1.1269035527274602,4.3734,0.11599999999536,0,4,ALE,0,0,-0.06205374056369867,0.27582264469547146,0,0,129.13101870964,0,0.023837635226865845,27.745352276959306,LOW
ALE-0792,2017-02-28,Cyber-Fraud,Retail Banking,120.55,2,1.34,2.12,1.63,3.8,27,,2,1,2017,1,60.2749999698625,0.6320754713999643,5.6816,0.1407407407355281,0,4,ALE,0,0,-0.06163560195354767,0.117467160697937,0,0,143.1257235540667,0,0.007733169409092966,29.476755867831372,LOW
OLE-0591,2020-01-16,Data Breach,ATM Network,45.23,5,0.7,1.2,1.0,3.6,16,,1,1,2020,3,9.0459999981908,0.5833333328472222,4.2,0.2249999999859375,1,0,OLE,1,0,-0.06883320524224257,0.8679815466284609,0,0,39.34658840023436,0,0.010901463657560208,11.961811471764355,LOW
ALE-0546,2017-06-04,Data Breach,E-Banking,182.33,3,1.79,2.45,2.82,3.9,17,,6,2,2017,6,60.77666664640778,0.73061224459975,13.156500000000001,0.22941176469238753,1,1,ALE,0,0,-0.04797221878858937,0.9257653701857873,0,0,185.53139186650182,0,0.08014109431046426,40.800776455268455,MEDIUM
OLE-0536,2019-11-10,Cyber-Fraud,Retail Banking,50.05,5,0.77,1.04,1.0,2.7,16,,11,4,2019,6,10.009999997998,0.740384614672707,4.0040000000000004,0.16874999998945314,0,4,OLE,1,0,-0.040774639905259646,0.8049191094363043,0,0,42.325269733513004,0,0.0008229128144082078,16.238779025633654,LOW
ALE-0480,2016-01-10,Data Breach,ATM Network,89.19,2,1.53,2.12,1.93,3.4,22,0.0,1,1,2016,6,44.5949999777025,0.7216981128671235,6.4872000000000005,0.15454545453842974,1,0,ALE,0,0,-0.08733061917502055,0.29283118584688295,0,0,129.92028563486897,0,0.0074950263335362465,23.55676145040303,LOW
OLE-0495,2024-08-07,Tech Failure,ATM Network,90.11,1,0.65,0.77,1.0,3.0,22,0.0,8,3,2024,2,90.10999990988999,0.844155843059538,0.5005000000000001,0.136363636357438,4,0,OLE,1,0,-0.035259558978300576,0.2807943721089609,0,0,83.77520349717649,0,0.15250326775646916,28.97837369039737,LOW
OLE-0112,2014-12-21,System Failure,E-Banking,81.98,4,1.34,0.74,1.0,3.2,23,,12,4,2014,6,20.49499999487625,1.8108108083637693,3.9664,0.13913043477655956,3,1,OLE,1,0,-0.043581256840043436,0.38716317177125,0,0,73.11477690432608,0,0.0006637272776673039,20.73076779186051,LOW
OLE-0304,2015-10-30,Cyber-Fraud,Retail Banking,93.71,3,1.3,1.34,1.0,3.1,15,0.0,10,4,2015,4,31.236666656254442,0.9701492530073512,5.226000000000001,0.20666666665288888,0,4,OLE,1,0,-0.06534867356519242,0.23369379661274442,0,0,83.19339735753903,0,0.00031887067181184825,19.104027746358696,LOW
OLE-0097,2015-11-23,Tech Failure,Retail Banking,37.66,5,1.31,0.69,1.0,3.7,23,0.0,11,4,2015,0,7.531999998493599,1.8985507218861586,4.5195,0.16086956521039697,4,4,OLE,1,0,-0.02626331398472126,0.9670235901024498,0,0,34.57287577271646,0,0.022592238234961367,17.912222967336604,LOW
ALE-0168,2014-04-01,Phishing,ATM Network,225.99,1,1.33,1.59,1.36,2.9,19,0.0,4,2,2014,1,225.98999977401,0.8364779868952968,2.1147,0.15263157893933518,2,0,ALE,0,0,-0.026775749767819934,1.4969906830093471,0,0,221.22437905523864,0,0.3036268003228224,57.45673323005154,HIGH
ALE-0086,2014-01-19,System Failure,E-Banking,216.44,3,1.8,2.33,2.82,2.8,22,,1,1,2014,6,72.14666664261777,0.7725321885096428,12.582,0.12727272726694214,3,1,ALE,0,0,-0.08886920137926074,1.3720433230124391,0,0,209.13487889636068,0,0.017260847638358074,36.31111405267271,MEDIUM
OLE-0841,2020-08-25,Data Breach,E-Banking,90.9,1,0.81,0.83,1.0,3.0,18,,8,3,2020,1,90.8999999091,0.975903613282044,0.6723,0.1666666666574074,1,1,OLE,1,0,-0.06333521089647831,0.27045841248617997,0,0,81.91833919388021,0,0.05287232842821972,21.03805360831074,LOW
OLE-0276,2025-04-16,System Failure,ATM Network,5.0,3,0.95,0.77,1.0,3.1,19,0.0,4,2,2025,2,1.6666666661111111,1.23376623216394,2.1944999999999997,0.16315789472825484,3,0,OLE,1,0,-0.08015983382188308,1.3943304777986811,0,0,10.520003074459515,0,0.004069639101489575,5.445767083505623,LOW
ALE-0271,2017-07-16,Cyber-Fraud,Retail Banking,199.04,5,1.29,1.43,0.99,3.3,25,,7,3,2017,6,39.8079999920384,0.9020979014670644,9.2235,0.13199999999471998,0,4,ALE,0,0,-0.06466883478221996,1.1443905414473923,0,0,169.52992321054035,0,0.002016806722689076,33.04092220370423,MEDIUM
OLE-0212,2018-02-11,Data Breach,Payments,73.67,2,1.02,0.97,1.0,2.6,23,,2,1,2018,6,36.8349999815825,1.051546390668509,1.9788,0.11304347825595464,1,3,OLE,1,0,-0.05169809397908165,0.4958870002083499,0,0,75.79730772626466,0,0.0035268962797219095,20.05723827281434,LOW
OLE-0300,2019-12-04,System Failure,Payments,49.69,4,0.52,1.24,1.0,3.8,17,0.0,12,4,2019,2,12.422499996894373,0.419354838371488,2.5792,0.22352941175155708,3,3,OLE,1,0,-0.08126632752210178,0.809629166985926,0,0,50.08649720592219,0,0.027279544277255947,12.407950425657619,LOW
ALE-0959,2015-01-20,Cyber-Fraud,ATM Network,155.99,4,1.7,1.91,1.89,3.0,22,,1,1,2015,1,38.997499990250624,0.8900523555549464,12.988,0.136363636357438,0,0,ALE,0,0,-0.09126930423704394,0.5811461594718026,0,0,155.75653650730368,0,0.011325254939351713,27.230367295352497,LOW
ALE-0177,2014-11-27,Tech Failure,Payments,119.85,3,0.95,3.49,3.48,2.7,21,0.0,11,4,2014,3,39.94999998668333,0.27220630364693227,9.946499999999999,0.12857142856530612,4,3,ALE,0,0,-0.04458718384440552,0.10830871546256152,0,0,145.26377014236203,0,0.06313963460749372,34.281374285871046,MEDIUM
OLE-0809,2020-12-23,Tech Failure,ATM Network,107.0,4,0.55,1.02,1.0,3.2,23,,12,4,2020,2,26.7499999933125,0.539215685745867,2.244,0.13913043477655956,4,0,OLE,1,0,-0.07319064403286091,0.0598141720725448,0,0,80.62374928287097,0,0.01213939965541554,17.946607517150994,LOW
OLE-0234,2023-01-14,Cyber-Fraud,ATM Network,34.19,2,1.37,0.92,1.0,3.7,23,,1,1,2023,5,17.094999991452497,1.4891304331639887,2.5208000000000004,0.16086956521039697,0,0,OLE,1,0,-0.06639505370960708,1.012423311483525,0,0,49.42050551124105,0,0.0017043936981307115,13.608416806111778,LOW
ALE-0709,2015-07-08,Cyber-Fraud,ATM Network,153.52,5,1.26,1.49,1.6,2.5,25,,7,3,2015,2,30.703999993859203,0.8456375833250754,9.387,0.099999999996,0,0,ALE,0,0,-0.050029409514437684,0.5488299312841207,0,0,138.68191262197246,0,0.05971340430445971,32.3053959508062,MEDIUM
ALE-0064,2018-11-27,Tech Failure,Retail Banking,100.73,5,1.9,2.99,2.15,3.4,16,,11,4,2018,1,20.1459999959708,0.6354515048041968,28.405,0.21249999998671876,4,4,ALE,0,0,-0.01759662193058431,0.14184767439512197,0,0,91.70761202660965,0,0.08001073445491645,30.322126335575973,MEDIUM
OLE-0451,2019-02-19,Data Breach,Retail Banking,97.5,4,0.78,0.96,1.0,3.1,20,,2,1,2019,1,24.37499999390625,0.8124999991536459,2.9952,0.15499999999225,1,4,OLE,1,0,-0.10151667385194979,0.18410735740978298,0,0,80.32475873695755,0,0.0026723959344280204,13.373545265599434,LOW
OLE-0441,2025-01-04,Tech Failure,ATM Network,5.0,3,0.63,1.27,1.0,3.5,20,,1,1,2025,5,1.6666666661111111,0.49606299173538343,2.4003,0.17499999999125,4,0,OLE,1,0,-0.05607575321111491,1.3943304777986811,0,0,16.75159673737044,0,0.006477869947688004,10.09037265681595,LOW
OLE-0068,2016-11-17,Cyber-Fraud,Retail Banking,101.66,3,0.39,0.51,1.0,3.9,18,,11,4,2016,3,33.88666665537111,0.764705880853518,0.5967,0.21666666665462964,0,4,OLE,1,0,-0.041340227908780336,0.1296800257252661,0,0,72.91507916763341,0,0.0614078111799437,23.156755843018793,LOW
ALE-1169,2019-09-11,Phishing,Retail Banking,198.79,3,2.62,2.85,3.46,3.1,19,0.0,9,3,2019,2,66.26333331124555,0.9192982452914743,22.401000000000003,0.16315789472825484,2,4,ALE,0,0,-0.08397504455444926,1.1411196681490439,0,0,203.36479541174575,0,0.0901041315574333,38.664529166922804,MEDIUM
ALE-0119,2017-12-13,Phishing,ATM Network,172.65,5,2.69,1.89,1.31,2.8,24,,12,4,2017,2,34.529999993094,1.4232804225273648,25.420499999999997,0.11666666666180554,2,0,ALE,0,0,-0.05589658959151278,0.7991171560737381,0,0,147.2205358457188,0,0.020233528054356097,31.41741113647362,MEDIUM
OLE-0351,2024-11-05,Data Breach,E-Banking,65.59,5,0.51,1.17,1.0,2.8,18,,11,4,2024,1,13.117999997376401,0.435897435524874,2.9835,0.15555555554691358,1,1,OLE,1,0,-0.08819307680776589,0.6016016252109694,0,0,52.760827436990276,0,0.002724228175535258,10.949672066072473,LOW
ALE-0603,2019-08-18,Cyber-Fraud,Online Services,138.54,4,2.36,2.55,2.49,3.3,25,,8,3,2019,6,34.634999991341246,0.9254901957154941,24.071999999999996,0.13199999999471998,0,2,ALE,0,0,-0.06145154621426613,0.3528392032470859,0,0,142.54971182836135,0,0.003103641456582633,29.250059254120885,LOW
ALE-0793,2019-06-19,System Failure,Retail Banking,10.0,5,2.7,1.57,1.38,2.8,16,,6,2,2019,2,1.9999999996,1.7197452218345572,21.195,0.1749999999890625,3,4,ALE,0,0,-0.035924770851498256,1.3289130118317138,0,0,36.12565012748688,0,0.03131646846120422,17.034854795344845,LOW
OLE-0317,2014-02-18,System Failure,Retail Banking,35.93,5,0.38,0.59,1.0,4.0,24,0.0,2,1,2014,1,7.1859999985628,0.6440677955185292,1.121,0.1666666666597222,3,4,OLE,1,0,-0.038726728154163226,0.9896580333270205,0,0,29.305296448815735,0,0.022898332554633097,15.237025939527271,LOW
ALE-0567,2018-08-17,Data Breach,Retail Banking,140.93,1,2.63,1.24,1.25,2.5,27,,8,3,2018,4,140.92999985907,2.120967740225026,3.2611999999999997,0.09259259258916323,1,4,ALE,0,1,0.014241144108067871,0.38410875197929656,0,1,174.33967052655524,1,0.8378674519816428,74.74675558595925,CRITICAL
ALE-0322,2017-08-21,Data Breach,Payments,109.23,4,1.28,3.06,2.3,3.0,25,0.0,8,3,2017,0,27.307499993173124,0.41830065345807166,15.667200000000001,0.1199999999952,1,3,ALE,0,0,-0.06794797510042938,0.030637982251277257,0,0,103.54519117114341,0,0.0055807396870975546,22.150892259715583,LOW
ALE-0972,2017-07-10,Tech Failure,ATM Network,94.44,3,0.99,1.47,1.13,2.6,28,0.0,7,3,2017,0,31.479999989506666,0.6734693872969596,4.3659,0.09285714285382653,4,0,ALE,0,0,-0.016283760633844957,0.2241428465815671,0,0,105.83058367475115,0,0.17973613043363104,36.26051713104788,MEDIUM
OLE-0483,2025-08-20,Data Breach,ATM Network,82.23,3,0.8,0.86,1.0,3.4,20,,8,3,2025,2,27.409999990863334,0.9302325570578692,2.064,0.1699999999915,1,0,OLE,1,0,-0.09457967126220795,0.3838922984729016,0,0,73.23424670083858,0,0.0005328310953792587,13.194326232417286,LOW
OLE-0030,2024-02-26,Data Breach,ATM Network,63.21,2,0.43,0.5,1.0,3.5,18,,2,1,2024,0,31.604999984197498,0.8599999982800001,0.43,0.19444444443364198,1,0,OLE,1,0,-0.04401101863414436,0.6327403390112459,0,0,59.3127186298516,0,0.060325411378238665,20.55288670153135,LOW
ALE-1157,2017-01-23,Cyber-Fraud,Retail Banking,142.51,3,2.98,2.3,2.4,3.1,23,0.0,1,1,2017,0,47.503333317498885,1.2956521733497164,20.561999999999998,0.13478260868979206,0,4,ALE,0,0,-0.054599455949551734,0.40478067122485806,0,0,171.1677963515792,0,0.004634773948197897,34.884799914241114,MEDIUM
ALE-1014,2014-12-03,Tech Failure,Retail Banking,133.17,2,1.86,3.1,2.26,3.9,18,,12,4,2014,2,66.58499996670749,0.5999999998064516,11.532000000000002,0.21666666665462964,4,4,ALE,0,0,-0.03650328553433646,0.28258084479856277,0,0,166.30306246630934,0,0.10803202858457214,40.40678730000063,MEDIUM
ALE-0714,2015-07-08,Tech Failure,Online Services,94.28,2,2.7,1.99,1.92,3.8,24,,7,3,2015,2,47.13999997643,1.356783918916189,10.746,0.1583333333267361,4,2,ALE,0,0,-0.07870800222795832,0.22623620549251003,0,0,162.4837635384071,0,0.00879640215226569,30.0751787297213,MEDIUM
ALE-0690,2014-04-19,Cyber-Fraud,ATM Network,176.02,5,2.31,1.93,2.09,2.7,27,,4,2,2014,5,35.203999992959204,1.1968911910896938,22.2915,0.0999999999962963,0,0,ALE,0,0,-0.03973940946477328,0.8432085281354743,0,0,164.6107782276076,0,0.04505252937012436,37.453318503579865,MEDIUM
ALE-1223,2015-02-13,Cyber-Fraud,Payments,131.02,3,2.82,2.68,3.26,4.0,16,,2,1,2015,4,43.673333318775555,1.0522388055775227,22.6728,0.249999999984375,0,3,ALE,0,0,-0.0013388156256617378,0.2544513344327671,0,0,154.5936292245507,0,0.24824105074306,48.65213632939898,MEDIUM
OLE-0788,2024-12-17,Data Breach,ATM Network,54.41,2,0.88,1.2,1.0,3.8,24,,12,4,2024,1,27.204999986397496,0.7333333327222222,2.112,0.1583333333267361,1,0,OLE,1,0,-0.0674587363191082,0.7478750791131087,0,0,60.20754827247436,0,0.00047680868641567333,15.129259956694218,LOW
ALE-0488,2018-04-24,Tech Failure,Online Services,97.53,3,2.64,3.28,2.39,3.2,27,,4,2,2018,1,32.50999998916333,0.8048780485350983,25.9776,0.11851851851412895,4,2,ALE,0,0,-0.04594834631650879,0.18371485261398118,0,0,133.89721799287693,0,0.01596912191845358,30.61509754126741,MEDIUM
ALE-1280,2014-01-13,Phishing,Online Services,107.65,3,1.07,2.08,1.5,3.0,27,0.0,1,1,2014,0,35.88333332137222,0.5144230766757582,6.6768,0.11111111110699588,2,2,ALE,0,0,-0.08514406298204863,0.05130990149683896,0,0,121.79963481780798,0,0.016494460209082133,22.89966676148132,LOW
ALE-1282,2017-11-13,Data Breach,E-Banking,172.0,2,1.3,3.44,2.3,2.6,27,,11,4,2017,0,85.999999957,0.3779069766343294,8.944,0.09629629629272977,1,1,ALE,0,0,-0.024776713277775864,0.7906128854980323,0,0,177.68974428413682,0,0.11594481683994184,44.236978469810005,MEDIUM
ALE-1268,2018-10-28,Phishing,Payments,212.15,4,2.05,1.47,1.23,2.8,19,,10,4,2018,6,53.03749998674063,1.3945578221805728,12.053999999999998,0.14736842104487533,2,3,ALE,0,0,-0.06916635129840115,1.315915137212781,0,0,200.77074436364907,0,0.0035242004645537374,37.4129000119378,MEDIUM
OLE-0695,2015-05-02,Cyber-Fraud,E-Banking,93.26,3,0.31,0.52,1.0,3.4,16,,5,2,2015,5,31.086666656304445,0.5961538450073964,0.4836,0.21249999998671876,0,1,OLE,1,0,-0.04379013616254124,0.23958136854977136,0,0,71.58635314459123,0,0.033124826111311026,21.592087018370936,LOW
ALE-0072,2018-11-03,Tech Failure,Payments,198.45,5,2.69,1.21,1.47,3.9,24,0.0,11,4,2018,5,39.689999992062,2.223140494030462,16.2745,0.16249999999322917,4,3,ALE,0,0,-0.01203507438259488,1.1366712804632901,0,0,166.06342296210573,0,0.10793277455445913,43.98788466664482,MEDIUM
OLE-0189,2024-03-21,Data Breach,Retail Banking,67.94,2,1.0,1.12,1.0,2.6,15,,3,1,2024,3,33.969999983015,0.8928571420599488,2.24,0.17333333332177778,1,4,OLE,1,0,-0.07276666080839972,0.5708554162064947,0,0,77.04475240892485,0,0.0027200250729662494,17.108600963681802,LOW
OLE-0135,2016-04-27,System Failure,E-Banking,46.4,1,0.31,0.97,1.0,3.0,24,0.0,4,2,2016,2,46.399999953599995,0.31958762853650763,0.30069999999999997,0.12499999999479167,3,1,OLE,1,0,-0.0555477022355384,0.8526738595921907,0,0,58.031892242314726,0,0.0177907307627553,17.151646352163244,LOW
OLE-0129,2024-07-02,Cyber-Fraud,Payments,93.74,4,1.35,1.27,1.0,3.7,15,,7,3,2024,1,23.434999994141247,1.0629921251472503,6.8580000000000005,0.24666666665022224,0,3,OLE,1,0,-0.0481563643088645,0.2333012918169426,0,0,81.10277618761715,0,0.009186686327861472,21.626325358503372,LOW
OLE-0756,2017-05-17,Data Breach,Retail Banking,5.0,3,0.53,0.96,1.0,3.9,19,,5,2,2017,2,1.6666666661111111,0.5520833327582466,1.5264,0.2052631578839335,1,4,OLE,1,0,-0.06527854422784807,1.3943304777986811,0,0,12.981036348615111,0,0.011191126955832837,8.291081363549235,LOW
ALE-1132,2017-08-21,Phishing,Payments,169.47,5,2.77,1.33,1.09,3.4,20,,8,3,2017,0,33.8939999932212,2.082706765351348,18.4205,0.1699999999915,2,3,ALE,0,0,-0.044216430135444296,0.7575116477187468,0,0,155.23462049136475,0,0.023628995945985793,34.54445531625986,MEDIUM
OLE-0325,2014-06-06,Data Breach,E-Banking,71.06,3,1.44,1.33,1.0,3.0,19,,6,2,2014,4,23.686666658771113,1.082706766103228,5.7456000000000005,0.157894736833795,1,1,OLE,1,0,-0.1048143573704165,0.5300349174431069,0,0,71.16892756311387,0,0.0006637272776673039,11.35397502704222,LOW
OLE-0544,2018-11-21,Data Breach,Payments,28.71,3,1.26,0.68,1.0,2.7,20,0.0,11,4,2018,2,9.569999996810001,1.8529411737456747,2.5704000000000002,0.13499999999325002,1,3,OLE,1,0,-0.06733468703761042,1.0841208541833216,0,0,31.754431321109216,0,0.009613284336584933,10.92711037315265,LOW
ALE-0153,2017-08-27,Phishing,Payments,170.44,2,2.65,2.23,1.79,2.8,20,,8,3,2017,6,85.21999995739,1.1883408066419996,11.818999999999999,0.139999999993,2,3,ALE,0,0,-0.07605088829274609,0.7702026361163384,0,0,193.3789960732083,0,0.03255398557616329,36.230095700238614,MEDIUM
ALE-0441,2014-05-19,Cyber-Fraud,Payments,81.49,1,1.03,2.61,3.01,3.6,25,,5,2,2014,0,81.48999991851,0.394636015174469,2.6883,0.14399999999424,0,3,ALE,0,0,-0.04768714240274918,0.3935740834360129,0,0,119.6282726983463,0,0.08108371514773019,30.359748472107782,MEDIUM
OLE-0185,2016-04-21,Tech Failure,Payments,50.91,2,0.39,1.0,1.0,3.7,19,,4,2,2016,3,25.454999987272497,0.38999999961,0.78,0.19473684209501385,4,3,OLE,1,0,-0.07493572058984843,0.793667305289986,0,0,53.34601897187745,0,0.00033525452065643013,12.922347468836556,LOW
OLE-0052,2019-08-06,Data Breach,E-Banking,74.53,5,0.33,0.64,1.0,3.9,17,,8,3,2019,1,14.9059999970188,0.515624999194336,1.056,0.22941176469238753,1,1,OLE,1,0,-0.05214084103894001,0.48463519606203154,0,0,55.41387426802267,0,0.08875828990712734,19.722177568524057,LOW
OLE-0197,2016-04-27,Cyber-Fraud,E-Banking,65.67,5,0.52,0.78,1.0,2.7,17,,4,2,2016,2,13.1339999973732,0.6666666658119659,2.028,0.15882352940242214,0,1,OLE,1,0,-0.08225868415182752,0.600554945755498,0,0,58.2579216014487,0,0.00559189844990625,12.805875191100585,LOW
ALE-1145,2019-10-05,Data Breach,Retail Banking,107.48,2,1.01,1.75,1.61,3.8,28,0.0,10,4,2019,5,53.73999997313,0.5771428568130612,3.535,0.13571428570943878,1,4,ALE,0,0,-0.05431671481109346,0.05353409533971587,0,0,134.4607492309699,0,0.005499294858073411,29.09953999150035,LOW
ALE-0753,2019-03-15,Phishing,Retail Banking,122.73,2,1.8,1.67,1.26,3.2,18,0.0,3,1,2019,4,61.3649999693175,1.0778443107318298,6.012,0.17777777776790124,2,4,ALE,0,0,-0.08996773087724386,0.14598917585953491,0,0,173.27927893944937,0,0.005682795495336826,30.02171676652648,MEDIUM
ALE-1037,2019-10-17,Data Breach,Retail Banking,299.53,2,1.64,2.97,2.29,2.6,26,0.0,10,4,2019,3,149.76499992511748,0.5521885520026301,9.7416,0.09999999999615385,1,4,ALE,0,0,-0.03397473696174813,2.4591507724515043,0,0,207.99636302183228,0,0.20141963583522157,50.702778314986475,HIGH
ALE-0944,2014-09-04,Cyber-Fraud,E-Banking,130.06,4,1.79,3.18,3.57,3.0,16,,9,3,2014,3,32.51499999187125,0.5628930815839959,22.768800000000002,0.18749999998828126,0,1,ALE,0,0,-0.05524063932714751,0.2418911809671092,0,0,140.24856090621898,0,0.0400542927440306,31.0957339389408,MEDIUM
OLE-0240,2024-12-17,Cyber-Fraud,ATM Network,35.38,5,0.66,0.73,1.0,2.5,17,,12,4,2024,1,7.0759999985848,0.9041095878025897,2.4090000000000003,0.14705882352076124,0,0,OLE,1,0,-0.046155484742672614,0.9968539545833868,0,0,29.155371157899282,0,0.03778528611760085,14.634229478106956,LOW
OLE-0388,2022-01-06,System Failure,Retail Banking,34.58,1,1.16,0.57,1.0,3.1,20,,1,1,2022,3,34.579999965419994,2.0350877157279164,0.6611999999999999,0.15499999999225,3,4,OLE,1,0,-0.051254947247416194,1.0073207491381018,0,0,51.00452050475083,0,0.024540134666650556,16.902104161138382,LOW
ALE-1002,2019-03-27,Data Breach,ATM Network,232.16,2,2.3,3.26,3.16,3.9,23,,3,1,2019,2,116.07999994196,0.7055214721762204,14.995999999999999,0.16956521738393193,1,0,ALE,0,0,-0.03218552778702477,1.577715836012585,0,0,220.18020334369567,0,0.27391036737415136,55.44905566032304,HIGH
ALE-0630,2015-12-05,System Failure,E-Banking,247.59,4,1.66,2.48,2.06,2.7,17,,12,4,2015,5,61.89749998452562,0.6693548384397763,16.4672,0.15882352940242214,3,1,ALE,0,0,-0.08746170332592795,1.7795941359866465,0,0,210.45264714374304,0,0.027328324526242512,37.08215027220358,MEDIUM
ALE-0414,2014-01-01,Phishing,Online Services,187.5,3,1.0,2.22,1.48,3.8,29,0.0,1,1,2014,2,62.49999997916667,0.45045045024754476,6.66,0.13103448275410226,2,2,ALE,0,0,-0.07400686320157379,0.9934070299956315,0,0,178.69635895086424,0,0.008654056151739278,33.35331694410901,MEDIUM
OLE-0255,2020-02-27,Cyber-Fraud,Payments,5.0,3,0.53,0.91,1.0,3.9,18,0.0,2,1,2020,3,1.6666666661111111,0.5824175817775631,1.4469,0.21666666665462964,0,3,OLE,1,0,-0.06039570173163217,1.3943304777986811,0,0,10.977234996229491,0,0.01658036525073151,8.88291918257747,LOW
ALE-0661,2018-06-24,Tech Failure,Retail Banking,76.56,2,1.64,2.57,3.03,2.9,16,,6,2,2018,6,38.27999998086,0.6381322954715438,8.429599999999999,0.18124999998867186,4,4,ALE,0,0,-0.04837857897508957,0.4580757048794427,0,0,121.44397226299411,0,0.0033908100762119853,27.827854406794238,LOW
ALE-0144,2015-06-26,Cyber-Fraud,ATM Network,139.54,1,1.26,1.53,1.07,4.0,26,,6,2,2015,4,139.53999986045997,0.8235294112264513,1.9278,0.1538461538402367,0,0,ALE,0,0,-0.013254746270731421,0.36592269644047937,0,0,154.0751005150589,0,0.0619745054448684,40.28576929004055,MEDIUM
ALE-0830,2017-09-08,System Failure,E-Banking,153.78,3,0.83,1.49,1.45,3.3,28,,9,3,2017,4,51.259999982913335,0.5570469794919147,3.7100999999999997,0.11785714285293367,3,1,ALE,0,0,-0.08334476840504679,0.5522316395144029,0,0,149.13383048065944,0,0.008561612384580293,27.25016991579359,LOW
ALE-0673,2019-08-18,Cyber-Fraud,E-Banking,194.06,1,2.72,1.72,1.52,2.7,18,0.0,8,3,2019,6,194.05999980593998,1.5813953479177936,4.6784,0.1499999999916667,0,1,ALE,0,0,-0.007159535476801926,1.0792347453442928,0,0,195.62155442831778,0,0.2859981915300769,55.65867751742286,HIGH
ALE-0771,2017-06-16,Data Breach,E-Banking,174.12,5,0.98,2.13,2.01,2.9,25,0.0,6,2,2017,4,34.8239999930352,0.4600938964976085,10.437,0.11599999999536,1,1,ALE,0,0,-0.10477780870357367,0.8183498910680266,0,0,142.12125830389886,0,0.0017491810872593346,22.719313948304524,LOW
OLE-0638,2024-06-01,Cyber-Fraud,Payments,82.48,4,1.32,0.55,1.0,2.7,21,,6,2,2024,5,20.619999994845,2.399999995636364,2.9040000000000004,0.12857142856530612,0,3,OLE,1,0,-0.024400979847093884,0.3806214251745532,0,0,68.73104178678459,0,0.05805155712231817,24.87969370090109,LOW
ALE-0462,2018-06-30,Phishing,Payments,347.75,3,2.61,1.3,1.15,3.1,24,,6,2,2018,5,115.91666662802777,2.007692306147929,10.179,0.12916666666128473,2,3,ALE,0,0,-0.04634716059740007,3.090036814236939,1,1,257.37754133596667,0,0.19536457140115365,56.53877156734435,HIGH
OLE-0799,2022-09-27,Cyber-Fraud,ATM Network,49.97,3,0.85,1.11,1.0,2.8,14,0.0,9,3,2022,1,16.656666661114443,0.7657657650758866,2.8305000000000002,0.19999999998571427,0,0,OLE,1,0,-0.05012699854124203,0.8059657888917758,0,0,57.85928270393662,0,0.0044722684146135646,17.460556586247286,LOW
ALE-0918,2014-05-25,Data Breach,Retail Banking,205.38,4,2.47,1.41,1.22,2.6,19,,5,2,2014,6,51.344999987163746,1.751773048402998,13.9308,0.1368421052559557,1,4,ALE,0,0,-0.0362016521047176,1.2273398882935072,0,0,200.81433658082267,0,0.008695477864402565,42.48166804835037,MEDIUM
OLE-0528,2015-06-07,Cyber-Fraud,Payments,80.17,5,0.94,1.36,1.0,3.0,23,,6,2,2015,6,16.0339999967932,0.6911764700800171,6.3919999999999995,0.13043478260302457,0,3,OLE,1,0,-0.057342474425669976,0.4108442944512922,0,0,68.28928887316683,0,0.0012059835589247356,17.942226106211066,LOW
ALE-0924,2017-06-10,Data Breach,Retail Banking,270.35,1,1.24,2.91,2.05,3.4,28,,6,2,2017,5,270.34999972965,0.42611683834154057,3.6084,0.12142857142423469,1,4,ALE,0,1,0.022578138949379878,2.077374441068283,0,1,244.8284562615852,1,0.6353879867060478,80.14233413767882,CRITICAL
ALE-0165,2015-10-24,System Failure,E-Banking,194.25,2,1.22,2.21,1.83,3.7,24,,10,4,2015,5,97.1249999514375,0.5520361988452325,5.392399999999999,0.15416666666024306,3,1,ALE,0,0,-0.09616576255889547,1.0817206090510376,0,0,181.31747313596168,0,0.03446885700713054,31.39419926801236,MEDIUM
ALE-0537,2014-11-21,Data Breach,Online Services,83.85,3,2.11,2.68,2.01,2.7,20,0.0,11,4,2014,4,27.94999999068333,0.7873134325420471,16.9644,0.13499999999325002,1,2,ALE,0,0,-0.10016276747909697,0.36269703949960425,0,0,97.36854033876185,0,0.006029218710895914,16.411189868334226,LOW
OLE-0481,2021-04-28,System Failure,E-Banking,65.08,4,1.11,0.9,1.0,2.7,20,,4,2,2021,2,16.269999995932498,1.2333333319629631,3.9960000000000004,0.13499999999325002,3,1,OLE,1,0,-0.09183555238416441,0.6082742067396001,0,0,62.27941829806584,0,0.0016965421156810146,11.893282416158337,LOW
ALE-0117,2018-04-30,Cyber-Fraud,E-Banking,290.91,1,2.74,3.25,3.47,3.4,22,0.0,4,2,2018,0,290.90999970909,0.8430769228175148,8.905000000000001,0.15454545453842974,0,1,ALE,0,1,0.005665062545838873,2.346371061124453,0,1,246.41736238522824,1,0.8106344924601658,84.02532234520544,CRITICAL
ALE-0107,2015-07-26,Data Breach,Online Services,163.51,3,1.17,2.63,2.02,3.4,26,0.0,7,3,2015,6,54.50333331516555,0.4448669199829403,9.2313,0.1307692307642012,1,2,ALE,0,0,-0.0801483953577471,0.6795340282861214,0,0,174.14084433169793,0,0.0011869111033188686,31.455711544850644,MEDIUM
OLE-0465,2015-04-14,Cyber-Fraud,E-Banking,83.09,5,1.28,1.32,1.0,3.7,18,,4,2,2015,1,16.6179999966764,0.9696969689623507,8.448,0.20555555554413582,0,1,OLE,1,0,-0.06920787309659077,0.3726404943265832,0,0,72.34194516240385,0,0.001115625057970208,16.828936170167662,LOW
ALE-1274,2017-07-04,Tech Failure,Payments,97.68,2,2.53,2.8,2.67,3.8,23,,7,3,2017,1,48.83999997558,0.9035714282487245,14.167999999999997,0.16521739129716445,4,3,ALE,0,0,-0.07774398019604872,0.18175232863497207,0,0,156.341046300048,0,0.007362020307817637,29.18751061304004,LOW
ALE-0364,2017-05-17,Phishing,E-Banking,251.19,2,2.63,1.37,1.07,3.3,28,,5,2,2017,2,125.59499993720249,1.9197080277958332,7.2062,0.11785714285293367,2,1,ALE,0,0,-0.04339700804120383,1.8266947114828633,0,0,220.19755958263903,0,0.19263705214601182,50.94726567777723,HIGH
ALE-0797,2014-05-19,System Failure,Payments,252.08,2,1.06,1.78,1.98,3.1,26,,5,2,2014,0,126.03999993698,0.5955056176429744,3.7736,0.11923076922618343,3,3,ALE,0,0,-0.06396848935442628,1.8383390204249832,0,0,205.96169132181043,0,0.08847633836503503,41.984155113369006,MEDIUM
ALE-1053,2015-05-02,Tech Failure,Payments,167.3,2,1.58,2.41,1.98,3.4,22,,5,2,2015,5,83.649999958175,0.6556016594790034,7.615600000000001,0.15454545453842974,4,3,ALE,0,0,-0.08132872321026674,0.7291204674890831,0,0,170.30743269289874,0,0.0312883488251359,31.722798787300583,MEDIUM
ALE-0095,2015-06-26,Tech Failure,ATM Network,82.66,3,1.19,2.53,1.77,3.0,23,,6,2,2015,4,27.553333324148888,0.4703557310393851,9.032099999999998,0.13043478260302457,4,0,ALE,0,0,-0.08389135996122271,0.3782663963997425,0,0,95.8659536254252,0,0.013345133877614365,18.836653731102107,LOW
ALE-0604,2016-08-07,Phishing,Retail Banking,182.52,5,0.82,2.25,2.52,3.5,15,,8,3,2016,6,36.5039999926992,0.3644444442824691,9.225,0.23333333331777778,2,4,ALE,0,0,-0.033972288160293185,0.9282512338925321,0,0,148.1731568030573,0,0.05745750264504224,36.118415530786926,MEDIUM
ALE-0004,2019-07-01,System Failure,E-Banking,85.43,5,2.59,3.19,2.51,2.6,15,0.0,7,3,2019,0,17.0859999965828,0.8119122254508112,41.3105,0.17333333332177778,3,1,ALE,0,1,0.016695870003723412,0.34202512025404236,0,1,81.97319547651429,1,0.6958601713204594,55.40093858012637,HIGH
OLE-0583,2023-07-13,Data Breach,Retail Banking,56.76,5,1.02,0.58,1.0,3.5,23,,7,3,2023,3,11.3519999977296,1.758620686623068,2.9579999999999997,0.152173913036862,1,4,OLE,1,0,-0.06334390277495494,0.717128870108634,0,0,49.51639492085645,0,0.009646392243496367,14.35344724991095,LOW
OLE-0121,2016-07-14,Data Breach,Retail Banking,103.79,2,0.55,0.88,1.0,4.0,22,,7,3,2016,3,51.8949999740525,0.6249999992897728,0.9680000000000001,0.18181818180991735,1,4,OLE,1,0,-0.045384604662976,0.10181218522333783,0,0,65.57805243407765,0,0.0,19.237887267837685,LOW
ALE-1091,2017-05-17,System Failure,E-Banking,95.16,4,1.86,2.32,1.63,2.9,15,0.0,5,2,2017,2,23.789999994052497,0.8017241375854638,17.2608,0.19333333332044444,3,1,ALE,0,0,-0.08225926807489203,0.21472273148232382,0,0,94.45021188919245,0,0.022825486093758018,19.184205379002044,LOW
OLE-0603,2021-02-21,Tech Failure,Payments,40.59,5,0.37,1.32,1.0,3.0,18,,2,1,2021,6,8.117999998376401,0.2803030300906795,2.442,0.1666666666574074,4,3,OLE,1,0,-0.04381524380904378,0.9286889550458067,0,0,36.7246244331737,0,0.06954128189112266,17.300023489303655,LOW
OLE-0487,2014-08-05,Cyber-Fraud,ATM Network,67.68,4,1.02,1.01,1.0,2.9,15,0.0,8,3,2014,1,16.919999995770002,1.0099009890991077,4.1208,0.19333333332044444,0,0,OLE,1,0,-0.07031119375235062,0.5742571244367769,0,0,64.59922415384735,0,0.007890065842057124,15.667167827834005,LOW
OLE-0057,2016-08-07,System Failure,ATM Network,32.22,4,0.93,0.93,1.0,2.7,17,,8,3,2016,6,8.054999997986249,0.9999999989247312,3.4596000000000005,0.15882352940242214,3,0,OLE,1,0,-0.047212710966307414,1.0381977930745103,0,0,33.07554355853845,0,0.0002967908593390227,13.79114313156653,LOW
OLE-0252,2023-05-08,Tech Failure,E-Banking,63.64,3,0.82,0.81,1.0,3.2,21,0.0,5,2,2023,0,21.213333326262223,1.0123456777625361,1.9926000000000001,0.15238095237369614,4,1,OLE,1,0,-0.07536682608424078,0.6271144369380867,0,0,62.21155268825445,0,0.007433442564615995,14.521636090976154,LOW
ALE-0598,2018-03-31,Data Breach,Payments,202.81,1,2.77,3.27,3.17,3.9,15,0.0,3,1,2018,5,202.80999979719,0.8470948009641912,9.0579,0.25999999998266665,1,3,ALE,0,1,0.03227665399288615,1.193715310786486,0,1,189.4202140116628,1,0.8502007069971197,80.2552099437507,CRITICAL
OLE-0614,2018-03-13,System Failure,Retail Banking,5.0,1,0.83,1.01,1.0,2.9,17,0.0,3,1,2018,1,4.999999995,0.8217821774041759,0.8382999999999999,0.17058823528408304,3,4,OLE,1,0,-0.08421939691811686,1.3943304777986811,0,0,12.061010076778572,0,0.001465483095532706,4.999454917068324,LOW
OLE-0606,2021-12-07,Cyber-Fraud,Retail Banking,28.37,2,1.28,0.51,1.0,3.2,22,0.0,12,4,2021,1,14.1849999929075,2.5098039166474435,1.3056,0.1454545454479339,0,4,OLE,1,0,-0.02186591299516838,1.088569241869075,0,0,41.50033986324962,0,0.0923026916802085,22.108599141284948,LOW
OLE-0515,2022-09-27,System Failure,Retail Banking,5.0,2,0.36,1.46,1.0,3.5,17,,9,3,2022,1,2.49999999875,0.24657534229686617,1.0512,0.20588235292906573,3,4,OLE,1,0,-0.04495652172448272,1.3943304777986811,0,0,10.442559814504074,0,0.046754977465149124,12.139666864370648,LOW
ALE-0230,2018-11-15,System Failure,E-Banking,174.89,4,1.66,2.09,2.09,2.9,17,,11,4,2018,3,43.72249998906937,0.7942583728257137,13.8776,0.17058823528408304,3,1,ALE,0,0,-0.10668832755978375,0.8284241808269394,0,0,178.9483743552816,0,0.02060602425493553,28.972969212122518,LOW
ALE-1140,2019-12-10,Tech Failure,Retail Banking,158.07,5,1.42,2.4,2.41,2.8,21,,12,4,2019,1,31.613999993677197,0.5916666664201389,17.04,0.1333333333269841,4,4,ALE,0,0,-0.07049796699070193,0.6083598253140609,0,0,145.52922423865795,0,0.010287718391873035,28.637515215426195,LOW
ALE-0780,2019-12-10,Data Breach,Payments,211.02,3,2.59,1.45,1.64,3.4,23,,12,4,2019,1,70.33999997655333,1.786206895319857,11.266499999999999,0.14782608695009453,1,3,ALE,0,0,-0.07148552493537208,1.3011307899042466,0,0,195.56993599005105,0,0.05736098283494789,38.1239076955024,MEDIUM
OLE-0333,2017-08-09,Tech Failure,E-Banking,63.25,3,1.18,0.79,1.0,3.7,16,,8,3,2017,2,21.083333326305556,1.4936708841852266,2.7966,0.23124999998554688,4,1,OLE,1,0,-0.05505264823960454,0.6322169992835102,0,0,69.20742480589297,0,0.05216678627237872,20.211398203079057,LOW
ALE-0052,2014-07-12,Phishing,ATM Network,291.72,5,1.26,2.36,2.0,2.9,29,0.0,7,3,2014,5,58.343999988331205,0.5338983048585176,14.867999999999999,0.09999999999655172,2,0,ALE,0,0,-0.05514869271120548,2.356968690611102,0,0,218.92023468228373,0,0.038528245093987896,43.60965616400219,MEDIUM
OLE-0299,2024-12-17,Data Breach,Retail Banking,40.22,1,1.26,1.4,1.0,2.8,21,,12,4,2024,1,40.21999995978,0.8999999993571429,1.7639999999999998,0.1333333333269841,1,4,OLE,1,0,-0.08609115138655338,0.9335298475273623,0,0,58.30196284050357,0,0.00035294231753397944,12.062096903486625,LOW
ALE-0351,2017-01-29,Cyber-Fraud,Online Services,102.5,4,1.87,3.07,2.09,3.9,18,0.0,1,1,2017,6,25.62499999359375,0.6091205209742279,22.9636,0.21666666665462964,0,2,ALE,0,0,-0.021828448864625427,0.11868989144281553,0,0,108.98371934914073,0,0.07082382108698353,32.13077812538565,MEDIUM
ALE-0029,2017-04-29,Cyber-Fraud,Retail Banking,157.09,3,1.7,2.31,2.72,2.9,28,,4,2,2017,5,52.36333331587889,0.7359307356121512,11.780999999999999,0.10357142856772959,0,4,ALE,0,0,-0.05700653385967602,0.5955380019845353,0,0,163.15538777052964,0,0.003035639737073504,33.193885296353095,MEDIUM
ALE-0611,2018-10-28,Tech Failure,Retail Banking,184.53,3,1.76,3.14,2.58,3.6,24,0.0,10,4,2018,6,61.50999997949666,0.5605095539616212,16.5792,0.14999999999375,4,4,ALE,0,0,-0.05626968939494015,0.9545490552112528,0,0,186.92785667804992,0,0.01937189642321225,37.66815027445433,MEDIUM
ALE-0895,2017-09-26,System Failure,Online Services,240.61,4,0.92,1.61,1.36,3.2,21,0.0,9,3,2017,1,60.15249998496188,0.5714285710736469,5.9248,0.15238095237369614,3,2,ALE,0,0,-0.10800378990547987,1.6882713534967604,0,0,198.09854213550594,0,0.013163757516195824,31.57353198843505,MEDIUM
ALE-0275,2014-05-19,Cyber-Fraud,Online Services,10.0,2,2.81,3.0,2.26,3.4,25,,5,2,2014,0,4.9999999975,0.9366666663544444,16.86,0.13599999999456,0,2,ALE,0,0,-0.05499312957753699,1.3289130118317138,0,0,34.83870893438728,0,0.01790737453682578,13.536879813472622,LOW
ALE-0974,2014-03-14,System Failure,Retail Banking,240.85,2,2.92,3.34,2.5,3.3,26,,3,1,2014,4,120.4249999397875,0.8742514967442361,19.505599999999998,0.12692307691819527,3,4,ALE,0,0,-0.05250652441366177,1.6914113918631741,0,0,225.43573106056147,0,0.07468837401447175,46.30614971167437,MEDIUM
ALE-0442,2019-07-01,Phishing,Payments,148.67,1,2.3,2.68,3.31,3.8,28,,7,3,2019,0,148.66999985132998,0.8582089549036532,6.164,0.13571428570943878,2,3,ALE,0,0,-0.04348183706303299,0.48537498929616196,0,0,167.6530652917447,0,0.13084598523031282,40.38743925648263,MEDIUM
ALE-0447,2016-04-03,System Failure,Retail Banking,94.26,3,2.78,3.12,2.63,3.4,26,,4,2,2016,6,31.41999998952667,0.8910256407400557,26.0208,0.1307692307642012,3,4,ALE,0,0,-0.04988510281944669,0.22649787535637786,0,0,123.87802043123413,0,0.015864615996126735,28.42978234867053,LOW
OLE-0045,2022-01-18,System Failure,Payments,29.54,1,0.41,1.44,1.0,3.3,24,,1,1,2022,1,29.53999997046,0.28472222202449843,0.5903999999999999,0.13749999999427082,3,3,OLE,1,0,-0.060955619619581236,1.0732615548328048,0,0,42.9906814578437,0,0.03452897279410086,14.53663657780426,LOW
OLE-0533,2024-04-14,Data Breach,ATM Network,64.55,5,0.44,0.67,1.0,3.2,18,0.0,4,2,2024,6,12.909999997418,0.656716416930274,1.4740000000000002,0.17777777776790124,1,0,OLE,1,0,-0.05286111432464491,0.6152084581320987,0,0,58.59665773381773,0,0.0031968337593819224,17.128761583488185,LOW
ALE-0914,2017-07-10,Data Breach,Retail Banking,80.99,4,1.42,2.46,2.87,3.9,18,0.0,7,3,2017,0,20.247499994938124,0.5772357721230749,13.9728,0.21666666665462964,1,4,ALE,0,0,-0.033141607783467864,0.4001158300327097,0,0,90.17322085049982,0,0.02620298366820051,25.892389933080345,LOW
ALE-0884,2015-09-06,Data Breach,ATM Network,207.28,2,1.08,2.21,1.68,3.5,24,0.0,9,3,2015,6,103.63999994817999,0.4886877825843042,4.7736,0.14583333332725695,1,0,ALE,0,0,-0.07005407587251489,1.2521985253609549,0,0,183.23385613877502,0,0.03934286890067901,35.7367358503082,MEDIUM
ALE-0308,2014-09-28,Tech Failure,Online Services,179.33,2,1.93,2.89,2.66,3.0,23,0.0,9,3,2014,6,89.6649999551675,0.6678200689730726,11.1554,0.13043478260302457,4,2,ALE,0,0,-0.06207736884029924,0.8865148906056068,0,0,190.9185108375577,0,0.03606221313549674,38.02920787994516,MEDIUM
ALE-0249,2016-12-11,Tech Failure,ATM Network,68.74,5,2.57,1.87,1.48,3.1,24,,12,4,2016,6,13.747999997250398,1.3743315500672022,24.029500000000002,0.12916666666128473,4,0,ALE,0,0,-0.025981827009184943,0.5603886216517799,0,0,69.96466166651459,0,0.016129781176529624,23.375218243266115,LOW
ALE-1168,2014-02-24,System Failure,Online Services,120.85,3,2.38,3.11,3.31,3.8,26,0.0,2,1,2014,0,40.28333331990555,0.7652733116510375,22.205399999999997,0.14615384614822485,3,2,ALE,0,0,-0.05304445275771996,0.12139220865595501,0,0,163.6637861013928,0,0.037436379965845146,35.065670259572535,MEDIUM
ALE-0368,2018-07-24,Data Breach,Payments,20.92,4,1.58,3.02,2.61,2.7,16,0.0,7,3,2018,1,5.2299999986925005,0.5231788077737819,19.0864,0.16874999998945314,1,3,ALE,0,0,-0.052832933800736726,1.1860412661598567,0,0,38.41388128728231,0,0.002955734479071004,13.903909124728022,LOW
ALE-0538,2016-05-15,System Failure,E-Banking,41.8,3,2.2,1.56,1.19,3.6,24,,5,2,2016,6,13.933333328688887,1.4102564093523997,10.296000000000001,0.14999999999375,3,1,ALE,0,0,-0.06969338772332578,0.9128579282818007,0,0,55.161553063079204,0,0.008672774439655645,14.280057280537376,LOW
ALE-0844,2014-12-27,System Failure,Retail Banking,34.91,1,1.51,1.8,1.36,3.0,16,,12,4,2014,5,34.909999965089995,0.8388888884228395,2.718,0.18749999998828126,3,4,ALE,0,0,-0.07673945321089964,1.0030031963842818,0,0,73.29989433506282,0,0.016635124205050814,16.40983922403679,LOW
OLE-0648,2014-12-03,Tech Failure,E-Banking,60.84,2,1.38,0.63,1.0,3.1,15,0.0,12,4,2014,2,30.41999998479,2.190476186999244,1.7388,0.20666666665288888,4,1,OLE,1,0,-0.029894872512266524,0.6637482178795885,0,0,63.56315467608087,0,0.11581473642137546,25.263323502583155,LOW
OLE-0383,2020-07-14,Data Breach,Retail Banking,62.89,3,0.72,0.86,1.0,3.7,14,,7,3,2020,1,20.963333326345555,0.8372093013520823,1.8576000000000001,0.2642857142668367,1,4,OLE,1,0,-0.03527875189582619,0.6369270568331318,0,0,66.14746413232339,0,0.1717296312424689,26.835578126360883,LOW
OLE-0070,2022-10-09,System Failure,ATM Network,49.45,5,0.96,1.33,1.0,2.6,23,,10,4,2022,6,9.889999998022,0.7218045107354852,6.384,0.11304347825595464,3,0,OLE,1,0,-0.03324133599926993,0.8127692053523403,0,0,42.35304644390838,0,0.0012423375034926742,17.373286829456696,LOW
ALE-1221,2017-12-01,Data Breach,ATM Network,104.73,1,1.44,2.47,2.92,2.7,21,,12,4,2017,4,104.72999989527,0.5829959511809732,3.5568,0.12857142856530612,1,0,ALE,0,0,-0.0726991743431798,0.08951370162154798,0,0,146.20286190296298,0,0.05675933299631604,30.04559975506464,MEDIUM
ALE-0548,2019-10-05,Data Breach,Retail Banking,95.55,2,2.68,1.41,1.02,3.0,26,0.0,10,4,2019,5,47.7749999761125,1.9007092185101355,7.5576,0.11538461538017751,1,4,ALE,0,0,-0.052390112001557076,0.20962016913690035,0,0,152.90100766248398,0,0.017810909190032143,32.75823409094762,MEDIUM
ALE-0229,2016-04-15,System Failure,ATM Network,210.88,3,1.44,1.38,1.21,3.0,29,0.0,4,2,2016,4,70.29333330990222,1.0434782601134216,5.9616,0.10344827585850179,3,0,ALE,0,0,-0.05337281053669318,1.2992991008571713,0,0,189.41121137353127,0,0.06561517995715165,40.11185416738185,MEDIUM
ALE-0509,2019-10-17,Data Breach,Retail Banking,138.96,5,2.76,1.79,1.23,3.4,26,0.0,10,4,2019,3,27.7919999944416,1.5418994404793855,24.701999999999998,0.1307692307642012,1,4,ALE,0,0,-0.05343147189293174,0.3583342703883114,0,0,121.50717520256815,0,0.005376562622524621,27.159299982520547,LOW
OLE-0651,2020-08-07,Tech Failure,Payments,36.11,2,0.38,1.32,1.0,3.5,14,,8,3,2020,4,18.054999990972497,0.28787878766069785,1.0032,0.24999999998214287,4,3,OLE,1,0,-0.02249762039876535,0.9873030045522097,0,0,44.76396577344553,0,0.16341253204977463,25.02469188277086,LOW
OLE-0384,2015-04-20,Data Breach,Payments,63.0,2,0.49,1.33,1.0,3.0,19,,4,2,2015,0,31.49999998425,0.36842105235457057,1.3034000000000001,0.157894736833795,1,3,OLE,1,0,-0.07736874007989875,0.6354878725818586,0,0,55.057563291032096,0,0.010292638424236021,13.183731214478211,LOW
ALE-1122,2017-10-02,Phishing,ATM Network,152.12,4,2.49,2.24,1.8,3.3,17,,10,4,2017,0,38.0299999904925,1.1116071423608895,22.310400000000005,0.19411764704740483,2,0,ALE,0,0,-0.05092483405899617,0.5305130408133697,0,0,150.44955996368364,0,0.026677309126676773,32.89432994483492,MEDIUM
ALE-1209,2019-12-10,System Failure,E-Banking,178.75,5,2.59,1.9,1.57,3.9,19,,12,4,2019,1,35.74999999285,1.3631578940193905,24.604999999999997,0.2052631578839335,3,1,ALE,0,0,-0.04675976409959737,0.8789264645534384,0,0,159.31174239887105,0,0.04435641631681983,35.543934618143055,MEDIUM
ALE-0172,2015-02-25,Data Breach,E-Banking,34.65,1,2.36,1.46,1.44,3.7,29,0.0,2,1,2015,2,34.64999996535,1.6164383550572339,3.4455999999999998,0.1275862068921522,1,1,ALE,0,0,-0.05112466855506259,1.0064049046145642,0,0,82.69983683503362,0,0.03474458736669868,22.33620362757216,LOW
ALE-0819,2015-05-20,System Failure,Payments,152.57,1,2.57,2.74,3.08,3.0,20,,5,2,2015,2,152.56999984742998,0.9379562040372421,7.0418,0.1499999999925,3,3,ALE,0,0,-0.08542967371088267,0.5364006127503966,0,0,167.44489351446992,0,0.19684190787349876,36.45320034410992,MEDIUM
ALE-0561,2017-09-20,Data Breach,Online Services,194.89,3,2.06,1.78,1.31,2.6,22,0.0,9,3,2017,2,64.96333331167888,1.1573033701363464,11.000399999999999,0.11818181817644628,1,2,ALE,0,0,-0.08810641407355002,1.0900940446948093,0,0,188.15446145010472,0,0.060397509632921925,34.58597014612317,MEDIUM
OLE-0706,2019-08-06,System Failure,ATM Network,18.35,1,0.7,0.75,1.0,4.0,16,,8,3,2019,1,18.34999998165,0.9333333320888889,0.5249999999999999,0.249999999984375,3,0,OLE,1,0,-0.009658247501820316,1.219665843666878,0,0,38.48032007921626,0,0.254551505092774,29.112890560358966,LOW
OLE-0322,2015-04-14,System Failure,ATM Network,83.4,1,0.38,1.14,1.0,3.6,15,,4,2,2015,1,83.3999999166,0.3333333330409357,0.4332,0.239999999984,3,0,OLE,1,0,-0.014757448203445156,0.3685846114366312,0,0,74.68127783021447,0,0.11277217242636219,29.172240528357342,LOW
ALE-0846,2014-05-13,Phishing,ATM Network,242.5,1,2.03,3.46,2.98,3.9,29,,5,2,2014,1,242.49999975749998,0.5867052021425707,7.0238,0.13448275861605233,2,0,ALE,0,1,0.027253731699103834,1.712999155632274,0,1,226.11992583741923,1,0.865791495112639,85.91339477001311,CRITICAL
ALE-0428,2019-07-13,Cyber-Fraud,Online Services,10.0,2,0.88,2.82,2.83,3.4,29,,7,3,2019,5,4.9999999975,0.31205673747799406,4.9632,0.11724137930630202,0,2,ALE,0,0,-0.0362005098947944,1.3289130118317138,0,0,30.755090888648404,0,0.029649420007247566,16.078695967083974,LOW
OLE-0711,2018-05-30,Tech Failure,ATM Network,51.92,4,0.88,1.4,1.0,3.9,21,,5,2,2018,2,12.979999996755,0.628571428122449,4.928,0.18571428570544218,4,0,OLE,1,0,-0.05716085818349592,0.7804529771646584,0,0,57.9319155049014,0,0.005184329501206382,16.45562191980553,LOW
ALE-1260,2018-03-19,Phishing,E-Banking,115.76,1,0.88,1.8,1.4,2.9,21,,3,1,2018,0,115.75999988424,0.4888888886172839,1.584,0.13809523808866211,2,1,ALE,0,0,-0.07392636094903815,0.054797228301582276,0,0,136.70580304137695,0,0.15699821841260644,31.856805642131746,MEDIUM
OLE-0421,2019-07-01,Cyber-Fraud,E-Banking,19.81,5,0.86,1.44,1.0,3.0,21,0.0,7,3,2019,0,3.9619999992076,0.5972222218074845,6.191999999999999,0.14285714285034012,0,1,OLE,1,0,-0.061360746110157294,1.2005639436045235,0,0,20.48462241318263,0,0.009982269484888213,10.02620310180607,LOW
OLE-0434,2019-09-29,Data Breach,E-Banking,40.99,1,0.76,1.17,1.0,4.0,24,0.0,9,3,2019,6,40.98999995901,0.6495726490174593,0.8892,0.1666666666597222,1,1,OLE,1,0,-0.03438337174707684,0.9234555577684495,0,0,55.096439730880995,0,0.005206349206349207,19.37641161796623,LOW
OLE-0100,2020-07-08,Data Breach,E-Banking,36.29,4,0.32,0.78,1.0,2.6,19,,7,3,2020,2,9.072499997731875,0.41025640973044053,0.9984000000000001,0.1368421052559557,1,1,OLE,1,0,-0.06946091121385506,0.9849479757773987,0,0,32.44372583291876,0,0.003105754279952929,10.494525383398177,LOW
ALE-0324,2015-01-14,Cyber-Fraud,ATM Network,85.52,5,2.91,1.93,2.02,3.5,21,,1,1,2015,2,17.103999996579198,1.5077720199441595,28.081500000000002,0.16666666665873014,0,0,ALE,0,0,-0.03564138302070596,0.3408476058666371,0,0,84.18769415128762,0,0.04453754098955788,25.208861204555472,LOW
OLE-0430,2016-07-02,System Failure,ATM Network,28.63,5,1.3,0.63,1.0,2.7,14,0.0,7,3,2016,5,5.7259999988548,2.0634920602166793,4.095,0.19285714284336736,3,0,OLE,1,0,-0.010711694454890286,1.085167533638793,0,0,30.719131362469327,0,0.059424924778244397,20.889023965448793,LOW
ALE-0255,2015-11-29,Cyber-Fraud,E-Banking,163.48,4,1.23,1.78,1.93,3.9,24,,11,4,2015,6,40.8699999897825,0.6910112355668475,8.7576,0.16249999999322917,0,1,ALE,0,0,-0.052842145680067176,0.6791415234903196,0,0,160.2105456322484,0,0.010367428785005229,33.597173804267186,MEDIUM
ALE-0614,2016-08-07,Cyber-Fraud,ATM Network,167.22,1,2.03,1.78,1.98,2.8,20,,8,3,2016,6,167.21999983278,1.140449437561545,3.6133999999999995,0.139999999993,0,0,ALE,0,0,-0.018167128383825837,0.7280737880336114,0,0,170.30512547500777,0,0.22900956128186023,47.99450124164021,MEDIUM
OLE-0600,2018-03-13,Cyber-Fraud,Payments,66.13,3,0.9,1.41,1.0,3.6,22,,3,1,2018,1,22.043333325985554,0.638297871887732,3.807,0.1636363636289256,0,3,OLE,1,0,-0.08410484439234955,0.594536538886537,0,0,67.3347256202981,0,5.602240896358543e-05,13.787168441137856,LOW
ALE-0043,2015-04-14,System Failure,Online Services,278.33,4,0.82,2.46,1.66,3.2,26,0.0,4,2,2015,1,69.58249998260438,0.3333333331978319,8.0688,0.12307692307218936,3,2,ALE,0,0,-0.09369783712191765,2.1817807167515624,0,0,199.7679143603955,0,0.04635116424108547,35.11964177549384,MEDIUM
OLE-0531,2015-06-14,Tech Failure,E-Banking,88.06,2,0.66,0.82,1.0,2.7,21,,6,2,2015,6,44.029999977985,0.8048780477989294,1.0824,0.12857142856530612,4,1,OLE,1,0,-0.03847674105102805,0.30761553315541756,0,0,65.70263103053512,0,0.007349750964552842,20.53779936557052,LOW
ALE-0989,2016-03-28,Phishing,Retail Banking,105.2,5,1.2,2.0,1.38,2.7,29,0.0,3,1,2016,0,21.039999995792,0.5999999997,12.0,0.09310344827265161,2,4,ALE,0,0,-0.03762541470448577,0.08336445982065306,0,0,92.06710091298967,0,0.0747524781064507,27.229949487037086,LOW
ALE-0906,2017-12-13,Phishing,E-Banking,236.97,5,3.0,2.09,1.95,3.3,19,0.0,12,4,2017,2,47.3939999905212,1.435406697877796,31.349999999999998,0.1736842105171745,2,1,ALE,0,0,-0.05990403353389173,1.6406474382728076,0,0,190.3789168665934,0,0.026192065466200027,37.91943738421085,MEDIUM
ALE-0953,2017-06-16,Data Breach,E-Banking,10.0,1,2.1,1.78,1.81,3.2,27,,6,2,2017,4,9.99999999,1.1797752802360812,3.7380000000000004,0.11851851851412895,1,1,ALE,0,0,-0.08348070147861258,1.3289130118317138,0,0,31.915160144369413,0,0.007498128096469769,8.488117367843989,LOW
OLE-0125,2022-09-27,Tech Failure,Payments,15.74,1,1.31,0.97,1.0,4.0,16,0.0,9,3,2022,1,15.739999984259999,1.350515462525242,1.2707,0.249999999984375,4,3,OLE,1,0,-0.022497469050651864,1.253813760901635,0,0,38.454624442041705,0,0.18731130187759035,24.854383134163434,LOW
OLE-0186,2020-02-15,Cyber-Fraud,Payments,68.26,2,1.15,1.17,1.0,2.8,15,,2,1,2020,5,34.129999982935004,0.9829059820658922,2.691,0.1866666666542222,0,3,OLE,1,0,-0.07327305810225071,0.5666686983846086,0,0,73.07126363196103,0,0.003924403915899309,16.44172235709596,LOW
ALE-0564,2017-10-02,Data Breach,Payments,218.91,3,2.71,2.75,1.84,2.6,24,0.0,10,4,2017,0,72.96999997567666,0.9854545450961983,22.357499999999998,0.10833333332881945,1,3,ALE,0,0,-0.04392325016274501,1.404359551200121,0,0,197.72519687711403,0,0.039904794900510104,41.937782158455754,MEDIUM
OLE-0520,2016-02-21,Tech Failure,E-Banking,45.74,2,1.11,0.64,1.0,2.9,20,,2,1,2016,6,22.869999988565,1.7343749972900393,1.4208,0.14499999999274998,4,1,OLE,1,0,-0.03113023487464117,0.8613089650998303,0,0,55.47639349681911,0,0.0015226838555442606,19.789778697166494,LOW
ALE-0987,2015-07-08,System Failure,Payments,190.5,5,2.61,2.13,1.43,3.7,16,0.0,7,3,2015,2,38.09999999238,1.2253521121007735,27.796499999999995,0.23124999998554688,3,3,ALE,0,0,-0.039769515332131355,1.032657509575812,0,0,160.59980691473865,0,0.13879126020033078,40.089681721656575,MEDIUM
ALE-0332,2019-03-21,Phishing,Retail Banking,185.41,1,2.95,3.14,3.4,3.9,29,,3,1,2019,3,185.40999981458998,0.9394904455606718,9.263000000000002,0.13448275861605233,2,4,ALE,0,0,-0.0026483993396968497,0.966062529221439,0,0,207.98063346561523,1,0.5100182162018192,66.13945692804973,HIGH
ALE-0382,2014-04-07,System Failure,Retail Banking,156.7,2,1.71,1.79,2.22,2.9,17,,4,2,2014,0,78.34999996082499,0.9553072620361411,6.1218,0.17058823528408304,3,4,ALE,0,0,-0.06918211299710153,0.5904354396391117,0,0,169.65749701242154,0,0.07917311640608549,35.09350540318552,MEDIUM
OLE-0509,2014-12-27,Tech Failure,Retail Banking,57.49,3,1.27,1.45,1.0,3.0,24,,12,4,2014,5,19.163333326945555,0.8758620683614744,5.5245,0.12499999999479167,4,4,OLE,1,0,-0.052777932654571424,0.7075779200774567,0,0,64.00376647636801,0,0.005279887535464884,18.07680242201826,LOW
ALE-1213,2019-04-08,Data Breach,Payments,116.5,2,0.86,1.69,1.53,3.1,17,,4,2,2019,0,58.249999970874995,0.5088757393438605,2.9068,0.18235294116574394,1,3,ALE,0,0,-0.07159242927125059,0.0644790132646934,0,0,130.67099544082808,0,0.016218094568737493,26.31208728569416,LOW
OLE-0066,2025-11-18,System Failure,Retail Banking,45.0,1,1.04,0.57,1.0,3.3,16,0.0,11,4,2025,1,44.999999955,1.8245614003077872,0.5928,0.20624999998710936,3,4,OLE,1,0,-0.03714464654276928,0.8709907500629415,0,0,55.62601569941033,0,0.02185381047649005,19.6347380461111,LOW
OLE-0362,2022-03-07,System Failure,Retail Banking,96.68,2,1.11,1.07,1.0,3.9,19,,3,1,2022,0,48.339999975830004,1.0373831766005763,2.3754000000000004,0.2052631578839335,3,4,OLE,1,0,-0.056263038382156405,0.19483582182836556,0,0,87.47442743183329,0,0.008766884531590413,21.428073374171014,LOW
ALE-1277,2019-03-21,Cyber-Fraud,Online Services,239.49,2,1.3,2.16,1.59,3.3,19,0.0,3,1,2019,3,119.7449999401275,0.6018518515732167,5.6160000000000005,0.1736842105171745,0,2,ALE,0,0,-0.08561839302259444,1.6736178411201594,0,0,201.12291523076433,0,0.05663171369462007,36.891938049554504,MEDIUM
ALE-1114,2015-04-08,Cyber-Fraud,Retail Banking,10.0,1,2.08,2.3,1.94,2.8,15,,4,2,2015,2,9.99999999,0.9043478256937619,4.784,0.1866666666542222,0,4,ALE,0,0,-0.05343477413395281,1.3289130118317138,0,0,42.029140794815056,0,0.004637590511438846,14.45055512643449,LOW
ALE-0851,2017-08-09,Phishing,E-Banking,91.89,4,2.74,1.88,1.37,3.0,16,0.0,8,3,2017,2,22.972499994256875,1.4574468077354008,20.6048,0.18749999998828126,2,1,ALE,0,0,-0.06882192089578787,0.2575057542247205,0,0,96.26753414841563,0,0.02295802433791864,21.468395878966597,LOW
ALE-0494,2018-01-30,Cyber-Fraud,Online Services,94.0,4,2.12,2.84,2.8,3.3,16,0.0,1,1,2018,1,23.499999994124998,0.746478872976592,24.0832,0.20624999998710936,0,2,ALE,0,0,-0.04937703394361026,0.22989958358666024,0,0,96.59776784301549,0,0.0076989693634054775,23.866072346582083,LOW
ALE-0047,2018-03-25,Cyber-Fraud,Online Services,217.49,3,1.86,2.43,2.65,3.0,23,0.0,3,1,2018,6,72.49666664250111,0.7654320984504395,13.559400000000002,0.13043478260302457,0,2,ALE,0,0,-0.0775959419497122,1.3857809908655025,0,0,208.2011723225153,0,0.02400280288650476,38.06723061265725,MEDIUM
ALE-1061,2014-05-19,Phishing,Online Services,168.35,2,2.65,2.76,2.14,3.3,27,,5,2,2014,0,84.17499995791249,0.9601449271883533,14.627999999999998,0.12222222221769546,2,2,ALE,0,0,-0.07928256606576317,0.742858135342146,0,0,199.80325719522423,0,0.04487920155687161,37.20811575408079,MEDIUM
ALE-1203,2014-01-19,Data Breach,ATM Network,147.69,5,1.74,2.27,1.53,3.5,28,,1,1,2014,6,29.5379999940924,0.7665198234508723,19.749,0.12499999999553571,1,0,ALE,0,0,-0.05375663401315345,0.47255316596663643,0,0,130.8146440767803,0,0.013351287701303342,28.8754736310459,LOW
OLE-0612,2023-08-30,System Failure,Retail Banking,72.04,1,1.45,0.64,1.0,3.4,19,0.0,8,3,2023,2,72.03999992796,2.265624996459961,0.9279999999999999,0.17894736841163433,3,4,OLE,1,0,-0.03101315204106392,0.5172130941135813,0,0,69.76909639487204,0,0.12281970467945764,26.333211275218176,LOW
ALE-1025,2015-07-02,Tech Failure,Payments,222.85,3,2.92,2.53,1.7,3.1,24,,7,3,2015,3,74.28333330857222,1.1541501971722727,22.162799999999997,0.12916666666128473,4,3,ALE,0,0,-0.0620155878184005,1.4559085143820913,0,0,198.0631458107516,0,0.021997268834783316,38.68615901642251,MEDIUM
OLE-0417,2025-10-07,System Failure,Payments,37.71,5,1.22,0.93,1.0,3.2,15,0.0,10,4,2025,1,7.5419999984916,1.3118279555786796,5.673,0.2133333333191111,3,3,OLE,1,0,-0.07530863465301513,0.9663694154427801,0,0,35.56184638016107,0,0.0066474968165357385,10.250222813250765,LOW
OLE-0573,2015-06-07,Tech Failure,Retail Banking,5.0,5,0.87,0.84,1.0,3.9,23,,6,2,2015,6,0.9999999998,1.0357142844812925,3.6539999999999995,0.16956521738393193,4,4,OLE,1,0,-0.02320344035478783,1.3943304777986811,0,0,21.1899895694986,0,0.05638712986472645,17.41257404648055,LOW
ALE-1102,2016-11-17,Cyber-Fraud,ATM Network,27.12,3,2.23,1.27,1.26,3.3,20,,11,4,2016,3,9.039999996986667,1.7559055104284207,8.4963,0.16499999999175,0,0,ALE,0,0,-0.057801505804639386,1.1049236083608172,0,0,42.512187422577426,0,0.02743525717875626,14.679006951136058,LOW
OLE-0427,2016-09-06,Tech Failure,Retail Banking,17.97,4,1.49,1.23,1.0,3.7,17,0.0,9,3,2016,1,4.492499998876875,1.2113821128362747,7.3308,0.21764705881072666,4,4,OLE,1,0,-0.05407284407501567,1.2246375710803676,0,0,21.84191176511398,0,0.006838172604378142,11.211804676925928,LOW
ALE-0253,2019-05-26,Data Breach,Retail Banking,10.0,3,1.0,2.56,2.1,3.1,28,,5,2,2019,6,3.3333333322222223,0.3906249998474121,7.68,0.11071428571033164,1,4,ALE,0,0,-0.04729803721571624,1.3289130118317138,0,0,36.406448491132636,0,0.0028630399528232348,14.39984421433792,LOW
ALE-0946,2018-09-22,Phishing,E-Banking,92.28,5,2.5,3.36,3.74,3.1,24,,9,3,2018,5,18.4559999963088,0.7440476188261763,42.0,0.12916666666128473,2,1,ALE,0,0,-0.019340288786240722,0.252403191879297,0,0,91.02110262095154,1,0.3997308498718383,41.14461266633075,MEDIUM
OLE-0213,2019-12-10,Tech Failure,Payments,113.79,3,1.46,0.58,1.0,3.0,24,,12,4,2019,1,37.929999987356666,2.517241374970274,2.5403999999999995,0.12499999999479167,4,3,OLE,1,0,-0.016026835253251992,0.029022746710597104,0,0,91.65552538969688,0,0.11239099246354116,31.6795495063655,MEDIUM
ALE-1196,2019-05-02,Phishing,Retail Banking,158.1,1,1.25,2.47,2.81,2.9,19,,5,2,2019,3,158.09999984189997,0.5060728742890392,3.0875000000000004,0.15263157893933518,2,4,ALE,0,0,-0.06807215468766104,0.6087523301098626,0,0,163.16066191838067,0,0.13429749217639728,36.15049445986051,MEDIUM
OLE-0409,2022-05-30,Tech Failure,E-Banking,22.04,5,1.34,1.26,1.0,3.6,17,,5,2,2022,0,4.4079999991184,1.0634920626480222,8.442,0.2117647058698962,4,1,OLE,1,0,-0.05052478456921872,1.171387753783256,0,0,24.617686117928343,0,0.0036150212406125324,12.067260123794533,LOW
ALE-0727,2015-01-14,Phishing,ATM Network,159.33,2,1.76,3.09,2.14,3.5,21,0.0,1,1,2015,2,79.6649999601675,0.5695792878415601,10.8768,0.16666666665873014,2,0,ALE,0,0,-0.07753438516221817,0.6248450267377369,0,0,181.28338634079068,0,0.08976949230703551,36.082880097082935,MEDIUM
OLE-0282,2019-03-03,System Failure,Payments,45.24,3,1.28,1.19,1.0,2.7,18,0.0,3,1,2019,6,15.079999994973333,1.0756302511969493,4.569599999999999,0.1499999999916667,3,3,OLE,1,0,-0.06768402426277359,0.867850711696527,0,0,56.001993279846516,0,0.0007198787358622609,14.433326092416344,LOW
ALE-0377,2014-04-19,Data Breach,E-Banking,232.03,4,1.35,1.72,1.48,3.3,24,0.0,4,2,2014,5,58.00749998549812,0.7848837204739049,9.288,0.13749999999427082,1,1,ALE,0,0,-0.11127868856836082,1.5760149818974438,0,0,191.55909488019236,0,0.001943133422138504,29.652415958957445,LOW
ALE-0277,2017-01-29,Tech Failure,E-Banking,131.36,5,2.62,2.22,1.85,3.3,29,,1,1,2017,6,26.271999994745602,1.1801801796485674,29.082000000000004,0.11379310344435195,4,1,ALE,0,0,-0.015984987061076872,0.2588997221185209,0,0,117.09602977147843,0,0.04258129196232627,33.301973627831494,MEDIUM
OLE-0819,2017-09-20,System Failure,ATM Network,58.17,4,1.19,0.65,1.0,2.7,14,,9,3,2017,2,14.542499996364375,1.8307692279526626,3.094,0.19285714284336736,3,0,OLE,1,0,-0.036022750564314476,0.6986811447059491,0,0,58.11978965748956,0,0.03530531050158923,20.669584722304208,LOW
ALE-0002,2019-11-22,Data Breach,E-Banking,155.42,5,1.69,2.69,2.09,3.5,20,,11,4,2019,4,31.0839999937832,0.628252787870538,22.7305,0.17499999999125,1,1,ALE,0,0,-0.09589629075433498,0.573688568351568,0,0,144.09441801304746,0,0.006898616682350142,24.529418089800018,LOW
ALE-0860,2018-10-22,Tech Failure,Payments,133.23,3,0.9,1.2,1.15,2.9,16,,10,4,2018,0,44.40999998519666,0.749999999375,3.24,0.18124999998867186,4,3,ALE,0,0,-0.06231549015294574,0.2833658543901664,0,0,128.80622656347845,0,0.03402315190173334,28.011262791294307,LOW
OLE-0211,2024-02-02,Data Breach,Payments,5.0,5,0.78,0.8,1.0,2.6,22,0.0,2,1,2024,4,0.9999999998,0.97499999878125,3.1200000000000006,0.11818181817644628,1,3,OLE,1,0,-0.06245187682887032,1.3943304777986811,0,0,12.692620477814609,0,0.04408658807675519,9.81492154015467,LOW
ALE-0585,2015-04-26,Phishing,ATM Network,160.18,4,0.83,2.35,2.25,3.4,15,0.0,4,2,2015,6,40.04499998998875,0.35319148921140786,7.802,0.22666666665155555,2,0,ALE,0,0,-0.03184256239319361,0.6359659959521213,0,0,153.54952976574253,0,0.08145464151391596,38.131560094190526,MEDIUM
OLE-0652,2017-04-05,Cyber-Fraud,Payments,8.23,3,0.95,0.76,1.0,3.7,24,,4,2,2017,2,2.743333332418889,1.2499999983552632,2.166,0.15416666666024306,0,3,OLE,1,0,-0.06871305752076262,1.3520707947840203,0,0,13.43964715666701,0,0.006112407425831374,7.677986482734744,LOW
ALE-1010,2017-07-28,Tech Failure,ATM Network,222.63,1,2.96,2.68,1.9,3.4,16,,7,3,2017,4,222.62999977737,1.1044776115281798,7.9328,0.21249999998671876,4,0,ALE,0,1,0.008175737585445875,1.453030145879545,0,1,219.61323522650977,1,0.7943508586755357,79.54996836962016,CRITICAL
OLE-0221,2021-10-08,Cyber-Fraud,E-Banking,98.5,1,0.54,1.45,1.0,4.0,24,,10,4,2021,4,98.49999990149999,0.3724137928466112,0.783,0.1666666666597222,0,1,OLE,1,0,-0.007004869243694367,0.17102386421638952,0,0,80.87678636550262,0,0.057470135619175466,29.373154795902746,LOW
ALE-0289,2019-01-26,Cyber-Fraud,Payments,164.42,1,1.69,1.57,1.78,3.6,22,,1,1,2019,5,164.41999983557997,1.076433120333482,2.6533,0.1636363636289256,0,3,ALE,0,0,-0.044944647506078184,0.6914400070921095,0,0,168.07157265910413,0,0.07267840404143254,38.20176901678527,MEDIUM
OLE-0238,2015-03-09,Tech Failure,Payments,78.73,1,0.95,0.78,1.0,3.1,18,,3,1,2015,0,78.72999992127,1.2179487163872451,0.741,0.17222222221265432,4,3,OLE,1,0,-0.0462898471080575,0.42968452464977885,0,0,75.00818760761065,0,0.07892696727809725,23.37107556367667,LOW
OLE-0745,2025-12-31,System Failure,Payments,51.87,4,0.77,0.74,1.0,2.5,19,,12,4,2025,2,12.967499996758123,1.0405405391344047,2.2792,0.13157894736149583,3,3,OLE,1,0,-0.07347739940855147,0.7811071518243282,0,0,55.95970311223552,0,0.013169474991209509,14.004535319811314,LOW
ALE-0476,2017-08-27,Tech Failure,ATM Network,131.34,2,2.6,2.04,1.67,3.4,26,,8,3,2017,6,65.669999967165,1.274509803296809,10.608,0.1307692307642012,4,0,ALE,0,0,-0.03989037358226877,0.2586380522546529,0,0,161.3415771907423,0,0.0640190576718791,37.57312517407501,MEDIUM
ALE-1172,2017-12-13,System Failure,ATM Network,110.72,4,1.35,2.89,2.89,3.0,25,,12,4,2017,2,27.67999999308,0.4671280275200249,15.606000000000002,0.1199999999952,3,0,ALE,0,0,-0.08231183585260232,0.011143577393121018,0,0,109.23186168447175,0,0.017109457522218163,21.33508419031572,LOW
ALE-1007,2014-05-19,Cyber-Fraud,Payments,48.77,5,2.04,2.28,1.6,3.7,21,,5,2,2014,0,9.753999998049201,0.8947368417128347,23.255999999999997,0.17619047618208616,0,3,ALE,0,0,-0.05714387019859146,0.8216659807238479,0,0,51.06108569246142,0,0.010393728805552754,15.54408077212205,LOW
ALE-0472,2019-05-14,Tech Failure,E-Banking,115.12,4,2.53,1.78,1.63,3.0,28,,5,2,2019,1,28.779999992805,1.421348313808231,18.0136,0.10714285713903061,4,1,ALE,0,0,-0.049765228051945276,0.04642379265781043,0,0,122.72135692153213,0,0.025694870186609875,28.607020147001954,LOW
ALE-0524,2016-02-27,Data Breach,Online Services,315.72,1,2.94,1.29,1.29,2.8,29,,2,1,2016,5,315.71999968428,2.2790697656751395,3.7926,0.09655172413460165,1,2,ALE,0,1,0.05367403203881871,2.670972527252546,1,1,238.77583248795233,1,0.8596862638461573,91.63106863895452,CRITICAL
ALE-0050,2015-12-29,Data Breach,E-Banking,231.16,2,1.79,2.22,1.56,2.7,16,,12,4,2015,1,115.57999994221,0.8063063059431052,7.9476,0.16874999998945314,1,1,ALE,0,0,-0.07346608970208751,1.5646323428191915,0,0,203.2468643562025,0,0.16729192238802126,42.90325969536968,MEDIUM
ALE-0521,2017-04-23,System Failure,ATM Network,198.34,5,2.58,3.43,3.02,3.6,23,,4,2,2017,6,39.6679999920664,0.7521865887019864,44.247,0.1565217391236295,3,0,ALE,0,1,0.008279721036794974,1.135232096212017,0,1,183.7885980891925,1,0.8239152661831188,74.88354433892187,CRITICAL
OLE-0014,2024-10-30,Tech Failure,E-Banking,45.08,1,1.3,1.36,1.0,3.7,24,0.0,10,4,2024,2,45.07999995492,0.9558823522383217,1.7680000000000002,0.15416666666024306,4,1,OLE,1,0,-0.07685046711147647,0.86994407060747,0,0,58.76279480888899,0,0.0022872531994954986,13.571526845680197,LOW
OLE-0486,2018-12-09,Cyber-Fraud,ATM Network,71.48,1,1.26,1.24,1.0,3.4,14,,12,4,2018,6,71.47999992852,1.0161290314386056,1.5624,0.2428571428397959,0,0,OLE,1,0,-0.004954922316369403,0.5245398503018817,0,0,70.7583670242375,0,0.27638280119206976,35.724010600468205,MEDIUM
ALE-0631,2016-01-28,Phishing,E-Banking,70.07,5,2.88,2.86,2.23,4.0,19,,1,1,2016,3,14.013999997197198,1.0069930066409114,41.184,0.21052631577839334,2,1,ALE,0,1,0.008818884805039118,0.5429875757045667,0,1,80.78704934095742,1,0.6413543217816181,52.1376775845534,HIGH
ALE-0637,2014-12-27,Data Breach,Online Services,164.92,1,1.24,1.42,1.61,3.7,27,,12,4,2014,5,164.91999983507998,0.873239436004761,1.7608,0.1370370370319616,1,2,ALE,0,0,-0.03832822548466541,0.6979817536888062,0,0,167.49069019315422,0,0.16286141814417335,42.24512276834105,MEDIUM
ALE-0743,2015-01-26,Phishing,Online Services,18.39,3,1.83,3.48,2.45,3.0,18,0.0,1,1,2015,0,6.129999997956666,0.5258620688144074,19.1052,0.1666666666574074,2,2,ALE,0,0,-0.04987104536342302,1.2191425039391424,0,0,52.44008461333743,0,0.025224869600135032,17.36004752471152,LOW
ALE-0875,2017-08-27,System Failure,Payments,55.0,4,2.64,1.31,0.9,2.7,23,,8,3,2017,6,13.749999996562499,2.0152671740341472,13.8336,0.11739130434272213,3,3,ALE,0,0,-0.02937684906722693,0.7401558181290065,0,0,70.70125079143531,0,0.013394784679060887,22.89435810401979,LOW
ALE-0960,2019-11-28,Phishing,E-Banking,13.21,5,1.9,1.23,0.86,2.6,27,,11,4,2019,3,2.6419999994716,1.5447154458986052,11.685,0.09629629629272977,2,1,ALE,0,0,-0.0473858260076333,1.2869149986809207,0,0,35.69232494733042,0,0.0890755319195039,17.290329824262386,LOW
OLE-0439,2014-07-18,Cyber-Fraud,Payments,73.42,3,0.9,1.23,1.0,3.4,22,,7,3,2014,4,24.473333325175556,0.7317073164782867,3.321,0.15454545453842974,0,3,OLE,1,0,-0.09743744192492482,0.4991578735066983,0,0,66.58685945954888,0,5.602240896358543e-05,11.693780427758032,LOW
OLE-0743,2017-08-09,System Failure,Payments,107.93,2,0.36,1.13,1.0,2.6,24,,8,3,2017,2,53.9649999730175,0.31858407051452736,0.8135999999999999,0.10833333332881945,3,3,OLE,1,0,-0.04240239781743038,0.04764652340268876,0,0,79.60095746424945,0,0.008759015629267668,22.2236535560483,LOW
ALE-0644,2017-09-26,Tech Failure,ATM Network,253.81,2,2.06,1.9,1.66,3.3,24,,9,3,2017,1,126.9049999365475,1.0842105257451524,7.827999999999999,0.13749999999427082,4,0,ALE,0,0,-0.061081298936437434,1.8609734636495543,0,0,211.81814786244988,0,0.16841301005493053,46.14394244176363,MEDIUM
ALE-1058,2014-08-05,System Failure,Online Services,219.59,2,2.98,3.22,3.87,3.1,23,0.0,8,3,2014,1,109.7949999451025,0.925465838221905,19.191200000000002,0.13478260868979206,3,2,ALE,0,0,-0.07522222357771241,1.4132563265716287,0,0,216.13938457531353,0,0.12098383535789313,43.07973280716562,MEDIUM
ALE-0035,2018-03-25,Phishing,ATM Network,149.9,3,2.36,1.32,0.94,3.2,26,,3,1,2018,6,49.96666665001111,1.787878786524334,9.345600000000001,0.12307692307218936,2,0,ALE,0,0,-0.03825839199719949,0.5014676859240361,0,0,171.90273959673712,0,0.00878676213754427,37.56688476200934,MEDIUM
ALE-0016,2015-09-24,System Failure,Retail Banking,165.79,4,0.82,3.06,3.12,3.5,27,,9,3,2015,3,41.447499989638125,0.26797385612157715,10.0368,0.12962962962482852,3,4,ALE,0,0,-0.07053638764811743,0.7093643927670586,0,0,171.6619155719886,0,0.0527310742487901,34.28736453347212,MEDIUM
ALE-0607,2017-02-22,System Failure,Payments,187.05,5,2.21,2.98,2.12,2.5,19,0.0,2,1,2017,2,37.409999992518,0.7416107380061708,32.929,0.13157894736149583,3,3,ALE,0,0,-0.038154683068461925,0.9875194580586045,0,0,161.2103708831041,0,0.06608506171463373,37.88148829229709,MEDIUM
ALE-0870,2017-07-22,Tech Failure,ATM Network,115.58,1,2.33,1.75,1.98,3.8,23,,7,3,2017,5,115.57999988441999,1.331428570667755,4.077500000000001,0.16521739129716445,4,0,ALE,0,0,-0.04183148430685324,0.05244219952677136,0,0,157.98398700543567,0,0.09592034387563995,37.866491446327785,MEDIUM
ALE-0469,2014-07-24,Tech Failure,Online Services,157.52,3,1.74,2.48,2.9,3.7,27,,7,3,2014,3,52.506666649164444,0.701612902942898,12.945599999999999,0.1370370370319616,4,2,ALE,0,0,-0.08209606650703755,0.6011639040576947,0,0,171.44207994462423,0,0.008346934995787916,30.987291798911354,MEDIUM
ALE-0431,2015-12-29,Data Breach,Retail Banking,218.2,3,2.16,1.73,2.16,3.6,18,0.0,12,4,2015,1,72.73333330908888,1.2485549125730897,11.2104,0.1999999999888889,1,4,ALE,0,0,-0.06428826435636115,1.3950702710328116,0,0,194.83561878043932,0,0.04663522666273148,38.69697083011927,MEDIUM
ALE-0232,2018-08-29,Data Breach,Payments,112.85,4,1.29,2.27,2.01,3.8,23,0.0,8,3,2018,2,28.212499992946874,0.5682819380756468,11.7132,0.16521739129716445,1,3,ALE,0,0,-0.09747052545717039,0.016724263108807064,0,0,109.9389430845685,0,0.004378990645919875,18.757922586183337,LOW
ALE-0147,2015-09-24,Data Breach,ATM Network,198.31,5,2.96,2.67,2.92,3.9,25,,9,3,2015,3,39.6619999920676,1.1086142317945265,39.516,0.15599999999376,1,0,ALE,0,0,-0.015122149700617094,1.1348395914162153,0,0,183.5850986847856,0,0.23574912488752892,50.80033043242964,HIGH
ALE-1082,2017-05-23,System Failure,Payments,234.8,5,2.14,2.86,3.5,3.4,23,,5,2,2017,1,46.959999990608004,0.7482517479901218,30.602,0.14782608695009453,3,3,ALE,0,0,-0.06339158424310137,1.6122562580431439,0,0,193.42774029279107,0,0.010026985213744682,37.32378995353545,MEDIUM
ALE-0916,2019-09-11,System Failure,ATM Network,86.24,2,0.92,3.33,2.64,3.8,18,0.0,9,3,2019,2,43.11999997844,0.2762762761933104,6.1272,0.21111111109938271,3,0,ALE,0,0,-0.022092102422756166,0.3314274907673938,0,0,141.7164323539341,0,0.1641658717024445,40.5819056030784,MEDIUM
OLE-0106,2024-07-26,Cyber-Fraud,Payments,12.37,5,0.44,0.65,1.0,2.8,23,0.0,7,3,2024,4,2.4739999995052,0.6769230758816568,1.4300000000000002,0.1217391304294896,0,3,OLE,1,0,-0.057051810216258825,1.297905132963371,0,0,15.357298461226025,0,0.004616718288627024,9.658225842742306,LOW
ALE-0234,2014-11-03,Phishing,E-Banking,161.86,3,1.97,2.0,1.72,3.5,24,0.0,11,4,2014,0,53.95333331534889,0.9849999995075,11.82,0.14583333332725695,2,1,ALE,0,0,-0.09694467585229871,0.6579462645170224,0,0,171.57698937575333,0,0.006844544027510981,28.75772186489159,LOW
OLE-0122,2023-11-16,Cyber-Fraud,E-Banking,56.72,2,0.43,1.26,1.0,4.0,15,,11,4,2023,3,28.35999998582,0.34126984099899216,1.0836,0.2666666666488889,0,1,OLE,1,1,0.00119797025340318,0.7176522098363697,0,1,57.437517678827426,1,0.46245420393192044,41.02189723459991,MEDIUM
OLE-0621,2025-10-01,System Failure,Retail Banking,48.13,3,0.99,0.84,1.0,3.7,14,0.0,10,4,2025,2,16.043333327985557,1.1785714271683674,2.4947999999999997,0.2642857142668367,3,4,OLE,1,0,-0.03497038947109821,0.8300394163676198,0,0,54.654737979904375,0,0.15351078250616929,24.409668997352142,LOW
ALE-1000,2018-04-30,Phishing,Online Services,77.07,2,1.82,3.33,4.13,2.9,24,0.0,4,2,2018,0,38.53499998073249,0.5465465463824184,12.1212,0.12083333332829861,2,2,ALE,0,0,-0.08191119124569923,0.4514031233508122,0,0,124.13642570056622,0,0.009616639992297268,23.510492441355602,LOW
OLE-0555,2015-10-12,Data Breach,ATM Network,73.54,5,1.19,0.95,1.0,2.5,19,,10,4,2015,0,14.707999997058401,1.2526315776288088,5.652499999999999,0.13157894736149583,1,0,OLE,1,0,-0.03648665943509133,0.49758785432349106,0,0,65.61372149686461,0,0.0762592316789361,23.23009914690942,LOW
ALE-0058,2016-02-09,Data Breach,Retail Banking,93.44,3,2.43,2.72,2.82,2.6,29,0.0,2,1,2016,1,31.14666665628444,0.893382352612727,19.828800000000005,0.08965517241070155,1,4,ALE,0,0,-0.03231288424095469,0.2372263397749606,0,0,121.40496353867412,0,0.286427216079181,40.10662186397249,MEDIUM
ALE-0707,2016-11-17,Cyber-Fraud,Retail Banking,260.79,1,2.96,3.06,3.36,2.9,16,,11,4,2016,3,260.78999973921,0.9673202611217907,9.0576,0.18124999998867186,0,4,ALE,0,1,0.013560003856212921,1.952296246139441,0,1,232.9003114444712,1,0.8046625542038272,82.82831506750948,CRITICAL
ALE-0683,2016-10-18,Data Breach,E-Banking,256.8,4,1.8,2.29,2.03,2.5,21,,10,4,2016,1,64.19999998395001,0.7860262005301195,16.488,0.11904761904195012,1,1,ALE,0,0,-0.07840133653564457,1.900093108297801,0,0,227.65521927275327,0,0.13255585654431318,44.851641536717565,MEDIUM
OLE-0116,2016-05-03,System Failure,E-Banking,34.63,2,0.49,1.2,1.0,3.7,20,,5,2,2016,1,17.3149999913425,0.4083333329930555,1.176,0.18499999999075,3,1,OLE,1,0,-0.08818966169340059,1.0066665744784318,0,0,53.74269233959911,0,0.00017247073501889837,11.017543398965934,LOW
ALE-1112,2019-07-25,System Failure,Retail Banking,259.35,2,2.75,2.67,1.91,3.0,23,,7,3,2019,3,129.6749999351625,1.0299625464307256,14.684999999999999,0.13043478260302457,3,4,ALE,0,0,-0.07612623790460438,1.9334560159409546,0,0,231.61955924291848,0,0.07782564345049091,43.90553340901307,MEDIUM
OLE-0768,2015-10-30,System Failure,Payments,28.65,4,1.38,1.16,1.0,2.7,17,,10,4,2015,4,7.162499998209374,1.1896551713882282,6.403199999999999,0.15882352940242214,3,3,OLE,1,0,-0.08020296875680127,1.0849058637749251,0,0,31.72694963590935,0,0.000547278951611991,8.70011216432628,LOW
ALE-0999,2014-02-06,Cyber-Fraud,Online Services,249.38,2,1.29,2.37,2.04,3.4,25,0.0,2,1,2014,3,124.68999993765499,0.5443037972386904,6.1146,0.13599999999456,0,2,ALE,0,0,-0.07276975948395759,1.803013588802821,0,0,203.4367400146766,0,0.029969602438668575,38.23037715383059,MEDIUM
ALE-0380,2019-11-10,Phishing,E-Banking,24.06,3,1.93,2.78,2.22,3.1,18,,11,4,2019,6,8.019999997326666,0.6942446040668185,16.0962,0.17222222221265432,2,1,ALE,0,0,-0.0696079523602906,1.1449590975326012,0,0,38.16482825004708,0,0.0042455723600246685,11.425570030409366,LOW
ALE-1029,2015-01-14,Cyber-Fraud,Payments,196.42,4,2.88,1.6,1.63,3.6,29,0.0,1,1,2015,2,49.104999987723744,1.7999999988749997,18.432,0.12413793103020214,0,3,ALE,0,0,-0.024289018122190198,1.1101117892807013,0,0,170.81413373992092,0,0.031982700335184716,40.273365218776014,MEDIUM
ALE-1064,2016-04-15,Tech Failure,Retail Banking,128.72,1,2.73,2.99,3.2,3.5,20,0.0,4,2,2016,4,128.71999987127998,0.9130434779555038,8.162700000000001,0.17499999999125,4,4,ALE,0,0,-0.05915374020683789,0.22435930008796187,0,0,168.33585928490874,0,0.14903838033244743,38.81271486342611,MEDIUM
ALE-0137,2018-10-04,System Failure,ATM Network,165.56,3,2.67,2.82,2.47,2.9,18,,10,4,2018,3,55.186666648271114,0.9468085103025502,22.588199999999997,0.16111111110216048,3,0,ALE,0,0,-0.07470691499457266,0.7063551893325782,0,0,186.20785059350047,0,0.01877197126366408,34.802409413453475,MEDIUM
ALE-0523,2014-09-16,System Failure,Payments,199.9,1,1.01,2.72,2.66,3.6,16,,9,3,2014,1,199.89999980009998,0.37132352927524864,2.7472000000000003,0.2249999999859375,3,3,ALE,0,0,-0.00719799661780407,1.1556423455937108,0,0,177.0246818539174,1,0.43733326828934965,57.98218844195825,HIGH
OLE-0737,2023-04-26,Cyber-Fraud,ATM Network,58.55,3,0.39,0.52,1.0,2.7,17,,4,2,2023,2,19.51666666016111,0.7499999985576924,0.6083999999999999,0.15882352940242214,0,0,OLE,1,0,-0.05950184020691529,0.6937094172924596,0,0,51.24707134835645,0,0.025477773465028906,15.752574647167261,LOW
ALE-0160,2015-12-29,Phishing,Online Services,138.49,1,1.52,3.18,3.59,3.2,29,,12,4,2015,1,138.48999986151,0.47798742123333726,4.833600000000001,0.11034482758240191,2,2,ALE,0,0,-0.03373727992586717,0.35218502858741646,0,0,170.45662019690766,0,0.13866557085561645,42.55128892200693,MEDIUM
OLE-0786,2025-07-27,Tech Failure,Payments,67.17,4,1.31,1.5,1.0,3.1,20,,7,3,2025,6,16.792499995801876,0.8733333327511111,7.86,0.15499999999225,4,3,OLE,1,0,-0.06172110422440896,0.5809297059654076,0,0,64.42307396882748,0,0.0025108566962586056,16.722652350488342,LOW
OLE-0783,2014-12-09,Cyber-Fraud,E-Banking,23.09,1,0.92,1.27,1.0,3.3,18,,12,4,2014,1,23.089999976909997,0.7244094482484965,1.1684,0.18333333332314813,0,1,OLE,1,0,-0.08870644794515076,1.1576500859301928,0,0,42.53622950345712,0,0.0030915286724280395,9.254967223283506,LOW
ALE-0570,2019-01-14,Cyber-Fraud,Retail Banking,123.25,2,2.45,2.44,1.74,2.7,24,,1,1,2019,0,61.6249999691875,1.004098360244222,11.956000000000001,0.1124999999953125,0,4,ALE,0,0,-0.052256861530514453,0.15279259232009948,0,0,157.34782577165768,0,0.021809172321428587,33.62748597418307,MEDIUM
ALE-1065,2016-11-11,Data Breach,ATM Network,102.73,3,1.34,2.93,3.61,2.9,17,,11,4,2016,4,34.24333332191889,0.45733788380295637,11.778600000000003,0.17058823528408304,1,0,ALE,0,0,-0.08044821992493695,0.11568068800833498,0,0,126.86231657214536,0,0.013584888940124993,24.300964741490887,LOW
ALE-1099,2017-10-02,Data Breach,Payments,22.17,5,2.07,2.27,2.08,3.8,26,,10,4,2017,0,4.4339999991132,0.9118942727260376,23.4945,0.14615384614822485,1,3,ALE,0,0,-0.04714821481566667,1.169686899668115,0,0,38.685910140621125,0,0.01093162121195903,15.06816359906441,LOW
ALE-0674,2018-02-11,Tech Failure,E-Banking,267.38,1,1.44,1.84,1.45,3.8,20,,2,1,2018,6,267.37999973262,0.782608695226843,2.6496,0.1899999999905,4,1,ALE,0,0,-0.0011850745500436854,2.038516466283904,0,0,223.27468666964336,1,0.3826473942960927,64.33862870534792,HIGH
OLE-0789,2021-09-02,Cyber-Fraud,ATM Network,23.27,3,1.08,1.47,1.0,3.6,15,0.0,9,3,2021,3,7.756666664081111,0.7346938770512287,4.7628,0.239999999984,0,0,OLE,1,0,-0.05163664750135244,1.1552950571553822,0,0,28.303739027894576,0,0.021536773661735144,13.118084140531455,LOW
ALE-0012,2019-06-01,Data Breach,Payments,186.68,3,2.25,2.1,1.98,3.5,22,0.0,6,2,2019,5,62.226666645924446,1.0714285709183673,14.175,0.15909090908367768,1,3,ALE,0,0,-0.09980160178918335,0.9826785655770489,0,0,196.40195115912215,0,0.01725479312623156,32.66042333777499,MEDIUM
ALE-0721,2019-04-02,Phishing,Retail Banking,156.89,5,1.26,2.24,2.46,3.9,22,0.0,4,2,2019,1,31.377999993724398,0.5624999997488839,14.112,0.17727272726466942,2,4,ALE,0,0,-0.07085009368281997,0.5929213033458565,0,0,140.40867866993943,0,0.005806600073529302,27.611448777648672,LOW
ALE-0549,2019-11-28,System Failure,ATM Network,146.06,2,1.08,1.92,1.66,3.4,21,,11,4,2019,3,73.029999963485,0.5624999997070312,4.1472,0.16190476189705216,3,0,ALE,0,0,-0.09413666925912573,0.4512270720614051,0,0,145.4632095030759,0,0.07686641287246714,27.457243395823085,LOW
ALE-0083,2014-07-12,Cyber-Fraud,ATM Network,192.37,2,2.14,3.09,3.09,2.9,24,0.0,7,3,2014,5,96.1849999519075,0.6925566340800788,13.225200000000001,0.12083333332829861,0,0,ALE,0,0,-0.06293074691996253,1.0571236418474579,0,0,198.68136295254152,0,0.06202531496200145,40.05028994677442,MEDIUM
OLE-0708,2016-11-05,Cyber-Fraud,ATM Network,83.91,3,0.74,0.6,1.0,3.6,16,,11,4,2016,5,27.969999990676666,1.2333333312777779,1.3319999999999999,0.2249999999859375,0,0,OLE,1,0,-0.04911033575911661,0.36191202990800064,0,0,71.58229628089936,0,0.04913949480207135,21.364233997908183,LOW
OLE-0530,2015-01-26,Data Breach,Retail Banking,16.51,4,1.27,1.24,1.0,3.3,14,,1,1,2015,0,4.127499998968125,1.0241935475611341,6.2992,0.23571428569744896,1,4,OLE,1,0,-0.030554757977646396,1.243739471142722,0,0,23.54830720590957,0,0.04066610893816259,16.150207151342993,LOW
ALE-0571,2019-11-16,Phishing,Payments,10.0,5,1.62,1.45,1.49,2.9,27,,11,4,2019,5,1.9999999996,1.1172413785398336,11.745000000000001,0.10740740740342936,2,3,ALE,0,0,-0.06764175733858901,1.3289130118317138,0,0,29.354985661169607,0,0.0013473297162544177,10.209454519454274,LOW
ALE-0394,2019-08-30,Cyber-Fraud,Payments,122.67,4,0.89,2.19,2.62,2.6,23,0.0,8,3,2019,4,30.667499992333124,0.4063926938783595,7.7964,0.11304347825595464,0,3,ALE,0,0,-0.06963890606703799,0.14520416626793128,0,0,119.20231912849786,0,0.005123258955192856,24.38294196829985,LOW
ALE-0684,2015-02-13,Cyber-Fraud,ATM Network,256.03,1,2.75,1.83,2.04,2.7,23,0.0,2,1,2015,4,256.02999974396994,1.5027322396159932,5.032500000000001,0.11739130434272213,0,0,ALE,0,1,0.010066903949089268,1.8900188185388875,0,1,212.18475051592716,1,0.7642177817292441,77.5899494703878,CRITICAL
ALE-0073,2019-10-17,System Failure,E-Banking,177.03,3,2.65,2.95,3.21,3.8,29,0.0,10,4,2019,3,59.00999998033,0.8983050844412525,23.4525,0.13103448275410226,3,1,ALE,0,0,-0.04800101633775611,0.8564228562608016,0,0,189.21526647677553,0,0.03585368353341206,39.834292926918444,MEDIUM
ALE-0176,2016-03-28,Phishing,Payments,159.24,4,2.8,3.46,3.69,2.7,22,0.0,3,1,2016,0,39.8099999900475,0.8092485546794078,38.751999999999995,0.12272727272169422,2,3,ALE,0,0,-0.02429724813312184,0.6236675123503315,0,0,166.7320697281885,0,0.30057899025476364,49.02163765143719,MEDIUM
ALE-0197,2019-07-19,System Failure,E-Banking,72.83,2,2.53,2.26,1.55,3.2,16,0.0,7,3,2019,4,36.4149999817925,1.1194690260533322,11.435599999999997,0.1999999999875,3,1,ALE,0,0,-0.09511926059741721,0.5068771344908005,0,0,116.97157043535299,0,0.008441370764369642,20.370442321269827,LOW
ALE-1128,2018-08-29,Phishing,Retail Banking,302.34,2,2.05,2.59,2.45,2.6,24,,8,3,2018,2,151.16999992441498,0.7915057912001907,10.618999999999998,0.10833333332881945,2,4,ALE,0,0,-0.05051385090963545,2.4959153883249403,0,0,240.15490501791487,0,0.17289193835756103,52.3870673304781,HIGH
ALE-1197,2014-10-22,System Failure,ATM Network,82.41,4,2.24,2.6,2.01,3.5,16,,10,4,2014,2,20.602499994849374,0.8615384612071006,23.296000000000003,0.21874999998632813,3,0,ALE,0,0,-0.044045015811469246,0.3815372696980909,0,0,88.4158372762675,0,0.042429717308754306,24.565518370188933,LOW
ALE-0717,2019-09-17,Cyber-Fraud,Payments,194.7,2,0.97,2.29,1.68,3.7,25,,9,3,2019,1,97.34999995132499,0.42358078584123104,4.4426,0.14799999999408,0,3,ALE,0,0,-0.0649712961579616,1.0876081809880644,0,0,179.00646250720453,0,0.0659134620413199,36.74470326849295,MEDIUM
ALE-0318,2017-10-02,Tech Failure,Online Services,155.88,3,2.84,2.13,1.5,3.1,23,0.0,10,4,2017,0,51.959999982679996,1.333333332707355,18.147599999999997,0.13478260868979206,4,2,ALE,0,0,-0.06824065433510401,0.5797069752205292,0,0,174.335945324624,0,0.014248069250158464,33.70706776833638,MEDIUM
OLE-0355,2014-10-28,Cyber-Fraud,E-Banking,62.89,5,0.86,1.26,1.0,2.7,15,,10,4,2014,1,12.5779999974844,0.6825396819979843,5.418,0.179999999988,0,1,OLE,1,0,-0.06697287107424149,0.6369270568331318,0,0,58.036737362073616,0,0.00468953300727448,15.002244922862861,LOW
OLE-0813,2019-11-10,Data Breach,ATM Network,68.01,2,1.19,0.94,1.0,3.7,14,0.0,11,4,2019,6,34.004999982997504,1.2659574454617475,2.2371999999999996,0.2642857142668367,1,0,OLE,1,0,-0.003177243578450617,0.5699395716829571,0,0,74.51056502842935,0,0.32673099442915354,38.348146028366735,MEDIUM
ALE-0416,2014-08-11,Cyber-Fraud,Retail Banking,126.0,1,1.24,1.38,1.0,2.6,18,,8,3,2014,0,125.999999874,0.8985507239865574,1.7111999999999998,0.14444444443641977,0,4,ALE,0,0,-0.032935765841741294,0.1887721986019316,0,0,151.22682819599578,0,0.24795904328672116,43.426716449919084,MEDIUM
OLE-0064,2021-12-07,Data Breach,Retail Banking,24.11,5,0.46,0.6,1.0,3.5,22,0.0,12,4,2021,1,4.8219999990356,0.766666665388889,1.3800000000000001,0.15909090908367768,1,4,OLE,1,0,-0.07708624908257844,1.1443049228729316,0,0,19.72158433602104,0,5.602240896358543e-05,7.228677223794897,LOW
ALE-0756,2016-09-12,Phishing,Retail Banking,23.97,3,2.07,2.78,3.14,2.7,17,,9,3,2016,0,7.989999997336666,0.7446043162789193,17.263799999999996,0.15882352940242214,2,4,ALE,0,0,-0.05632799193238647,1.1461366119200067,0,0,48.488490952673295,0,0.0037638152871518112,15.022322721750058,LOW
OLE-0484,2019-04-08,Data Breach,ATM Network,22.48,1,1.09,0.7,1.0,3.0,15,,4,2,2019,0,22.47999997752,1.5571428549183677,0.763,0.19999999998666668,1,0,OLE,1,0,-0.04152470251851348,1.165631016778163,0,0,41.60395056925866,0,0.01281454355391912,16.432328734073156,LOW
ALE-1090,2015-10-30,Tech Failure,Online Services,173.12,4,1.78,2.03,2.5,3.3,26,0.0,10,4,2015,4,43.27999998918,0.8768472902084496,14.453599999999998,0.12692307691819527,4,2,ALE,0,0,-0.0880183899259912,0.805266397874633,0,0,178.30637629329163,0,0.017038398141247826,31.509965167551595,MEDIUM
ALE-0568,2019-05-08,Data Breach,Payments,241.23,4,0.99,1.42,1.44,3.4,26,,5,2,2019,2,60.30749998492312,0.6971830981005752,5.6232,0.1307692307642012,1,3,ALE,0,0,-0.10193030379877216,1.6963831192766636,0,0,191.63962435316824,0,0.00782212571847668,31.255170833372105,MEDIUM
ALE-0801,2015-10-30,System Failure,Retail Banking,177.81,5,2.79,3.29,2.55,3.9,17,,10,4,2015,4,35.5619999928876,0.8480243158516643,45.8955,0.22941176469238753,3,4,ALE,0,1,0.022255454939521413,0.8666279809516485,0,1,166.05160033613868,1,0.7845729523573371,72.74552659275498,CRITICAL
ALE-0433,2014-02-06,Phishing,Online Services,262.16,2,2.81,2.43,1.86,2.7,16,,2,1,2014,3,131.07999993446,1.1563786003471692,13.656600000000001,0.16874999998945314,2,2,ALE,0,0,-0.06229818285462402,1.9702206318143902,0,0,235.12153045821262,0,0.10636948783210921,47.5107897595005,MEDIUM
ALE-1020,2017-09-02,Cyber-Fraud,Retail Banking,50.86,2,0.89,2.18,2.46,3.1,16,,9,3,2017,5,25.429999987284997,0.40825688054667114,3.8804000000000003,0.19374999998789064,0,4,ALE,0,0,-0.06206041900089887,0.7943214799496556,0,0,59.47086533920901,0,0.00530343261564981,15.979923867033733,LOW
ALE-0226,2019-01-08,Data Breach,Online Services,171.36,4,2.28,3.05,2.42,3.1,20,,1,1,2019,1,42.83999998929,0.7475409833614619,27.815999999999995,0.15499999999225,1,2,ALE,0,0,-0.06916179003259587,0.7822394498542606,0,0,171.39588081891725,0,0.017314467686106175,33.20885745186873,MEDIUM
OLE-0618,2023-12-28,Data Breach,Retail Banking,35.55,4,0.42,0.56,1.0,2.7,17,0.0,12,4,2023,3,8.887499997778123,0.7499999986607142,0.9408000000000001,0.15882352940242214,1,4,OLE,1,0,-0.07289290105994589,0.99462976074051,0,0,32.90933163910841,0,0.0029873600771433586,10.056531714529422,LOW
ALE-0885,2019-02-01,System Failure,Retail Banking,189.25,2,2.25,1.32,1.15,2.9,16,,2,1,2019,4,94.6249999526875,1.704545453254132,5.94,0.18124999998867186,3,4,ALE,0,0,-0.05142420196626696,1.01630314308407,0,0,193.9491137115716,0,0.06125828073755895,40.97199521233499,MEDIUM
OLE-0694,2019-08-06,Cyber-Fraud,Payments,43.84,3,0.84,0.85,1.0,2.8,21,,8,3,2019,1,14.613333328462224,0.9882352929550173,2.142,0.1333333333269841,0,3,OLE,1,0,-0.08382728851635385,0.8861676021672779,0,0,53.19136375511026,0,0.001134040737186616,11.609123708441363,LOW
ALE-0057,2015-04-20,Cyber-Fraud,ATM Network,123.32,1,1.34,2.42,2.13,3.6,28,,4,2,2015,0,123.31999987667999,0.5537190080356533,3.2428,0.12857142856683673,0,0,ALE,0,0,-0.02150329583456445,0.15370843684363694,0,0,156.07284741174865,0,0.06893528137653053,39.62688273956426,MEDIUM
ALE-0970,2015-09-30,Tech Failure,Online Services,144.05,4,1.74,3.18,3.51,2.9,25,0.0,9,3,2015,2,36.01249999099688,0.5471698111486887,22.1328,0.11599999999536,4,2,ALE,0,0,-0.05986486297632476,0.4249292507426843,0,0,144.58356709958377,0,0.009842398015842357,30.04538751268847,MEDIUM
OLE-0858,2018-01-18,Data Breach,E-Banking,87.49,3,1.41,1.15,1.0,3.1,17,,1,1,2018,3,29.16333332361222,1.2260869554555764,4.864499999999999,0.18235294116574394,1,1,OLE,1,0,-0.09998864039612726,0.31507312427565193,0,0,77.35443346893838,0,0.0015239423314307447,13.085615119851868,LOW
ALE-1096,2014-04-07,Tech Failure,Payments,125.05,1,2.7,1.69,1.57,3.0,19,0.0,4,2,2014,0,125.04999987494999,1.5976331351493296,4.563,0.157894736833795,4,3,ALE,0,0,-0.05154157073574395,0.17634288006820772,0,0,177.6303151703821,0,0.26062366365303274,45.32839825816416,MEDIUM
ALE-0763,2018-11-09,Tech Failure,ATM Network,254.8,3,1.13,1.72,1.52,3.1,17,0.0,11,4,2018,4,84.93333330502223,0.6569767438040832,5.830799999999999,0.18235294116574394,4,0,ALE,0,0,-0.06889593100013786,1.873926121911014,0,0,205.53982215356362,0,0.10573856913577694,41.791448529141704,MEDIUM
ALE-0280,2019-05-14,Phishing,E-Banking,224.14,4,0.99,3.26,3.04,3.0,29,0.0,5,2,2019,1,56.03499998599125,0.30368098150193834,12.9096,0.10344827585850179,2,1,ALE,0,0,-0.051183261985235706,1.472786220601569,0,0,200.94875308596033,0,0.03350325017238664,41.15318285518834,MEDIUM
OLE-0024,2015-11-11,Cyber-Fraud,ATM Network,5.0,5,1.29,0.93,1.0,3.8,18,,11,4,2015,2,0.9999999998,1.3870967727020465,5.998500000000001,0.21111111109938271,0,0,OLE,1,0,-0.04012103960080027,1.3943304777986811,0,0,16.519378061405913,0,0.04230049287143823,13.669394914673557,LOW
ALE-0925,2017-08-27,System Failure,ATM Network,202.08,5,2.44,3.48,2.32,3.3,15,0.0,8,3,2017,6,40.4159999919168,0.7011494250858765,42.455999999999996,0.21999999998533332,3,0,ALE,0,1,0.03721387141066235,1.1841643607553087,0,1,189.24182381207234,1,0.890834688229704,82.37994736163785,CRITICAL
OLE-0535,2019-10-17,Cyber-Fraud,Payments,39.75,3,1.37,0.7,1.0,2.9,15,,10,4,2019,3,13.249999995583334,1.9571428543469391,2.8770000000000002,0.19333333332044444,0,3,OLE,1,0,-0.056006569115747085,0.9396790893282573,0,0,52.520697503537704,0,0.009253831658164699,15.905487136833946,LOW
OLE-0199,2016-03-10,Tech Failure,Payments,49.89,4,1.34,0.98,1.0,2.7,16,0.0,3,1,2016,3,12.472499996881876,1.3673469373802585,5.252800000000001,0.16874999998945314,4,3,OLE,1,0,-0.06629801476082348,0.8070124683472473,0,0,58.000752350561925,0,0.00396376596526562,15.071021445134514,LOW
OLE-0050,2022-11-26,Tech Failure,E-Banking,79.76,4,0.99,1.43,1.0,3.4,19,0.0,11,4,2022,5,19.939999995015,0.692307691823561,5.6628,0.17894736841163433,4,1,OLE,1,0,-0.08204504078293329,0.4162085266605835,0,0,72.21120561645571,0,0.0008588275286455853,14.898390077011065,LOW
OLE-0174,2025-05-22,System Failure,ATM Network,48.53,2,1.43,0.65,1.0,3.2,17,,5,2,2025,3,24.2649999878675,2.1999999966153845,1.859,0.1882352941065744,3,0,OLE,1,0,-0.05064529788644179,0.8248060190902624,0,0,57.91552308196305,0,0.08522715603374714,20.21921158213059,LOW
OLE-0839,2016-08-07,Tech Failure,ATM Network,39.54,1,0.61,1.5,1.0,2.8,14,0.0,8,3,2016,6,39.539999960459994,0.40666666639555554,0.915,0.19999999998571427,4,0,OLE,1,0,-0.0035493854813094528,0.9424266228988698,0,0,66.6206794948717,0,0.04230727425220194,27.079218601123983,LOW
OLE-0433,2015-09-18,Tech Failure,ATM Network,50.75,5,1.45,1.07,1.0,3.3,19,,9,3,2015,4,10.14999999797,1.3551401856494014,7.7575,0.1736842105171745,4,0,OLE,1,0,-0.07048206824111053,0.7957606642009288,0,0,44.82475314069126,0,0.007535324450082757,12.47401914306161,LOW
ALE-0032,2014-02-18,Data Breach,Retail Banking,179.86,4,0.9,2.64,2.13,3.8,28,0.0,2,1,2014,1,44.964999988758755,0.3409090907799587,9.504000000000001,0.13571428570943878,1,4,ALE,0,0,-0.05554505154469158,0.8934491419981053,0,0,169.34757450449075,0,0.007422369098292655,34.551904350547154,MEDIUM
ALE-0214,2014-12-21,Data Breach,Retail Banking,231.36,3,2.66,1.67,1.27,3.5,22,0.0,12,4,2014,6,77.11999997429334,1.592814370303704,13.326600000000001,0.15909090908367768,1,4,ALE,0,0,-0.05347297395692674,1.5672490414578704,0,0,210.75946548346977,0,0.04702885624053373,42.85306536647476,MEDIUM
ALE-0401,2019-04-02,Data Breach,E-Banking,265.43,2,1.7,3.26,3.57,4.0,19,,4,2,2019,1,132.7149999336425,0.521472392478076,11.084,0.21052631577839334,1,1,ALE,0,1,0.000969149699012517,2.013003654556787,0,1,210.41319206118422,1,0.6434815291386441,71.73446008814865,CRITICAL
ALE-0085,2015-06-14,Data Breach,Online Services,201.29,2,2.0,2.67,2.72,2.6,17,0.0,6,2,2015,6,100.6449999496775,0.7490636701314368,10.68,0.1529411764615917,1,2,ALE,0,0,-0.0643407070318826,1.1738284011325277,0,0,197.5948440124593,0,0.05596864394400519,39.45616808591659,MEDIUM
OLE-0472,2023-08-12,Cyber-Fraud,Retail Banking,43.44,3,1.13,1.23,1.0,2.6,24,,8,3,2023,5,14.479999995173332,0.9186991862449598,4.1697,0.10833333332881945,0,4,OLE,1,0,-0.04594984441019501,0.8914009994446354,0,0,56.495577598434195,0,0.023181859525795774,18.5162619844411,LOW
OLE-0072,2022-04-24,Data Breach,Retail Banking,24.56,2,0.31,0.76,1.0,2.9,22,0.0,4,2,2022,6,12.279999993859999,0.4078947363054017,0.4712,0.13181818181219007,1,4,OLE,1,0,-0.030761437878117914,1.1384173509359043,0,0,33.65007532522613,0,0.012090769296404744,16.731418391311937,LOW
ALE-1262,2014-10-10,System Failure,Retail Banking,271.11,2,1.59,3.09,2.91,3.8,24,,10,4,2014,4,135.5549999322225,0.5145631066295913,9.8262,0.1583333333267361,3,4,ALE,0,0,-0.05204157160476863,2.087317895895262,0,0,222.02107193233786,0,0.13518022677646527,47.94732569488556,MEDIUM
ALE-1015,2018-10-22,Data Breach,ATM Network,140.14,3,1.99,2.85,2.98,2.7,21,,10,4,2018,0,46.71333331776221,0.6982456137900892,17.014499999999998,0.12857142856530612,1,0,ALE,0,0,-0.07161995372945212,0.3737727923565154,0,0,162.07683411208595,0,0.01715523869679915,31.352274063183472,MEDIUM
OLE-0423,2024-04-20,Cyber-Fraud,Retail Banking,41.41,2,0.79,0.63,1.0,2.5,23,0.0,4,2,2024,5,20.704999989647497,1.2539682519778284,0.9954000000000001,0.10869565216918714,0,4,OLE,1,0,-0.02629017629763153,0.9179604906272242,0,0,55.21724084421064,0,0.08567506954092136,23.41038739667447,LOW
OLE-0820,2022-03-31,Data Breach,E-Banking,62.52,4,0.6,0.56,1.0,2.7,21,0.0,3,1,2022,3,15.6299999960925,1.071428569515306,1.344,0.12857142856530612,1,1,OLE,1,0,-0.08264207763676484,0.6417679493146874,0,0,59.08948142803063,0,0.0021371400700476552,12.760885524032469,LOW
OLE-0459,2016-04-09,Tech Failure,ATM Network,5.0,5,0.31,1.4,1.0,2.7,19,,4,2,2016,5,0.9999999998,0.22142857127040816,2.17,0.14210526315041552,4,0,OLE,1,0,-0.01576391821772638,1.3943304777986811,0,0,15.821844537796041,0,0.07186645081258794,18.19925991300291,LOW
ALE-0928,2018-02-23,System Failure,E-Banking,178.1,5,2.86,3.28,2.78,3.4,24,,2,1,2018,4,35.619999992876,0.8719512192463563,46.903999999999996,0.14166666666076388,3,1,ALE,0,0,-0.01917831514327295,0.8704221939777326,0,0,160.89268351804245,0,0.33461283491873645,50.03894447916786,HIGH
OLE-0808,2014-08-23,Tech Failure,E-Banking,82.36,3,0.76,1.35,1.0,3.6,24,0.0,8,3,2014,5,27.45333332418222,0.5629629625459533,3.0780000000000007,0.14999999999375,4,1,OLE,1,0,-0.06689459514162638,0.38219144435776053,0,0,69.61717975748483,0,0.0018464818496332395,16.76223095169435,LOW
ALE-0276,2019-08-18,Cyber-Fraud,Retail Banking,173.5,5,2.18,2.47,1.66,3.6,22,,8,3,2019,6,34.69999999306,0.8825910927600845,26.923000000000002,0.1636363636289256,0,4,ALE,0,0,-0.05319518358347186,0.8102381252881226,0,0,160.446563703667,0,0.04853349443229553,34.91837627249976,MEDIUM
ALE-0723,2019-05-14,Tech Failure,E-Banking,29.23,2,0.97,2.1,2.31,3.1,15,,5,2,2019,1,14.6149999926925,0.4619047616848072,4.074,0.20666666665288888,4,1,ALE,0,0,-0.062176642248433556,1.0773174377227568,0,0,49.78054663185699,0,0.021295036609787942,14.976127620171841,LOW
ALE-0655,2016-10-12,Cyber-Fraud,Online Services,116.36,5,2.76,3.3,3.47,2.6,20,,10,4,2016,2,23.2719999953456,0.8363636361101928,45.53999999999999,0.1299999999935,0,2,ALE,0,0,-5.043495256706887e-05,0.0626473242176183,0,0,109.58639144672678,0,0.3399994507049507,44.872589131590054,MEDIUM
ALE-1179,2018-05-12,Cyber-Fraud,E-Banking,44.83,2,2.71,1.25,0.98,3.3,26,0.0,5,2,2018,5,22.4149999887925,2.1679999982656,6.775,0.12692307691819527,0,1,ALE,0,0,-0.0423586516579082,0.8732149439058183,0,0,68.97735145839887,0,0.06391422519162601,22.465343268137012,LOW
ALE-0385,2019-06-01,Cyber-Fraud,ATM Network,149.99,2,1.28,2.69,2.46,2.7,16,0.0,6,2,2019,5,74.9949999625025,0.47583643104987494,6.8864,0.16874999998945314,0,0,ALE,0,0,-0.04926871137546862,0.5026452003114417,0,0,160.15313644014515,0,0.0664791487950222,36.08101277171738,MEDIUM
ALE-0141,2019-04-14,Phishing,Retail Banking,249.94,4,1.5,1.92,1.54,2.7,19,,4,2,2019,6,62.484999984378746,0.7812499995930989,11.52,0.14210526315041552,2,4,ALE,0,0,-0.07590978239844698,1.8103403449911215,0,0,210.56119506331825,0,0.022663039330248703,38.64658620240534,MEDIUM
OLE-0257,2022-05-30,System Failure,E-Banking,16.5,2,0.55,0.88,1.0,4.0,17,,5,2,2022,0,8.249999995875,0.6249999992897728,0.9680000000000001,0.235294117633218,3,1,OLE,1,0,-0.020859854991976845,1.243870306074656,0,0,23.69304895626133,0,0.07858407663100628,18.935878742821416,LOW
ALE-0620,2017-05-05,System Failure,Payments,226.81,1,2.29,1.4,1.1,3.4,17,,5,2,2017,4,226.80999977319,1.6357142845459185,3.206,0.19999999998823528,3,3,ALE,0,0,-0.01932949896935554,1.5077191474279297,0,0,211.31055318034674,1,0.4124416403468351,60.78579954393577,HIGH
ALE-1136,2017-12-31,Phishing,E-Banking,204.51,1,1.62,2.91,2.55,3.1,15,0.0,12,4,2017,6,204.50999979548996,0.5567010307365289,4.714200000000001,0.20666666665288888,2,1,ALE,0,0,-0.010999820646813263,1.2159572492152546,0,0,190.8778176651484,1,0.3823323723494615,57.704810812228715,HIGH
ALE-1266,2018-08-29,Data Breach,Online Services,136.36,5,2.06,3.2,2.56,3.9,24,,8,3,2018,2,27.271999994545602,0.6437499997988281,32.96,0.16249999999322917,1,2,ALE,0,0,-0.04191050577909328,0.3243171880854884,0,0,121.02901950888636,0,0.17162428410126243,34.607487016130776,MEDIUM
OLE-0479,2022-09-03,Cyber-Fraud,Payments,86.62,4,1.18,0.87,1.0,3.3,17,0.0,9,3,2022,5,21.65499999458625,1.3563218375214692,4.1064,0.19411764704740483,0,3,OLE,1,0,-0.08380738019708311,0.32645576335390414,0,0,78.88188103041165,0,0.0017562921606252002,15.733312502346314,LOW
OLE-0562,2018-05-18,System Failure,Retail Banking,71.68,4,0.44,0.83,1.0,3.7,18,,5,2,2018,4,17.91999999552,0.5301204812890116,1.4607999999999999,0.20555555554413582,3,4,OLE,1,0,-0.08073414717375882,0.5219231516632029,0,0,62.902625786737325,0,0.0023748629886737303,13.660165086353215,LOW
ALE-0366,2018-01-18,Data Breach,E-Banking,35.58,1,0.91,2.07,2.0,3.6,15,,1,1,2018,3,35.57999996442,0.43961352635767464,1.8837,0.239999999984,1,1,ALE,0,0,-0.0553551200957807,0.9942372559447081,0,0,79.73062469718386,0,0.05635487485040967,21.992394590433598,LOW
OLE-0021,2018-01-06,System Failure,Retail Banking,55.09,2,1.21,1.0,1.0,3.3,21,,1,1,2018,5,27.544999986227502,1.2099999987899999,2.42,0.15714285713537415,3,4,OLE,1,0,-0.09094371690649528,0.738978303741601,0,0,65.70426366653362,0,0.004719255123588163,12.677630367911005,LOW
ALE-0392,2015-04-08,Tech Failure,ATM Network,50.01,5,2.97,1.61,1.2,3.0,23,0.0,4,2,2015,2,10.001999997999599,1.8447204957486207,23.908500000000004,0.13043478260302457,4,0,ALE,0,0,-0.02389099769130787,0.8054424491640401,0,0,56.56282769627244,0,0.04855662413160247,22.68118552451417,LOW
ALE-0259,2019-05-26,Phishing,Online Services,205.0,4,1.57,3.07,3.0,2.7,27,,5,2,2019,6,51.2499999871875,0.5114006512992181,19.2796,0.0999999999962963,2,2,ALE,0,0,-0.05369383672226202,1.2223681608800177,0,0,189.34468285169623,0,0.011242412310535079,38.15065951550757,MEDIUM
OLE-0382,2023-07-01,System Failure,Retail Banking,72.72,5,1.04,0.75,1.0,3.4,19,,7,3,2023,5,14.5439999970912,1.386666664817778,3.9000000000000004,0.17894736841163433,3,4,OLE,1,0,-0.07861750016353503,0.5083163187420738,0,0,61.95327034651214,0,0.0004229588272918667,13.753753674226404,LOW
ALE-0372,2018-05-18,Phishing,ATM Network,115.87,5,2.31,3.36,2.57,2.8,19,,5,2,2018,4,23.1739999953652,0.6874999997953869,38.808,0.14736842104487533,2,0,ALE,0,0,-0.017443121804186057,0.05623641255285555,0,0,104.78330281073977,1,0.5200531532112964,47.8328399784278,MEDIUM
OLE-0765,2019-04-14,Tech Failure,Payments,5.0,5,0.34,1.12,1.0,3.3,14,0.0,4,2,2019,6,0.9999999998,0.30357142830038264,1.9040000000000004,0.23571428569744896,4,3,OLE,1,1,1.781651522225758e-05,1.3943304777986811,0,1,21.99521969121457,1,0.6406190136109344,41.42736569034808,MEDIUM
ALE-0161,2017-02-16,Data Breach,Online Services,111.61,2,1.09,2.85,3.36,3.0,23,,2,1,2017,3,55.8049999720975,0.38245614021668206,6.213000000000001,0.13043478260302457,1,2,ALE,0,0,-0.10357427179363182,0.0005007315489991982,0,0,142.1925576353607,0,0.009825345972416884,23.191555035342443,LOW
ALE-1224,2017-01-05,Phishing,Retail Banking,200.95,2,2.41,2.1,1.61,3.0,25,,1,1,2017,3,100.47499994976249,1.1476190470725622,10.122000000000002,0.1199999999952,2,4,ALE,0,0,-0.08217067691652491,1.1693800134467738,0,0,206.70170419777824,0,0.041795175126965664,37.77334783801035,MEDIUM
ALE-0782,2019-04-02,Phishing,Payments,110.93,3,0.96,2.66,2.08,3.3,27,,4,2,2019,1,36.97666665434111,0.36090225550342014,7.6608,0.12222222221769546,2,3,ALE,0,0,-0.08575109296407851,0.00839604382250828,0,0,123.57127364636443,0,0.0017871163394710058,22.577733924550998,LOW
ALE-0435,2014-11-27,Tech Failure,E-Banking,43.84,3,1.4,1.67,1.51,2.6,15,,11,4,2014,3,14.613333328462224,0.8383233527914231,7.0139999999999985,0.17333333332177778,4,1,ALE,0,0,-0.05752254403765,0.8861676021672779,0,0,60.769737766882365,0,0.03132319704298205,17.769764599260075,LOW
ALE-0555,2014-08-29,Tech Failure,Retail Banking,54.75,2,2.81,3.38,2.45,3.0,24,,8,3,2014,4,27.3749999863125,0.8313609464995974,18.9956,0.12499999999479167,4,4,ALE,0,0,-0.057652577532069205,0.7434266914273548,0,0,86.6205609968067,0,0.03501266200221049,22.004685377747613,LOW
OLE-0680,2018-02-11,Data Breach,ATM Network,27.96,4,0.67,1.26,1.0,3.9,23,,2,1,2018,6,6.9899999982525,0.5317460313240111,3.3768000000000002,0.16956521738393193,1,0,OLE,1,0,-0.03910993727887513,1.0939334740783666,0,0,30.521333185209933,0,0.00047680868641567333,14.589578154011296,LOW
ALE-0036,2016-02-21,Phishing,E-Banking,234.32,5,1.86,3.24,3.04,3.6,17,,2,1,2016,6,46.8639999906272,0.5740740738968907,30.132000000000005,0.2117647058698962,2,1,ALE,0,0,-0.017755152425992904,1.6059761813103148,0,0,197.7079414835587,0,0.1678679124061187,50.288237094078134,HIGH
ALE-1163,2017-01-11,System Failure,Retail Banking,89.64,4,0.81,2.86,2.07,3.1,22,,1,1,2017,2,22.4099999943975,0.2832167831177564,9.2664,0.14090909090268594,3,4,ALE,0,0,-0.07836134775256748,0.28694361390985584,0,0,86.14216523199175,0,0.02608671206205684,18.549758356772415,LOW
ALE-1152,2016-01-16,Phishing,Retail Banking,110.3,4,1.14,1.37,1.04,3.7,20,,1,1,2016,5,27.57499999310625,0.8321167877137832,6.2472,0.18499999999075,2,4,ALE,0,0,-0.08552380051598951,0.016638644534346308,0,0,96.49693455755245,0,0.007379799062191481,18.486850977066815,LOW
OLE-0428,2015-02-01,System Failure,ATM Network,41.61,1,1.31,1.11,1.0,3.4,20,0.0,2,1,2015,6,41.60999995839,1.1801801791169546,1.4541000000000002,0.1699999999915,3,0,OLE,1,0,-0.05401161000210719,0.9153437919885454,0,0,65.53999199412145,0,0.006438176816822725,18.179818976806025,LOW
OLE-0375,2018-03-13,Tech Failure,Payments,5.0,1,0.35,0.72,1.0,2.5,24,,3,1,2018,1,4.999999995,0.4861111104359568,0.252,0.1041666666623264,4,3,OLE,1,0,-0.021482855896522213,1.3943304777986811,0,0,15.666462814135754,0,0.12146925850536616,19.06380676018229,LOW
OLE-0271,2020-10-24,System Failure,ATM Network,11.23,4,0.54,1.15,1.0,3.7,17,,10,4,2020,5,2.807499999298125,0.4695652169829868,2.484,0.21764705881072666,3,0,OLE,1,0,-0.05782866481635418,1.3128203152038398,0,0,17.273896180117443,0,0.004882207209461256,9.858328830872255,LOW
ALE-0642,2015-04-08,Phishing,Payments,164.76,4,1.04,1.99,1.64,2.8,29,0.0,4,2,2015,2,41.1899999897025,0.5226130650640135,8.2784,0.09655172413460165,2,3,ALE,0,0,-0.07072044070938072,0.6958883947778634,0,0,164.015691771537,0,0.014420468459694868,31.699126262323386,MEDIUM
ALE-1247,2015-12-29,Cyber-Fraud,ATM Network,125.01,2,2.0,1.75,1.37,3.2,28,0.0,12,4,2015,1,62.5049999687475,1.1428571422040816,7.0,0.11428571428163266,0,0,ALE,0,0,-0.06127391806588289,0.1758195403404721,0,0,157.1850789558487,0,0.024256871871553135,32.35210290894455,MEDIUM
ALE-0246,2015-01-08,Cyber-Fraud,ATM Network,171.82,2,2.09,1.93,2.24,2.8,16,0.0,1,1,2015,3,85.90999995704499,1.0829015538430562,8.0674,0.1749999999890625,0,0,ALE,0,0,-0.05873593220644446,0.7882578567232214,0,0,181.2085361049058,0,0.07401538074973377,38.302877653082334,MEDIUM
ALE-0984,2016-09-06,System Failure,ATM Network,90.02,1,1.44,2.14,1.83,2.7,23,,9,3,2016,1,90.01999990997999,0.6728971959472442,3.0816,0.11739130434272213,3,0,ALE,0,0,-0.07404507704169416,0.2819718864963664,0,0,148.24304785004807,0,0.05148987520341328,29.98744634452743,LOW
OLE-0446,2018-07-30,Data Breach,ATM Network,114.92,5,0.33,0.82,1.0,2.6,22,0.0,7,3,2018,0,22.9839999954032,0.4024390238994647,1.353,0.11818181817644628,1,0,OLE,1,0,-0.032621632492942254,0.043807094019131694,0,0,57.55252611777134,0,0.024174576894355176,20.693066353651457,LOW
OLE-0549,2022-06-17,Data Breach,Retail Banking,8.29,4,1.4,0.83,1.0,3.1,14,0.0,6,2,2022,4,2.0724999994818747,1.686746985919582,4.648,0.2214285714127551,1,4,OLE,1,0,-0.026028498635370934,1.3512857851924165,0,0,18.851441104246042,0,0.0750536885182604,17.27445540354401,LOW
OLE-0026,2023-09-23,Data Breach,ATM Network,48.12,4,1.1,1.43,1.0,3.3,21,,9,3,2023,5,12.0299999969925,0.7692307686928457,6.292,0.15714285713537415,1,0,OLE,1,0,-0.08464207539853058,0.8301702512995538,0,0,49.4583747099797,0,0.00842630316276437,11.148037057090429,LOW
ALE-0576,2017-11-19,Data Breach,E-Banking,159.59,1,2.42,2.28,2.41,3.3,22,,11,4,2017,6,159.58999984041,1.061403508306402,5.517599999999999,0.1499999999931818,1,1,ALE,0,0,-0.06776865576776275,0.6282467349680191,0,0,173.0176618644201,0,0.11477878079052806,37.085167844253,MEDIUM
OLE-0631,2024-05-08,System Failure,ATM Network,5.48,2,0.44,0.57,1.0,3.2,14,,5,2,2024,2,2.73999999863,0.7719298232071408,0.5015999999999999,0.22857142855510204,3,0,OLE,1,0,-0.036139515287983426,1.3880504010658523,0,0,12.814439763130187,0,0.1541003566168819,17.58070153041431,LOW
OLE-0079,2023-08-24,Data Breach,ATM Network,101.9,2,0.46,1.23,1.0,3.7,16,,8,3,2023,3,50.949999974525,0.37398373953334657,1.1316,0.23124999998554688,1,0,OLE,1,0,-0.04580913883307114,0.12653998735885155,0,0,64.16675047396421,0,0.02176907847567711,19.711744753310377,LOW
OLE-0367,2018-07-24,Data Breach,Payments,25.59,3,0.67,0.84,1.0,2.6,24,0.0,7,3,2018,1,8.529999997156667,0.7976190466695012,1.6884000000000001,0.10833333332881945,1,3,OLE,1,0,-0.060691369866052836,1.1249413529467092,0,0,29.482664742384664,0,0.01611558272267687,11.775805101443176,LOW
ALE-1137,2017-04-17,System Failure,ATM Network,185.01,5,1.77,2.42,2.17,3.2,16,,4,2,2017,0,37.0019999925996,0.7314049583754525,21.416999999999998,0.1999999999875,3,0,ALE,0,0,-0.05067869530441027,0.9608291319440816,0,0,158.71480373708988,0,0.03503274110485877,34.54210731604536,MEDIUM
OLE-0033,2015-10-06,System Failure,E-Banking,29.8,4,0.48,0.92,1.0,2.7,14,,10,4,2015,1,7.4499999981375,0.5217391298676748,1.7664,0.19285714284336736,3,1,OLE,1,0,-0.06736679010313873,1.0698598466025226,0,0,30.057805827214917,0,0.003434045761299807,10.435351501535864,LOW
ALE-0190,2018-01-12,Phishing,E-Banking,160.82,3,1.52,2.55,1.83,3.2,24,,1,1,2018,4,53.60666664879778,0.5960784311387928,11.628,0.13333333332777778,2,1,ALE,0,0,-0.111808527596783,0.644339431595893,0,0,173.70629723061938,0,0.00094541759492228,26.690257583234118,LOW
ALE-1008,2014-12-27,Data Breach,ATM Network,194.22,2,1.58,1.79,1.81,3.1,27,0.0,12,4,2014,5,97.10999995144499,0.8826815637526918,5.6564000000000005,0.11481481481056242,1,0,ALE,0,0,-0.07074318433780002,1.0813281042552358,0,0,185.62497090669618,0,0.02706088547070532,35.586388343759026,MEDIUM
ALE-1259,2015-01-26,System Failure,Payments,239.81,2,1.66,1.45,1.02,2.6,28,0.0,1,1,2015,0,119.9049999400475,1.1448275854173602,4.814,0.09285714285382653,3,3,ALE,0,0,-0.024582177435047314,1.6778045589420454,0,0,178.2882363515803,0,0.3074811387217605,51.065055085976255,HIGH
ALE-1108,2018-04-06,Data Breach,Payments,185.03,4,3.0,1.31,1.18,3.2,27,,4,2,2018,4,46.257499988435626,2.2900763341297123,15.72,0.11851851851412895,1,3,ALE,0,0,-0.03988087755483516,0.9610908018079496,0,0,186.0384193881217,0,0.10510337382630155,42.95338281273916,MEDIUM
ALE-0136,2015-06-14,System Failure,E-Banking,159.69,3,2.88,2.31,1.93,3.7,25,,6,2,2015,6,53.229999982256665,1.2467532462135267,19.9584,0.14799999999408,3,1,ALE,0,0,-0.06842001584099294,0.6295550842873584,0,0,185.819087514045,0,0.003675917512497637,35.1428626840411,MEDIUM
ALE-1022,2017-06-16,Tech Failure,Online Services,149.66,2,1.76,2.98,2.29,2.7,18,,6,2,2017,4,74.82999996258499,0.5906040266474483,10.4896,0.1499999999916667,4,2,ALE,0,0,-0.070568521997743,0.4983276475576216,0,0,165.56438037053252,0,0.07078017834325631,33.94133532373458,MEDIUM
OLE-0545,2020-07-26,Tech Failure,Payments,88.88,2,0.68,0.56,1.0,3.4,24,0.0,7,3,2020,6,44.43999997778,1.214285712117347,0.7616000000000002,0.14166666666076388,4,3,OLE,1,0,-0.03520155258360236,0.29688706873683496,0,0,72.37337493078326,0,0.010812144350458094,22.208371370290706,LOW
OLE-0164,2023-06-25,System Failure,ATM Network,52.93,2,0.68,0.65,1.0,3.2,23,0.0,6,2,2023,6,26.4649999867675,1.0461538445443788,0.8840000000000001,0.13913043477655956,3,0,OLE,1,0,-0.05002937492716941,0.767238649039331,0,0,56.224179459968234,0,0.001826012147269247,17.121476847948554,LOW
OLE-0204,2021-11-07,Cyber-Fraud,Retail Banking,8.94,3,1.1,1.32,1.0,3.7,18,,11,4,2021,6,2.9799999990066666,0.8333333327020201,4.356000000000001,0.20555555554413582,0,4,OLE,1,0,-0.04294447367886922,1.3427815146167108,0,0,16.20923149507497,0,0.008633020459645846,12.023499849411236,LOW
ALE-0600,2018-06-12,Tech Failure,Retail Banking,130.7,4,2.77,2.75,2.92,3.9,28,,6,2,2018,1,32.67499999183125,1.0072727269064463,30.47,0.1392857142807398,4,4,ALE,0,0,-0.0043098326168627965,0.25026461661088084,0,0,138.95347264357068,0,0.055390398435560775,38.966753051554726,MEDIUM
ALE-0059,2016-11-17,System Failure,Payments,152.21,1,1.93,1.82,1.63,3.2,25,,11,4,2016,3,152.20999984779,1.0604395598569012,3.5126,0.12799999999488001,3,3,ALE,0,0,-0.07580015912405769,0.5316905552007751,0,0,169.2565188352881,0,0.08481796130847279,34.247209733433024,MEDIUM
ALE-0590,2018-01-18,Phishing,Online Services,155.27,4,1.38,3.12,3.03,3.2,29,,1,1,2018,3,38.81749999029563,0.44230769216592697,17.2224,0.11034482758240191,2,2,ALE,0,0,-0.07258937381035185,0.5717260443725593,0,0,159.33357981240675,0,0.005572052272819536,30.365584404696737,MEDIUM
ALE-0787,2015-06-01,Data Breach,E-Banking,178.59,2,2.04,2.86,2.61,2.6,29,0.0,6,2,2015,0,89.2949999553525,0.7132867130373124,11.6688,0.08965517241070155,1,1,ALE,0,0,-0.03413464499839347,0.8768331056424955,0,0,182.72729160718464,0,0.22879686193568763,47.60509315535635,MEDIUM
OLE-0306,2025-01-28,Data Breach,E-Banking,104.59,3,1.11,1.12,1.0,3.6,20,0.0,1,1,2025,1,34.863333321712226,0.9910714276865433,3.7296000000000005,0.179999999991,1,1,OLE,1,0,-0.09781120260562665,0.09134539066862307,0,0,84.92545068204525,0,0.0010326857887823393,14.598931824357791,LOW
ALE-0122,2016-04-27,Data Breach,Retail Banking,217.2,4,2.13,3.35,3.55,2.7,20,,4,2,2016,2,54.29999998642499,0.6358208953325907,28.541999999999998,0.13499999999325002,1,4,ALE,0,0,-0.04965030092227263,1.3819867778394181,0,0,194.93588245701036,0,0.03830761622697152,40.588828888273376,MEDIUM
OLE-0565,2016-09-12,Tech Failure,Retail Banking,115.52,5,0.64,1.02,1.0,3.6,22,,9,3,2016,0,23.103999995379198,0.6274509797770088,3.2640000000000002,0.1636363636289256,4,4,OLE,1,0,-0.06265983078749171,0.05165718993516771,0,0,84.15197774949381,0,5.602240896358543e-05,19.64590499325962,LOW
ALE-1271,2019-06-07,Phishing,E-Banking,66.91,4,1.91,2.41,1.69,3.1,27,,6,2,2019,4,16.727499995818125,0.792531120003099,18.4124,0.11481481481056242,2,1,ALE,0,0,-0.09149989419492588,0.58433141419569,0,0,68.5074207973071,0,0.00094541759492228,12.910500040345946,LOW
OLE-0193,2015-08-31,Tech Failure,E-Banking,71.2,1,0.38,1.34,1.0,2.5,18,0.0,8,3,2015,0,71.1999999288,0.28358208934061035,0.5092,0.13888888888117285,4,1,OLE,1,1,0.00020094841382001238,0.5282032283960318,0,1,68.8923366577088,1,0.6277309482617647,48.48681957452684,MEDIUM
ALE-0741,2018-10-10,System Failure,Online Services,100.62,3,2.75,2.13,1.72,3.8,24,,10,4,2018,2,33.53999998882,1.291079811600432,17.572499999999998,0.1583333333267361,3,2,ALE,0,0,-0.08541849705076876,0.14328685864639523,0,0,122.9504266539291,0,0.005283404558652308,22.650279613256778,LOW
OLE-0753,2023-10-05,Data Breach,E-Banking,71.74,1,1.21,1.11,1.0,2.8,23,0.0,10,4,2023,3,71.73999992825999,1.0900900891080267,1.3431000000000002,0.1217391304294896,1,1,OLE,1,0,-0.07744421133036611,0.5211381420715995,0,0,74.25008146058555,0,0.03174431170263587,16.985935272252732,LOW
ALE-0143,2014-12-21,Cyber-Fraud,Retail Banking,76.26,5,2.09,2.03,1.79,3.0,24,,12,4,2014,6,15.251999996949602,1.0295566497391346,21.213499999999996,0.12499999999479167,0,4,ALE,0,0,-0.04904402293821386,0.4620007528374607,0,0,73.62001995312953,0,0.01620029255785554,20.54634199155189,LOW
OLE-0742,2024-09-06,Tech Failure,Retail Banking,26.42,5,1.37,0.56,1.0,3.2,22,,9,3,2024,4,5.2839999989432,2.4464285670599493,3.8360000000000007,0.1454545454479339,4,4,OLE,1,0,-0.022404086728445294,1.1140820535961926,0,0,27.602131899335273,0,0.085859069870791,19.58563795713122,LOW
ALE-0729,2014-03-08,System Failure,Online Services,210.59,3,1.49,3.02,3.39,3.6,22,0.0,3,1,2014,5,70.19666664326778,0.49337748328033854,13.4994,0.1636363636289256,3,2,ALE,0,0,-0.09169238080222825,1.2955048878310873,0,0,198.75700229787427,0,0.0213002005692626,34.37847751760446,MEDIUM
OLE-0572,2024-06-01,System Failure,ATM Network,5.0,2,0.63,1.06,1.0,3.0,20,,6,2,2024,5,2.49999999875,0.5943396220808116,1.3356000000000001,0.1499999999925,3,0,OLE,1,0,-0.06950289261227038,1.3943304777986811,0,0,11.315725656918369,0,0.007753213052603322,7.2795538211668935,LOW
ALE-0700,2017-04-17,Data Breach,Retail Banking,19.54,2,0.88,3.45,4.3,3.8,21,,4,2,2017,0,9.769999995114999,0.25507246369418185,6.072,0.18095238094376417,1,4,ALE,0,0,-0.01677898643419129,1.2040964867667396,0,0,38.16132335396083,0,0.10396250058386,22.73706235465677,LOW
OLE-0219,2016-07-02,Data Breach,Retail Banking,115.63,5,0.85,1.06,1.0,3.8,21,0.0,7,3,2016,5,23.125999995374798,0.8018867916963331,4.505,0.18095238094376417,1,4,OLE,1,0,-0.08281370137249816,0.053096374186440996,0,0,87.8048474645701,0,0.0,17.242815243862257,LOW
OLE-0611,2021-02-03,Cyber-Fraud,ATM Network,40.82,5,1.43,0.56,1.0,3.9,17,,2,1,2021,2,8.1639999983672,2.5535714240114795,4.0040000000000004,0.22941176469238753,0,0,OLE,1,0,-0.001838035048015274,0.9256797516113262,0,0,35.96919350930171,0,0.3359439093648047,32.71879747124756,MEDIUM
ALE-1254,2014-12-15,Phishing,ATM Network,196.14,4,2.86,1.22,1.02,3.6,19,,12,4,2014,0,49.034999987741244,2.3442622931604404,13.9568,0.18947368420055402,2,0,ALE,0,0,-0.021987165880067994,1.1064484111865511,0,0,177.63870610368838,0,0.13046935343682686,45.15021883151724,MEDIUM
OLE-0352,2021-02-27,Data Breach,ATM Network,98.85,4,0.6,0.76,1.0,2.5,23,,2,1,2021,5,24.712499993821872,0.7894736831717452,1.8239999999999998,0.10869565216918714,1,0,OLE,1,0,-0.04486737923127326,0.16644464159870184,0,0,63.856033563683305,0,0.04228819552864805,20.519771184890192,LOW
ALE-1013,2017-09-02,Data Breach,E-Banking,123.37,4,0.89,2.93,2.67,4.0,24,,9,3,2017,5,30.842499992289376,0.30375426610793366,10.430800000000001,0.1666666666597222,1,1,ALE,0,0,-0.04934447194595937,0.15436261150330677,0,0,123.57766103843065,0,0.05828673657077404,29.94667476605668,LOW
ALE-0211,2015-01-14,System Failure,Payments,126.42,3,2.27,1.37,1.04,2.6,26,0.0,1,1,2015,2,42.13999998595333,1.6569343053599017,9.3297,0.09999999999615385,3,3,ALE,0,0,-0.04937309618169661,0.19426726574315686,0,0,155.37409188649517,0,0.015755718842655964,33.5276402397573,MEDIUM
ALE-1075,2014-01-13,Cyber-Fraud,Online Services,27.24,2,2.58,3.42,2.75,3.7,22,0.0,1,1,2014,0,13.61999999319,0.7543859646917,17.6472,0.16818181817417355,0,2,ALE,0,0,-0.03893734537013949,1.10335358917761,0,0,49.5241960113247,0,0.0917803250860978,20.843061934614624,LOW
ALE-0430,2016-10-24,Data Breach,E-Banking,17.77,1,2.49,3.19,2.74,4.0,15,,10,4,2016,0,17.769999982229997,0.780564263078193,7.9431,0.2666666666488889,1,1,ALE,0,1,0.023263056576410257,1.2272542697190463,0,1,48.834154608301056,1,0.6846886163469366,50.69425361279738,HIGH
ALE-0954,2015-12-05,Cyber-Fraud,Retail Banking,65.06,4,1.34,3.44,3.19,3.4,22,,12,4,2015,5,16.26499999593375,0.3895348836076934,18.4384,0.15454545453842974,0,4,ALE,0,0,-0.036930537867692625,0.608535876603468,0,0,65.85774102288448,0,0.030159126616459416,21.589812415792338,LOW
ALE-0463,2018-03-31,System Failure,Payments,182.17,3,2.95,1.4,0.97,3.2,18,0.0,3,1,2018,5,60.72333331309222,2.1071428556377554,12.39,0.17777777776790124,3,3,ALE,0,0,-0.062175860248857795,0.923672011274844,0,0,198.65216320915198,0,0.02502777095776854,38.86248645751503,MEDIUM
OLE-0060,2017-10-26,System Failure,Payments,46.95,2,0.53,1.12,1.0,3.0,23,,10,4,2017,3,23.4749999882625,0.4732142852917729,1.1872000000000003,0.13043478260302457,3,3,OLE,1,0,-0.09333477643961718,0.8454779383358241,0,0,55.5073213737026,0,0.0012059835589247356,10.573504357858752,LOW
OLE-0412,2015-06-07,Cyber-Fraud,Payments,44.91,5,0.71,1.3,1.0,2.9,19,0.0,6,2,2015,6,8.9819999982036,0.5461538457337277,4.615,0.15263157893933518,0,3,OLE,1,0,-0.05797660759269985,0.8721682644503469,0,0,40.85882445252958,0,0.004016491619637499,13.569595412526441,LOW
OLE-0782,2014-01-13,System Failure,E-Banking,75.28,5,1.44,1.27,1.0,2.9,23,,1,1,2014,0,15.0559999969888,1.1338582668237336,9.143999999999998,0.1260869565162571,3,1,OLE,1,0,-0.06958530080960867,0.4748225761669864,0,0,71.33342835166792,0,0.003643344605777223,16.700593608102977,LOW
OLE-0496,2016-01-10,System Failure,Payments,85.48,5,0.98,1.16,1.0,3.5,17,,1,1,2016,6,17.0959999965808,0.8448275854785969,5.684,0.20588235292906573,3,3,OLE,1,0,-0.07087074541996113,0.34137094559437275,0,0,74.12468525815918,0,5.602240896358543e-05,16.830115652555737,LOW
OLE-0830,2014-11-27,System Failure,Payments,91.14,1,0.51,1.39,1.0,3.2,14,,11,4,2014,3,91.13999990885999,0.3669064745561824,0.7089,0.22857142855510204,3,3,OLE,1,0,-0.027900661932525384,0.2673183741197656,0,0,80.67978615096833,0,0.12224035979712554,28.5148055379033,LOW
OLE-0074,2020-08-19,Cyber-Fraud,Payments,67.23,5,1.0,1.25,1.0,3.7,15,,8,3,2020,2,13.4459999973108,0.79999999936,6.25,0.24666666665022224,0,3,OLE,1,0,-0.05649285163889184,0.5801446963738041,0,0,62.106609645499766,0,0.007546433023313079,17.30336213547875,LOW
ALE-0460,2017-04-29,System Failure,E-Banking,38.66,1,0.84,2.81,2.88,2.6,24,,4,2,2017,5,38.65999996133999,0.29893238423525537,2.3604,0.10833333332881945,3,1,ALE,0,0,-0.06429005462937626,0.9539400969090562,0,0,87.97574764975765,0,0.027723383620565527,20.983051438536442,LOW
OLE-0635,2016-09-06,Data Breach,Retail Banking,51.33,5,1.33,1.34,1.0,3.0,14,0.0,9,3,2016,1,10.2659999979468,0.9925373126921363,8.911000000000001,0.21428571427040816,1,4,OLE,1,0,-0.05079130077267813,0.7881722381487607,0,0,44.353442651411996,0,0.00031887067181184825,15.06168896662814,LOW
ALE-0947,2017-10-14,Tech Failure,Payments,147.24,5,2.36,2.09,1.78,3.8,17,0.0,10,4,2017,5,29.4479999941104,1.1291866023305328,24.661999999999995,0.22352941175155708,4,3,ALE,0,0,-0.033290121898932434,0.4666655940296095,0,0,132.04574014980594,0,0.053833372383736595,33.51910532736177,MEDIUM
ALE-0544,2018-09-04,Tech Failure,Payments,288.85,3,2.13,3.38,3.26,2.7,15,,9,3,2018,1,96.2833333012389,0.6301775146064563,21.5982,0.179999999988,4,3,ALE,0,0,-0.02404364376502055,2.3194190651460627,0,0,215.53842452098542,0,0.23759729042861083,54.642907667839566,HIGH
OLE-0163,2025-06-03,Tech Failure,Payments,16.56,2,0.35,0.53,1.0,3.1,23,,6,2,2025,1,8.279999995859999,0.660377357244571,0.371,0.13478260868979206,4,3,OLE,1,0,-0.05526585453363875,1.2430852964830523,0,0,23.76940843352552,0,0.011558735340937388,11.507957561989654,LOW
ALE-0526,2017-11-25,Phishing,Payments,65.83,1,1.19,2.66,2.52,3.8,26,,11,4,2017,5,65.82999993416999,0.4473684208844479,3.1654,0.14615384614822485,2,3,ALE,0,0,-0.070593916047687,0.598461586844555,0,0,129.91722884575697,0,0.03491628900105639,26.99408658181315,LOW
OLE-0597,2021-11-25,Data Breach,ATM Network,36.36,3,0.37,1.08,1.0,3.8,20,,11,4,2021,3,12.119999995959999,0.3425925922753772,1.1987999999999999,0.1899999999905,1,0,OLE,1,0,-0.06613425485383811,0.9840321312538612,0,0,43.36202161439681,0,0.00482618480049767,12.789535356901466,LOW
OLE-0448,2023-11-10,Cyber-Fraud,ATM Network,86.9,1,0.6,0.62,1.0,3.4,22,,11,4,2023,4,86.8999999131,0.9677419339229969,0.372,0.15454545453842974,0,0,OLE,1,0,-0.037966693097621906,0.32279238525975396,0,0,77.88310981440785,0,0.0784586515855082,25.045781134314204,LOW
ALE-0557,2019-07-01,Cyber-Fraud,E-Banking,271.28,2,2.68,1.92,1.65,3.2,29,,7,3,2019,0,135.63999993218,1.3958333326063368,10.2912,0.11034482758240191,0,1,ALE,0,0,-0.02914129110183372,2.089542089738138,0,0,196.57351105064038,0,0.11261504778411374,46.48751083144516,MEDIUM
OLE-0354,2014-12-21,Data Breach,Retail Banking,34.02,2,1.44,1.44,1.0,3.4,24,,12,4,2014,6,17.009999991495,0.9999999993055555,4.1472,0.14166666666076388,1,4,OLE,1,0,-0.06575001727195234,1.0146475053264021,0,0,58.97603449067946,0,0.00019455054749172395,15.175863252795423,LOW
ALE-0402,2015-11-17,Data Breach,ATM Network,165.59,5,2.76,1.76,1.34,3.7,17,,11,4,2015,1,33.1179999933764,1.5681818172908055,24.287999999999997,0.21764705881072666,1,0,ALE,0,0,-0.01378687126306044,0.7067476941283801,0,0,149.73119453502832,0,0.04344408748816098,38.86525564754078,MEDIUM
ALE-0084,2014-12-15,Tech Failure,ATM Network,149.44,3,1.51,2.86,2.27,3.9,16,,12,4,2014,0,49.81333331672889,0.5279720277874224,12.9558,0.24374999998476563,4,0,ALE,0,0,-0.00185972994457817,0.4954492790550751,0,0,160.19713550952682,0,0.12190617864422607,45.04744549733597,MEDIUM
ALE-1242,2019-10-11,Tech Failure,Online Services,41.27,2,2.85,2.94,2.17,2.7,20,,10,4,2019,4,20.634999989682502,0.9693877547723171,16.758,0.13499999999325002,4,2,ALE,0,0,-0.06778221936153966,0.9197921796742993,0,0,69.71058004931622,0,0.00860765139514316,16.882352503787747,LOW
ALE-0629,2019-12-10,Data Breach,Retail Banking,162.18,2,1.2,2.6,1.99,3.0,26,0.0,12,4,2019,1,81.089999959455,0.4615384613609467,6.24,0.11538461538017751,1,4,ALE,0,0,-0.06907181574232457,0.6621329823389083,0,0,162.4521997330242,0,0.029516886572396837,32.222111468516054,MEDIUM
ALE-0998,2014-09-22,Cyber-Fraud,Retail Banking,175.68,2,1.06,2.05,2.26,2.9,22,,9,3,2014,0,87.83999995608,0.5170731704794765,4.346,0.13181818181219007,0,4,ALE,0,0,-0.05823984424152706,0.8387601404497205,0,0,154.7629613157423,0,0.04641904911033693,33.19051015584859,MEDIUM
ALE-0899,2017-03-30,Data Breach,E-Banking,175.21,5,1.28,3.12,2.43,3.8,19,,3,1,2017,3,35.0419999929916,0.4102564101249178,19.968000000000004,0.19999999998947368,1,1,ALE,0,0,-0.06639059246714762,0.8326108986488255,0,0,160.5565725351427,0,0.022426241707278225,32.06843882809089,MEDIUM
OLE-0046,2022-09-15,Cyber-Fraud,ATM Network,14.77,4,0.64,1.44,1.0,3.8,19,,9,3,2022,3,3.6924999990768748,0.4444444441358025,3.6864,0.19999999998947368,0,0,OLE,1,0,-0.04702581255595495,1.2665047492992267,0,0,17.995799989721604,0,0.002632084221488195,11.494260711032553,LOW
ALE-0764,2017-08-09,System Failure,Online Services,174.31,3,2.48,3.48,2.59,2.9,20,,8,3,2017,2,58.10333331396556,0.7126436779561368,25.891199999999998,0.14499999999274998,3,2,ALE,0,0,-0.07027256715314523,0.8208357547747713,0,0,204.88211453040856,0,0.07046432996459832,40.24807165685183,MEDIUM
OLE-0810,2023-04-20,Tech Failure,Payments,5.0,4,0.94,1.44,1.0,3.0,20,,4,2,2023,3,1.2499999996875,0.6527777773244599,5.4144,0.1499999999925,4,3,OLE,1,0,-0.08213986992053762,1.3943304777986811,0,0,13.539114260378032,0,0.010468424488707719,5.858319273310371,LOW
ALE-0365,2017-06-22,Data Breach,Retail Banking,236.56,2,2.66,2.33,2.29,3.8,21,,6,2,2017,3,118.27999994086,1.1416309007975833,12.395600000000002,0.18095238094376417,1,4,ALE,0,0,-0.05889118684225769,1.6352832060635163,0,0,225.82793994013224,0,0.08513289139765298,45.78896749804863,MEDIUM
OLE-0295,2016-08-25,Data Breach,Payments,75.75,2,0.91,0.92,1.0,2.5,14,,8,3,2016,3,37.8749999810625,0.9891304337074669,1.6744,0.17857142855867347,1,3,OLE,1,0,-0.058599656704020786,0.4686733343660915,0,0,73.42570900570948,0,0.026469636527956062,19.459936971090926,LOW
ALE-0798,2014-01-25,Tech Failure,E-Banking,154.86,3,1.87,1.8,1.36,3.6,16,,1,1,2014,5,51.61999998279334,1.0388888883117284,10.098,0.2249999999859375,4,1,ALE,0,0,-0.05658475405525376,0.566361812163268,0,0,158.00753009340016,0,0.03242299139363956,33.463443182674304,MEDIUM
ALE-0196,2017-06-22,Data Breach,E-Banking,198.92,5,0.94,3.1,3.49,3.9,18,,6,2,2017,3,39.7839999920432,0.3032258063537981,14.569999999999999,0.21666666665462964,1,1,ALE,0,0,-0.045744293083557874,1.142820522264185,0,0,181.0273315499915,0,0.09266841343608982,40.85038607530519,MEDIUM
OLE-0077,2015-05-08,System Failure,E-Banking,75.81,1,0.61,1.04,1.0,3.5,18,,5,2,2015,4,75.80999992419,0.5865384609744821,0.6344,0.19444444443364198,3,1,OLE,1,0,-0.0748722087423328,0.4678883247744879,0,0,72.30890135896846,0,0.0500971777979262,17.69934516493736,LOW
OLE-0206,2018-03-25,Tech Failure,Retail Banking,15.99,4,1.01,0.51,1.0,3.2,17,,3,1,2018,6,3.997499999000625,1.9803921529796233,2.0604,0.1882352941065744,4,4,OLE,1,0,-0.010103963036081076,1.2505428876032867,0,0,21.176107956061117,0,0.08024134008327301,20.18479030896189,LOW
ALE-0751,2014-07-24,Cyber-Fraud,Online Services,174.74,1,1.42,3.13,3.75,3.1,19,0.0,7,3,2014,3,174.73999982525999,0.453674121260807,4.444599999999999,0.16315789472825484,0,2,ALE,0,0,-0.04204260279151062,0.8264616568479306,0,0,176.29967158321074,0,0.3607033147131329,50.02528948589634,HIGH
ALE-1131,2018-07-30,System Failure,Payments,67.22,2,1.87,2.28,2.32,3.9,20,0.0,7,3,2018,0,33.609999983194996,0.8201754382367652,8.5272,0.19499999999025,3,3,ALE,0,0,-0.07789151044761838,0.5802755313057381,0,0,102.249288793741,0,0.004956345223177871,20.449990853612533,LOW
ALE-0274,2019-06-25,Phishing,E-Banking,213.62,2,1.18,3.15,3.12,3.4,29,0.0,6,2,2019,1,106.809999946595,0.37460317448425295,7.433999999999999,0.11724137930630202,2,1,ALE,0,0,-0.040941602868883376,1.3351478722070695,0,0,211.53390546334023,0,0.23137735857324093,51.28426023247354,HIGH
OLE-0415,2017-10-20,Data Breach,ATM Network,26.59,2,0.34,1.49,1.0,2.5,22,,10,4,2017,4,13.2949999933525,0.228187919309941,1.0132,0.11363636363119835,1,0,OLE,1,0,-0.030631831038611668,1.1118578597533155,0,0,37.98598522834249,0,0.041538882078820165,18.473177792391656,LOW
ALE-0866,2017-10-20,Tech Failure,Online Services,144.11,3,1.47,2.04,1.89,3.7,15,0.0,10,4,2017,4,48.036666650654446,0.7205882349408881,8.996400000000001,0.24666666665022224,4,2,ALE,0,0,-0.04063874253345512,0.42571426033428794,0,0,146.96524253499445,0,0.09723167390993172,36.33071524091989,MEDIUM
ALE-0228,2016-07-14,Cyber-Fraud,E-Banking,32.96,2,2.3,1.35,1.11,3.7,27,0.0,7,3,2016,3,16.47999999176,1.7037037024417006,6.21,0.1370370370319616,0,1,ALE,0,0,-0.056231102889958806,1.028516008111399,0,0,64.69824872392509,0,0.023831729623178307,18.325653063546678,LOW
OLE-0437,2018-05-24,Cyber-Fraud,Payments,42.17,1,0.78,1.17,1.0,3.5,16,0.0,5,2,2018,3,42.16999995783,0.6666666660968661,0.9126,0.21874999998632813,0,3,OLE,1,0,-0.0757180613605184,0.9080170358002451,0,0,60.82814613208027,0,5.602240896358543e-05,13.990670199045988,LOW
ALE-0765,2019-05-14,Phishing,Payments,115.85,4,2.46,2.24,2.36,2.8,29,,5,2,2019,1,28.962499992759373,1.0982142852240113,22.041600000000003,0.09655172413460165,2,3,ALE,0,0,-0.04941682444623485,0.05597474268898755,0,0,118.81379063604994,0,0.041962126732547136,28.604425058376194,LOW
ALE-0909,2017-08-15,Tech Failure,Payments,133.54,1,1.78,2.84,2.67,3.9,16,0.0,8,3,2017,1,133.53999986646,0.6267605631595914,5.0552,0.24374999998476563,4,3,ALE,0,0,-0.0028702126836270825,0.28742173728011844,0,0,149.9042025172327,0,0.28484675919094915,48.95829785299875,MEDIUM
OLE-0394,2020-06-02,Cyber-Fraud,E-Banking,31.06,2,0.68,0.79,1.0,2.6,19,,6,2,2020,1,15.529999992234998,0.8607594925813171,1.0744,0.1368421052559557,0,1,OLE,1,0,-0.06975489583907868,1.0533746451788468,0,0,44.55161227564818,0,0.008155333112588845,12.559800632431688,LOW
OLE-0722,2014-11-27,Tech Failure,E-Banking,46.33,5,0.58,1.21,1.0,3.8,14,,11,4,2014,3,9.2659999981468,0.47933884257905873,3.509,0.27142857140918364,4,1,OLE,1,0,-0.019738569616117085,0.8535897041157281,0,0,42.23648409170964,1,0.43491160022370345,34.53235681889538,MEDIUM
OLE-0031,2024-10-06,Data Breach,ATM Network,89.76,2,0.51,0.86,1.0,3.9,21,0.0,10,4,2024,6,44.879999977560004,0.5930232551243916,0.8772,0.18571428570544218,1,0,OLE,1,0,-0.031973461113900536,0.2853735947266486,0,0,69.03844765422994,0,0.003614063588376458,21.90223824104589,LOW
ALE-0426,2019-11-22,Tech Failure,Payments,61.96,3,2.35,2.58,2.26,2.5,29,,11,4,2019,4,20.653333326448887,0.9108527128252508,18.189000000000004,0.08620689654875148,4,3,ALE,0,0,-0.014502810788467713,0.6490947055029878,0,0,84.0963076031418,0,0.2510910447193437,35.55346917614632,MEDIUM
OLE-0857,2022-12-14,Cyber-Fraud,ATM Network,29.68,4,1.26,1.35,1.0,3.2,18,0.0,12,4,2022,2,7.419999998145,0.9333333326419752,6.804,0.17777777776790124,0,0,OLE,1,0,-0.08171249571057254,1.07142986578573,0,0,33.01431602292241,0,0.0023732524025540745,8.745944129473873,LOW
ALE-0237,2019-05-20,Phishing,Retail Banking,240.14,4,2.64,3.04,2.92,2.9,22,,5,2,2019,0,60.034999984991245,0.8684210523459142,32.1024,0.13181818181219007,2,4,ALE,0,0,-0.0453946499729303,1.6821221116958651,0,0,205.69994588066163,0,0.03977505786876892,42.987921974629664,MEDIUM
ALE-0919,2015-08-01,Data Breach,Retail Banking,238.11,3,2.59,3.39,3.53,2.9,20,,8,3,2015,5,79.36999997354333,0.7640117991846572,26.3403,0.14499999999274998,1,4,ALE,0,0,-0.053322835955780246,1.6555626205132763,0,0,213.60837425800958,0,0.03523053067706773,42.91695700579133,MEDIUM
ALE-0794,2017-06-22,Tech Failure,Payments,97.1,1,0.91,1.97,1.48,2.9,28,0.0,6,2,2017,3,97.09999990289998,0.46192893377567057,1.7927,0.10357142856772959,4,3,ALE,0,0,-0.04498958598029135,0.18934075468714048,0,0,138.7858248181335,0,0.04942116196544763,32.707954888560074,MEDIUM
OLE-0556,2020-09-24,Cyber-Fraud,Payments,68.65,5,0.86,1.12,1.0,3.2,20,0.0,9,3,2020,3,13.729999997254001,0.767857142171556,4.816,0.159999999992,0,3,OLE,1,0,-0.10334344959870123,0.5615661360391853,0,0,59.67621793219143,0,0.0008229128144082078,9.74342845188249,LOW
OLE-0345,2019-05-02,Data Breach,Payments,101.08,4,0.88,1.34,1.0,3.0,16,,5,2,2019,3,25.2699999936825,0.6567164174203608,4.7168,0.18749999998828126,1,3,OLE,1,0,-0.09990972400318288,0.1372684517774343,0,0,82.709806532027,0,0.00018034253328370973,13.90483604236934,LOW
ALE-0760,2019-09-29,Tech Failure,Online Services,244.28,2,0.83,1.93,1.82,3.1,22,,9,3,2019,6,122.13999993892999,0.4300518132486778,3.2037999999999998,0.14090909090268594,4,2,ALE,0,0,-0.060947246008005274,1.7362877735165139,0,0,196.488477475306,0,0.07169266258735134,40.33240710759613,MEDIUM
OLE-0353,2022-02-11,Tech Failure,Payments,45.58,1,0.48,0.96,1.0,3.0,14,,2,1,2022,4,45.579999954419996,0.4999999994791667,0.4608,0.21428571427040816,4,3,OLE,1,0,-0.04056789029596364,0.8634023240107732,0,0,56.45720688759502,0,0.06386128261398091,20.730781498963914,LOW
OLE-0092,2017-08-15,System Failure,E-Banking,61.58,5,0.48,0.83,1.0,3.2,15,,8,3,2017,1,12.3159999975368,0.5783132523152853,1.9919999999999998,0.2133333333191111,3,1,OLE,1,0,-0.08067814235830456,0.6540664329164774,0,0,55.21452299877553,0,0.0028364733990215623,12.457815143603804,LOW
ALE-1100,2014-05-13,Data Breach,Retail Banking,229.05,4,2.88,3.32,2.6,3.2,26,0.0,5,2,2014,1,57.26249998568438,0.8674698792567862,38.246399999999994,0.12307692307218936,1,4,ALE,0,0,-0.019120587605478412,1.5370261721811314,0,0,204.26549051064413,0,0.19626765090967058,52.12645382120279,HIGH
ALE-0752,2018-10-10,Phishing,Payments,122.06,1,2.45,1.35,1.04,3.3,29,,10,4,2018,2,122.05999987793999,1.8148148134705075,3.3075000000000006,0.11379310344435195,2,3,ALE,0,0,-0.03376398003721315,0.13722323541996126,0,0,171.18533203806425,0,0.20094217183202331,44.84329798576,MEDIUM
ALE-0248,2019-10-11,Cyber-Fraud,E-Banking,86.18,1,2.84,3.11,3.03,2.9,20,0.0,10,4,2019,4,86.17999991382,0.9131832794491371,8.8324,0.14499999999274998,0,1,ALE,0,0,-0.07586067479418052,0.33221250035899724,0,0,153.15514011236104,0,0.11608812300603004,32.76339172131858,MEDIUM
OLE-0568,2022-10-15,Tech Failure,E-Banking,55.8,4,0.37,0.67,1.0,3.6,18,,10,4,2022,5,13.9499999965125,0.5522388051459122,0.9916,0.1999999999888889,4,1,OLE,1,0,-0.060846787562307214,0.7296890235742918,0,0,50.7028484252736,0,0.0008588275286455853,14.604933813504811,LOW
OLE-0262,2021-10-02,Cyber-Fraud,Retail Banking,123.62,3,1.01,0.67,1.0,3.9,17,,10,4,2021,5,41.20666665293111,1.5074626843172199,2.0301000000000005,0.22941176469238753,0,4,OLE,1,0,-0.032632172487432776,0.15763348480165512,0,0,90.40395345561863,0,0.16465420510914527,30.8504289007984,MEDIUM
ALE-0347,2017-04-05,Tech Failure,Payments,115.65,1,2.26,3.5,3.56,3.4,18,,4,2,2017,2,115.64999988435,0.6457142855297958,7.909999999999999,0.18888888887839506,4,3,ALE,0,0,-0.0588322630619198,0.05335804405030899,0,0,187.6867806412019,0,0.1884367406062557,43.32710247486688,MEDIUM
ALE-0868,2018-11-09,Data Breach,ATM Network,99.84,3,2.18,3.13,3.46,3.8,24,,11,4,2018,4,33.27999998890667,0.6964856227806756,20.470200000000002,0.1583333333267361,1,0,ALE,0,0,-0.0642372791097412,0.15349198333724218,0,0,143.87219924850606,0,0.06571485708699472,31.240021469066505,MEDIUM
OLE-0539,2023-09-17,Data Breach,Payments,77.05,3,1.44,0.64,1.0,3.6,14,,9,3,2023,6,25.68333332477222,2.249999996484375,2.7648,0.2571428571244898,1,3,OLE,1,1,0.007116511429218542,0.45166479321468,0,1,78.23554099747103,1,0.726037752643567,54.44239414515586,HIGH
ALE-1048,2014-05-01,Phishing,Payments,264.05,1,1.95,1.28,1.13,3.8,21,,5,2,2014,3,264.04999973595,1.5234374988098143,2.496,0.18095238094376417,2,3,ALE,0,0,-0.0035366428479625123,1.9949484339499037,0,0,209.23039984371454,1,0.4022468623795855,62.435370997890935,HIGH
ALE-0008,2015-09-06,System Failure,Retail Banking,227.32,1,2.0,2.2,1.66,3.7,20,0.0,9,3,2015,6,227.31999977267998,0.9090909086776858,4.4,0.18499999999075,3,4,ALE,0,0,-0.015262346632004875,1.5143917289565603,0,0,214.42257365045145,1,0.38383577853674805,60.88337315582692,HIGH
ALE-0812,2016-06-26,Data Breach,Online Services,109.03,4,1.76,2.49,2.96,3.5,19,,6,2,2016,6,27.257499993185625,0.7068273089530813,17.529600000000002,0.1842105263060942,1,2,ALE,0,0,-0.08368299993428435,0.03325468088995599,0,0,107.40019266632957,0,0.0019175047106248049,20.308067315893812,LOW
ALE-0905,2014-08-23,System Failure,E-Banking,83.77,1,1.26,2.22,2.65,3.0,28,,8,3,2014,5,83.76999991622999,0.5675675673119064,2.7972,0.10714285713903061,3,1,ALE,0,0,-0.06785727545731757,0.36374371895507573,0,0,143.02434323670343,0,0.011468269371818671,28.670113963623333,LOW
ALE-0504,2017-03-24,Phishing,Payments,202.87,3,1.45,2.01,1.4,3.9,22,,3,1,2017,4,67.62333331079222,0.7213930344669687,8.7435,0.17727272726466942,2,3,ALE,0,0,-0.08582918324156963,1.1945003203780895,0,0,180.60575518375987,0,0.012341448117972288,32.03662436303883,MEDIUM
OLE-0301,2023-05-08,Data Breach,Retail Banking,48.9,5,1.26,0.93,1.0,4.0,24,,5,2,2023,0,9.779999998044,1.3548387082206035,5.859,0.1666666666597222,1,4,OLE,1,0,-0.03183375162600843,0.8199651266087068,0,0,39.59372447102528,0,0.01654642418892667,17.677031682480646,LOW
OLE-0553,2022-12-20,Cyber-Fraud,Payments,53.18,4,1.21,1.31,1.0,3.0,24,0.0,12,4,2022,1,13.29499999667625,0.9236641214323174,6.3404,0.12499999999479167,0,3,OLE,1,0,-0.08164071528955769,0.7639677757409826,0,0,60.07263184257043,0,0.0028726502255914024,13.091774355300412,LOW
ALE-0633,2016-04-27,Data Breach,Online Services,202.29,4,1.93,3.22,3.07,2.7,20,0.0,4,2,2016,2,50.57249998735687,0.5993788818014351,24.8584,0.13499999999325002,1,2,ALE,0,0,-0.07239269855329056,1.1869118943259211,0,0,187.26788456850682,0,0.016505253600541055,35.234872382524976,MEDIUM
OLE-0316,2024-04-02,System Failure,Retail Banking,43.88,3,0.92,1.24,1.0,3.2,19,,4,2,2024,1,14.626666661791111,0.7419354832726327,3.4224,0.1684210526227147,3,4,OLE,1,0,-0.10160448984623849,0.8856442624395421,0,0,48.87270956931152,0,0.00018034253328370973,8.25448527598832,LOW
ALE-0692,2016-10-24,Data Breach,E-Banking,109.37,5,2.54,2.16,2.5,3.2,20,,10,4,2016,0,21.8739999956252,1.1759259253815157,27.432,0.159999999992,1,1,ALE,0,0,-0.06456340953242684,0.028806293204202162,0,0,105.80703497259772,0,0.021699349119932505,23.577093677097423,LOW
OLE-0454,2018-03-31,Tech Failure,ATM Network,34.89,2,1.35,1.08,1.0,3.0,16,,3,1,2018,5,17.4449999912775,1.2499999988425925,2.9160000000000004,0.18749999998828126,4,0,OLE,1,0,-0.05987011708482082,1.0032648662481496,0,0,51.87949550535093,0,0.0024184771396870593,14.99188806203724,LOW
OLE-0176,2019-10-11,Cyber-Fraud,Payments,87.86,3,0.99,1.37,1.0,4.0,15,,10,4,2019,4,29.286666656904444,0.7226277366988118,4.0689,0.2666666666488889,0,3,OLE,1,0,-0.018948710530974022,0.3102322317940963,0,0,75.98088107211684,1,0.4253508673550449,39.69930745416901,MEDIUM
OLE-0766,2022-09-27,Data Breach,E-Banking,68.42,2,1.1,0.82,1.0,3.5,23,0.0,9,3,2022,1,34.209999982895,1.3414634129982155,1.804,0.152173913036862,1,1,OLE,1,0,-0.08150281680257165,0.5645753394736658,0,0,69.22809751745373,0,0.0009801785032094387,14.50690245980009,LOW
ALE-0354,2014-10-28,Tech Failure,Retail Banking,24.41,4,2.15,3.05,2.13,3.4,15,,10,4,2014,1,6.102499998474375,0.7049180325557646,26.229999999999997,0.22666666665155555,4,4,ALE,0,0,-0.005711748329461752,1.1403798749149134,0,0,42.579155316959486,0,0.07307888177722184,23.999730427959744,LOW
ALE-0965,2019-04-02,System Failure,Retail Banking,284.78,5,1.93,2.07,1.43,2.6,22,,4,2,2019,1,56.955999988608795,0.9323671493080352,19.9755,0.11818181817644628,3,4,ALE,0,0,-0.07362253749891723,2.2661692478489504,0,0,222.24738173486543,0,0.012488689895813646,40.49391474256246,MEDIUM
OLE-0124,2016-11-11,Cyber-Fraud,ATM Network,82.5,1,0.59,0.64,1.0,3.0,15,,11,4,2016,4,82.49999991749999,0.9218749985595703,0.3776,0.19999999998666668,0,0,OLE,1,0,-0.03337420765270005,0.3803597553106854,0,0,74.2308515110832,0,0.13851833363911426,27.24504768166069,LOW
OLE-0582,2015-07-26,Data Breach,ATM Network,29.33,3,1.32,1.06,1.0,3.3,15,,7,3,2015,6,9.776666663407777,1.245283017693129,4.1976,0.21999999998533332,1,0,OLE,1,0,-0.03842894013154752,1.0760090884034175,0,0,40.37423474968491,0,0.0419235086294285,17.71328007136438,LOW
OLE-0395,2023-08-30,Tech Failure,Retail Banking,15.01,5,1.09,0.51,1.0,3.9,17,0.0,8,3,2023,2,3.0019999993996,2.1372548977700885,2.7795,0.22941176469238753,4,4,OLE,1,1,0.0037321615112666517,1.2633647109328123,0,1,20.19054555238062,1,0.6375916923989454,41.583388856130654,MEDIUM
ALE-0031,2018-12-15,System Failure,E-Banking,195.92,1,2.97,2.89,2.15,3.5,19,,12,4,2018,5,195.91999980407996,1.0276816605440549,8.583300000000001,0.1842105263060942,3,1,ALE,0,0,-0.050496772332932816,1.1035700426840045,0,0,211.25324652079536,1,0.4816085918801622,58.582811445608804,HIGH
ALE-0091,2016-02-27,Phishing,Payments,201.44,1,2.44,1.22,1.33,3.4,27,,2,1,2016,5,201.43999979856,1.9999999983606556,2.9768,0.125925925921262,2,3,ALE,0,0,-0.0003857194523918528,1.1757909251115368,0,0,191.83498097166515,1,0.3706762072436613,59.021124969984214,HIGH
OLE-0040,2024-12-05,Tech Failure,Payments,56.16,2,1.49,1.16,1.0,3.3,15,,12,4,2024,3,28.079999985959997,1.2844827575133768,3.4568,0.21999999998533332,4,3,OLE,1,0,-0.07850211139050617,0.72497896602467,0,0,66.43557931002246,0,0.014529644531144189,14.979819022080033,LOW
OLE-0463,2024-06-20,System Failure,E-Banking,62.78,2,0.62,1.0,1.0,2.6,15,,6,2,2024,3,31.389999984305,0.6199999993799999,1.24,0.17333333332177778,3,1,OLE,1,0,-0.07525132033126697,0.6383662410844051,0,0,61.28879084212016,0,0.014080348285398931,14.624133737725739,LOW
OLE-0589,2022-12-14,Cyber-Fraud,Retail Banking,89.34,1,0.4,1.04,1.0,3.9,19,,12,4,2022,2,89.33999991066,0.38461538424556213,0.41600000000000004,0.2052631578839335,0,4,OLE,1,0,-0.020140442749940757,0.29086866186787386,0,0,77.44631676647754,0,0.05847279143128445,26.915965698727607,LOW
OLE-0637,2015-02-19,Tech Failure,Payments,45.05,3,1.27,0.79,1.0,3.2,21,0.0,2,1,2015,3,15.01666666166111,1.6075949346739304,3.0099,0.15238095237369614,4,3,OLE,1,0,-0.0853470807784123,0.8703365754032718,0,0,53.69442591618857,0,0.0008265110633048358,11.453610928786933,LOW
OLE-0332,2025-07-03,Cyber-Fraud,ATM Network,43.87,2,0.4,1.11,1.0,3.8,24,,7,3,2025,3,21.934999989032498,0.36036036003571137,0.8880000000000001,0.1583333333267361,0,0,OLE,1,0,-0.06106317119471977,0.8857750973714762,0,0,47.993223145465755,0,0.004557217911327767,14.26996159712506,LOW
OLE-0195,2016-03-10,System Failure,Payments,56.23,2,1.37,0.93,1.0,3.9,21,,3,1,2016,3,28.114999985942497,1.4731182779858945,2.5482000000000005,0.18571428570544218,3,3,OLE,1,0,-0.07931681838570442,0.7240631215011325,0,0,66.04553958206745,0,0.016686545719544286,14.872444424926517,LOW
ALE-1180,2018-10-16,Tech Failure,E-Banking,150.3,4,1.45,3.1,2.49,3.8,16,0.0,10,4,2018,1,37.57499999060625,0.4677419353329864,17.98,0.23749999998515625,4,1,ALE,0,0,-0.021526899522863907,0.5067010832013936,0,0,156.31150593983074,0,0.09229765313098301,40.479153930513306,MEDIUM
OLE-0323,2018-11-15,Tech Failure,Payments,57.01,3,1.34,0.88,1.0,3.1,18,,11,4,2018,3,19.003333326998888,1.5227272709969009,3.5376000000000003,0.17222222221265432,4,3,OLE,1,0,-0.08962272959292394,0.7138579968102856,0,0,62.22225127976519,0,0.0008265110633048358,12.181343961817447,LOW
OLE-0267,2016-02-03,Tech Failure,Payments,34.9,1,0.32,1.08,1.0,2.9,17,,2,1,2016,2,34.899999965099994,0.29629629602194785,0.3456,0.17058823528408304,4,3,OLE,1,0,-0.055745748379968374,1.0031340313162158,0,0,50.13813476186224,0,0.05664602303046973,17.22264346544386,LOW
ALE-0803,2015-05-08,System Failure,E-Banking,109.55,4,2.05,2.89,1.97,2.6,25,,5,2,2015,4,27.387499993153124,0.7093425603081859,23.698,0.10399999999584,3,1,ALE,0,0,-0.06664358066457332,0.02645126442939143,0,0,108.93943075096132,0,0.010612471182480744,23.380898402562917,LOW
ALE-0264,2018-07-12,Cyber-Fraud,Online Services,36.85,1,2.36,2.55,2.43,3.4,17,,7,3,2018,3,36.84999996315,0.9254901957154941,6.017999999999999,0.19999999998823528,0,2,ALE,0,0,-0.07806482313425722,0.9776212195890983,0,0,91.16078773895438,0,0.0046957363803607245,18.645804985651164,LOW
OLE-0687,2019-04-02,Data Breach,Retail Banking,34.8,2,0.63,1.32,1.0,3.1,22,,4,2,2019,1,17.3999999913,0.47727272691115696,1.6632,0.14090909090268594,1,4,OLE,1,0,-0.09034605785373367,1.0044423806355551,0,0,44.88719950533082,0,0.0032440647028181,9.392688869674249,LOW
ALE-0688,2019-03-27,Cyber-Fraud,Retail Banking,177.5,4,2.41,1.72,1.97,3.1,27,0.0,3,1,2019,2,44.37499998890625,1.401162789883045,16.5808,0.11481481481056242,0,4,ALE,0,0,-0.05829175319511748,0.8625720980616965,0,0,176.41941511136417,0,0.011743259898312807,35.4249144540987,MEDIUM
ALE-0748,2018-09-16,System Failure,Payments,188.76,1,2.7,1.35,1.08,2.7,19,0.0,9,3,2018,6,188.75999981123996,1.9999999985185184,3.6450000000000005,0.14210526315041552,3,3,ALE,0,0,-0.005973961252093263,1.009892231419307,0,0,201.78722218262132,1,0.4271520978933042,61.75846461900252,HIGH
ALE-0180,2017-10-20,Tech Failure,Payments,117.29,2,1.04,2.13,1.59,3.2,15,,10,4,2017,4,58.6449999706775,0.48826291056889065,4.4304,0.2133333333191111,4,3,ALE,0,0,-0.0698320606298366,0.07481497288747434,0,0,123.60758955053777,0,0.02010501429423669,25.58165810940657,LOW
OLE-0696,2020-09-30,Data Breach,E-Banking,34.63,2,1.2,1.25,1.0,2.7,18,,9,3,2020,2,17.3149999913425,0.9599999992319999,3.0,0.1499999999916667,1,1,OLE,1,0,-0.10042820027423771,1.0066665744784318,0,0,48.605115575564795,0,0.0018930593443664272,8.44589382943445,LOW
ALE-1160,2019-09-05,System Failure,E-Banking,187.56,1,1.87,2.74,2.59,2.8,17,,9,3,2019,3,187.55999981244,0.6824817515757365,5.123800000000001,0.1647058823432526,3,1,ALE,0,0,-0.05799664622358869,0.9941920395872351,0,0,194.14327116602516,0,0.2717197030546533,47.39599805966999,MEDIUM
ALE-0325,2017-04-05,System Failure,ATM Network,49.88,4,0.98,2.16,1.48,3.6,23,,4,2,2017,2,12.4699999968825,0.45370370349365563,8.4672,0.1565217391236295,3,0,ALE,0,0,-0.08879008758920126,0.8071433032791812,0,0,54.38435967847833,0,0.010021772307281882,11.375760250650984,LOW
ALE-1214,2016-01-28,Phishing,ATM Network,165.49,3,1.82,3.36,3.49,2.6,26,,1,1,2016,3,55.163333314945554,0.5416666665054564,18.345599999999997,0.09999999999615385,2,0,ALE,0,0,-0.051663985721666195,0.7054393448090408,0,0,185.132732891283,0,0.05106594559271316,39.172921656972626,MEDIUM
ALE-0694,2019-09-29,Tech Failure,E-Banking,119.65,2,2.3,1.25,1.42,3.8,17,,9,3,2019,6,59.824999970087504,1.8399999985279998,5.75,0.22352941175155708,4,1,ALE,0,0,-0.016209320870751553,0.10569201682388298,0,0,144.62801368966836,0,0.11190101478204535,40.088255688317616,MEDIUM
ALE-0878,2017-05-29,Phishing,Online Services,49.4,3,1.99,2.79,2.55,3.8,25,0.0,5,2,2017,0,16.466666661177776,0.7132616484898704,16.656299999999998,0.15199999999392,2,2,ALE,0,0,-0.06941758798648545,0.8134233800120101,0,0,64.15267952940249,0,0.0023797408522983504,15.535359869218816,LOW
ALE-0932,2016-06-14,Tech Failure,E-Banking,29.76,1,1.2,1.24,1.31,3.3,26,,6,2,2016,1,29.75999997024,0.9677419347034338,1.488,0.12692307691819527,4,1,ALE,0,0,-0.059454406821767836,1.0703831863302582,0,0,70.18068871883617,0,0.02654979660336341,18.818375381220992,LOW
OLE-0811,2015-08-19,Cyber-Fraud,Payments,26.77,1,0.42,1.23,1.0,2.8,23,,8,3,2015,2,26.769999973229996,0.34146341435653377,0.5166,0.1217391304294896,0,3,OLE,1,0,-0.059259385668415765,1.1095028309785049,0,0,39.22090062134221,0,0.0031599598613936287,13.088320997614677,LOW
OLE-0681,2019-01-02,Cyber-Fraud,ATM Network,53.97,1,1.05,0.97,1.0,3.8,22,0.0,1,1,2019,2,53.96999994602999,1.082474225688171,1.0185,0.17272727271942148,0,0,OLE,1,0,-0.06245319210629291,0.7536318161182018,0,0,59.148530550144145,0,0.00478562619112791,15.852210600075292,LOW
ALE-1143,2014-11-09,System Failure,ATM Network,10.0,5,1.87,2.12,1.56,3.6,17,0.0,11,4,2014,6,1.9999999996,0.8820754712820399,19.822000000000003,0.2117647058698962,3,0,ALE,0,0,-0.036126929373438976,1.3289130118317138,0,0,39.742866672679156,0,0.020721165652002313,17.211290187967375,LOW
ALE-0736,2017-05-23,Data Breach,ATM Network,179.39,1,2.23,1.69,1.59,2.5,15,,5,2,2017,1,179.38999982060997,1.31952662643815,3.7687,0.16666666665555555,1,0,ALE,0,0,-0.001315171620611455,0.8872999001972101,0,0,179.62524767341245,0,0.31555487074800814,55.005941971445516,HIGH
ALE-1287,2019-10-17,Cyber-Fraud,Retail Banking,143.85,5,2.92,3.17,3.76,3.5,19,,10,4,2019,3,28.769999994246,0.9211356463971181,46.282,0.1842105263060942,0,4,ALE,0,1,0.0013412715279940146,0.42231255210400537,0,1,138.93695034565474,1,0.3654952289369303,50.65449907466042,HIGH
ALE-0715,2015-10-12,Cyber-Fraud,Retail Banking,87.69,2,2.95,3.03,3.0,3.8,18,,10,4,2015,0,43.844999978077496,0.9735973594146544,17.877,0.21111111109938271,0,4,ALE,0,0,-0.018638219491492025,0.3124564256369732,0,0,163.5347870405958,0,0.03780155577151375,40.15212050154447,MEDIUM
ALE-0754,2016-12-29,Phishing,Retail Banking,166.56,2,2.91,1.48,1.12,2.7,27,,12,4,2016,3,83.27999995836,1.9662162148876918,8.6136,0.0999999999962963,2,4,ALE,0,0,-0.03278861621711493,0.7194386825259718,0,0,182.05084086208237,0,0.07812309724600815,42.42286507931642,MEDIUM
ALE-0547,2015-09-06,Cyber-Fraud,Online Services,135.36,4,1.93,2.8,3.34,2.9,16,0.0,9,3,2015,6,33.839999991540004,0.6892857140395409,21.616,0.18124999998867186,0,2,ALE,0,0,-0.05146074269368173,0.31123369489209485,0,0,138.89324107753163,0,0.01868448013521056,30.691179538933298,MEDIUM
ALE-0375,2016-12-11,Tech Failure,Online Services,82.68,3,2.82,2.59,1.9,3.7,22,0.0,12,4,2016,6,27.559999990813335,1.0888030883827016,21.911399999999997,0.16818181817417355,4,2,ALE,0,0,-0.054340003843778906,0.37800472653587447,0,0,109.93522831897019,0,0.0096235918685633,25.32687950865783,LOW
ALE-0837,2016-04-09,Phishing,E-Banking,189.6,2,1.18,1.35,1.22,3.8,29,,4,2,2016,5,94.79999995259999,0.8740740734266116,3.186,0.13103448275410226,2,1,ALE,0,0,-0.04952307322066307,1.0208823657017578,0,0,173.22718826036223,0,0.03819363123327031,37.13959827802352,MEDIUM
OLE-0366,2022-08-22,System Failure,E-Banking,84.41,1,0.64,1.46,1.0,2.5,14,0.0,8,3,2022,0,84.40999991558999,0.4383561640833177,0.9344,0.17857142855867347,3,1,OLE,1,0,-0.01120561715511259,0.3553702833113039,0,0,77.18193272663984,0,0.19221509772222872,32.87766598489598,MEDIUM
ALE-1103,2017-08-15,Data Breach,Retail Banking,75.36,2,2.0,2.9,2.37,3.1,29,0.0,8,3,2017,1,37.67999998116,0.6896551721759809,11.6,0.10689655172045184,1,4,ALE,0,0,-0.06751253798631962,0.473775896711515,0,0,131.5336094493179,0,0.013725263842910902,26.966563030488167,LOW
ALE-0703,2019-08-12,Cyber-Fraud,ATM Network,190.26,3,2.8,3.31,3.21,3.6,29,0.0,8,3,2019,0,63.41999997886,0.8459214498954919,27.803999999999995,0.12413793103020214,0,0,ALE,0,1,0.002445199774085638,1.0295174712093975,0,1,189.28192943848245,1,0.648868533574594,68.76961471517188,HIGH
OLE-0747,2025-10-01,Tech Failure,ATM Network,51.61,2,0.41,1.45,1.0,2.9,15,,10,4,2025,2,25.8049999870975,0.2827586204946492,1.1889999999999998,0.19333333332044444,4,0,OLE,1,0,-0.040674960144890915,0.7845088600546104,0,0,53.146398905527455,0,0.06898572296827916,20.365974898656958,LOW
ALE-0130,2017-02-22,System Failure,Payments,242.89,3,2.71,1.28,0.89,2.7,24,0.0,2,1,2017,2,80.96333330634555,2.117187498345947,10.4064,0.1124999999953125,3,3,ALE,0,0,-0.039079028287627104,1.7181017179776972,0,0,220.7114022750601,0,0.13269132812253068,49.57048819890655,MEDIUM
OLE-0584,2024-04-14,Data Breach,ATM Network,100.13,4,0.45,1.08,1.0,3.6,18,0.0,4,2,2024,6,25.032499993741872,0.41666666628086413,1.9440000000000002,0.1999999999888889,1,0,OLE,1,0,-0.05092493706295975,0.14969777031115816,0,0,78.84125980397127,0,0.0074885420510902145,20.796097558253948,LOW
ALE-1130,2015-06-20,Tech Failure,E-Banking,147.3,5,1.21,2.49,1.77,3.8,16,,6,2,2015,5,29.459999994108003,0.4859437749052434,15.0645,0.23749999998515625,4,1,ALE,0,0,-0.0371313207446925,0.46745060362121316,0,0,129.14801129296924,0,0.06271958656311848,32.79899389409819,MEDIUM
ALE-1117,2019-08-24,Phishing,Retail Banking,139.09,1,2.36,3.11,2.5,3.9,28,,8,3,2019,5,139.08999986090998,0.7588424434859027,7.339599999999999,0.1392857142807398,2,4,ALE,0,0,-0.02601131441787874,0.3600351245034525,0,0,181.76361616209016,0,0.1583667326480348,46.1890200206434,MEDIUM
ALE-0263,2014-08-17,System Failure,E-Banking,158.83,2,1.07,1.67,1.54,3.8,28,0.0,8,3,2014,6,79.4149999602925,0.6407185624905877,3.5738,0.13571428570943878,3,1,ALE,0,0,-0.046058228660580625,0.6183032801410402,0,0,153.9736561009111,0,0.03644376942971876,34.51905873990509,MEDIUM
ALE-0592,2015-03-03,Phishing,ATM Network,48.78,4,1.64,1.53,1.18,3.5,19,,3,1,2015,1,12.19499999695125,1.071895424136016,10.0368,0.1842105263060942,2,0,ALE,0,0,-0.08058563440148159,0.821535145791914,0,0,56.96453076468897,0,0.003004851971733175,12.756655844630282,LOW
ALE-0685,2015-01-20,Cyber-Fraud,ATM Network,72.47,1,1.04,1.76,1.75,3.3,16,,1,1,2015,1,72.46999992753,0.5909090905733471,1.8304,0.20624999998710936,0,0,ALE,0,0,-0.04468698573379126,0.5115871920404221,0,0,108.8956737085171,0,0.09250222356337763,29.490993392949967,LOW
ALE-0597,2016-02-21,System Failure,Retail Banking,64.73,3,2.92,2.0,1.92,3.4,25,,2,1,2016,6,21.576666659474444,1.45999999927,17.52,0.13599999999456,3,4,ALE,0,0,-0.0447931015884836,0.6128534293572877,0,0,81.77535453488528,0,0.011751165797127795,22.321377359109917,LOW
ALE-0735,2016-07-02,System Failure,E-Banking,88.09,5,1.05,1.28,1.47,2.8,22,,7,3,2016,5,17.6179999964764,0.8203124993591309,6.72,0.12727272726694214,3,1,ALE,0,0,-0.09850299934630963,0.30722302835961574,0,0,76.8840925361226,0,0.01511277033863139,13.706138206608948,LOW
ALE-0679,2014-03-20,Tech Failure,Payments,174.87,2,1.37,1.42,1.15,3.2,29,,3,1,2014,3,87.4349999562825,0.9647887317149376,3.8908,0.11034482758240191,4,3,ALE,0,0,-0.0507834834680686,0.8281625109630717,0,0,161.96432872981234,0,0.061784259809095056,35.981425385526,MEDIUM
OLE-0319,2018-06-30,Tech Failure,Payments,47.08,1,1.45,1.39,1.0,3.8,19,,6,2,2018,5,47.07999995292,1.0431654668754204,2.0155,0.19999999998947368,4,3,OLE,1,0,-0.06573392071713835,0.843777084220683,0,0,64.21145432818622,0,0.0005076403914929874,16.024626025880146,LOW
OLE-0772,2014-11-03,System Failure,E-Banking,94.73,4,1.32,1.41,1.0,3.3,15,,11,4,2014,0,23.682499994079375,0.936170212102007,7.4448,0.21999999998533332,3,1,OLE,1,0,-0.05890711018865402,0.22034863355548293,0,0,77.70742023569407,0,0.011061529388783435,19.55836813782657,LOW
ALE-0267,2017-07-04,Cyber-Fraud,Payments,157.26,2,2.03,1.22,1.42,2.7,19,,7,3,2017,1,78.629999960685,1.6639344248656274,4.9532,0.14210526315041552,0,3,ALE,0,0,-0.0645545446945095,0.5977621958274121,0,0,156.44784200349727,0,0.10437999339457146,34.55303456274329,MEDIUM
OLE-0720,2014-05-19,Tech Failure,Payments,55.2,4,0.8,1.35,1.0,3.8,21,,5,2,2014,0,13.799999996550001,0.592592592153635,4.32,0.18095238094376417,4,3,OLE,1,0,-0.06578726011694896,0.7375391194903278,0,0,57.84266070691954,0,0.0,14.982686112563485,LOW
ALE-1083,2018-07-18,Tech Failure,ATM Network,146.29,5,2.95,2.37,2.0,3.6,16,,7,3,2018,2,29.2579999941484,1.2447257378714238,34.9575,0.2249999999859375,4,0,ALE,0,1,0.005697610620242433,0.45423627549588547,0,1,129.0130142399921,1,0.6082378368977243,58.211925648646634,HIGH
ALE-0281,2017-01-29,Tech Failure,ATM Network,207.48,5,2.85,1.77,1.47,2.9,27,,1,1,2017,6,41.4959999917008,1.6101694906157233,25.2225,0.10740740740342936,4,0,ALE,0,0,-4.157186885178632e-05,1.2548152239996333,0,0,185.92365297928725,0,0.0394816911671709,46.5369953631389,MEDIUM
OLE-0344,2016-09-06,System Failure,ATM Network,99.23,5,1.49,1.39,1.0,3.1,24,0.0,9,3,2016,1,19.845999996030802,1.071942445271984,10.3555,0.12916666666128473,3,0,OLE,1,0,-0.06689757769617849,0.1614729141852122,0,0,82.2061683372765,0,0.0009659704890014246,18.7398093387722,LOW
OLE-0399,2021-09-08,Data Breach,ATM Network,17.84,3,0.85,1.28,1.0,4.0,20,,9,3,2021,2,5.946666664684444,0.6640624994812011,3.264,0.19999999999,1,0,OLE,1,0,-0.0492662747747199,1.2263384251955087,0,0,26.152990817817628,0,0.026006942516980498,13.282304922487583,LOW
OLE-0585,2022-02-23,Cyber-Fraud,Payments,72.5,5,0.63,0.82,1.0,3.8,21,,2,1,2022,2,14.4999999971,0.7682926819898871,2.5829999999999997,0.18095238094376417,0,3,OLE,1,0,-0.08374282786387172,0.5111946872446204,0,0,63.207122748135845,0,0.000642570281124498,13.20265263966221,LOW
ALE-0772,2017-10-08,Tech Failure,ATM Network,158.74,3,1.75,2.28,1.53,3.1,18,0.0,10,4,2017,6,52.91333331569556,0.7675438593124808,11.969999999999999,0.17222222221265432,4,0,ALE,0,0,-0.06516646187981129,0.6171257657536348,0,0,172.5704297864791,0,0.019695033776699955,34.071157286985056,MEDIUM
OLE-0293,2020-11-17,Cyber-Fraud,Retail Banking,27.28,2,0.79,1.37,1.0,3.4,14,0.0,11,4,2020,1,13.63999999318,0.5766423353455165,2.1646,0.2428571428397959,0,4,OLE,1,0,-0.03952098192091025,1.102830249449874,0,0,44.567568436390644,0,0.020382787728499992,17.466799595230462,LOW
OLE-0793,2014-05-19,Tech Failure,ATM Network,18.1,4,0.75,0.53,1.0,2.8,14,0.0,5,2,2014,0,4.524999998868751,1.4150943369526523,1.59,0.19999999998571427,4,0,OLE,1,0,-0.008734180189521212,1.2229367169652263,0,0,20.68371186479637,0,0.0596673770813357,19.588942155833045,LOW
ALE-0200,2015-10-12,Cyber-Fraud,E-Banking,178.81,3,1.42,2.42,2.89,2.7,22,0.0,10,4,2015,0,59.603333313465555,0.5867768592616625,10.309199999999999,0.12272727272169422,0,1,ALE,0,0,-0.07681262702241515,0.879711474145042,0,0,171.13791610041432,0,0.016061393463365492,31.991038400322363,MEDIUM
ALE-0257,2017-04-29,Tech Failure,Online Services,103.82,4,1.16,3.05,2.25,2.7,28,0.0,4,2,2017,5,25.954999993511247,0.38032786872776136,14.151999999999997,0.09642857142512756,4,2,ALE,0,0,-0.031367314929836354,0.1014196804275362,0,0,100.55191445529755,0,0.02108196430772231,27.631998334685747,LOW
OLE-0142,2019-04-02,Data Breach,Payments,46.7,4,1.25,1.14,1.0,3.5,17,,4,2,2019,1,11.674999997081251,1.0964912271083411,5.699999999999999,0.20588235292906573,1,3,OLE,1,0,-0.09564119882186689,0.8487488116341725,0,0,51.031957202190775,0,0.003560213729252651,9.600270569209911,LOW
ALE-0069,2014-08-11,Phishing,Retail Banking,145.55,2,2.7,1.89,2.02,2.7,22,,8,3,2014,0,72.7749999636125,1.4285714278155708,10.206,0.12272727272169422,2,4,ALE,0,0,-0.0611970478458731,0.44455449053277457,0,0,189.64194319193138,0,0.042566070080911116,38.18348169076392,MEDIUM
OLE-0003,2015-11-05,Tech Failure,Retail Banking,81.41,5,0.69,1.27,1.0,2.7,20,,11,4,2015,3,16.2819999967436,0.5433070861863722,4.3815,0.13499999999325002,4,4,OLE,1,0,-0.06664609095783514,0.39462076289148434,0,0,68.52330683774947,0,0.005256192386578114,16.743814402086933,LOW
OLE-0577,2016-02-09,System Failure,Payments,85.33,2,0.42,0.89,1.0,3.4,16,,2,1,2016,1,42.664999978667495,0.47191011182931447,0.7475999999999999,0.21249999998671876,3,3,OLE,1,0,-0.06745315034547361,0.34333346957338184,0,0,67.12942904053997,0,0.0027226890756302524,16.313224491343597,LOW
ALE-0456,2015-04-20,Data Breach,E-Banking,161.3,5,1.37,1.24,1.05,3.6,25,,4,2,2015,0,32.259999993548,1.1048387087864204,8.494,0.14399999999424,1,1,ALE,0,0,-0.07503973888979754,0.6506195083287221,0,0,133.6448441011559,0,0.01460273485669381,26.219674447141127,LOW
OLE-0340,2018-10-22,System Failure,ATM Network,11.0,2,1.3,1.21,1.0,3.4,18,,10,4,2018,0,5.49999999725,1.0743801644013387,3.146,0.18888888887839506,3,0,OLE,1,0,-0.07340460317820574,1.3158295186383202,0,0,22.367433799013938,0,0.0007612393751794016,8.22067237474697,LOW
OLE-0807,2020-04-27,Data Breach,Payments,50.16,1,0.86,0.55,1.0,2.8,24,0.0,4,2,2020,0,50.15999994983999,1.5636363607933883,0.47300000000000003,0.11666666666180554,1,3,OLE,1,0,-0.026613952077285452,0.8034799251850311,0,0,67.91921995350594,0,0.07166709669621704,24.899037380260076,LOW
OLE-0266,2016-10-06,System Failure,Payments,55.08,3,1.18,1.38,1.0,2.8,19,,10,4,2016,3,18.35999999388,0.8550724631484982,4.885199999999999,0.14736842104487533,3,3,OLE,1,0,-0.09886292575642242,0.739109138673535,0,0,61.327496612102706,0,0.00035294231753397944,10.65387077261907,LOW
OLE-0377,2020-04-15,System Failure,Retail Banking,69.94,3,1.26,0.6,1.0,3.4,20,0.0,4,2,2020,2,23.313333325562223,2.0999999965000002,2.2680000000000002,0.1699999999915,3,4,OLE,1,0,-0.06076013105597833,0.5446884298197078,0,0,66.08339149400062,0,0.02158701717790484,17.79754009709088,LOW
ALE-0022,2019-11-04,Tech Failure,ATM Network,75.13,4,2.94,1.71,1.25,2.6,29,0.0,11,4,2019,0,18.782499995304374,1.7192982446085974,20.1096,0.08965517241070155,4,0,ALE,0,1,0.023200000597749626,0.4767851001459955,0,1,86.34783199836623,1,0.6771077611207992,56.40568366890991,HIGH
OLE-0440,2020-01-10,Data Breach,E-Banking,31.26,4,0.83,1.12,1.0,3.8,16,,1,1,2020,4,7.81499999804625,0.7410714279097574,3.7184000000000004,0.23749999998515625,1,1,OLE,1,0,-0.06092725216272299,1.050757946540168,0,0,30.873665719498483,0,0.03345962929734817,12.569885001503486,LOW
OLE-0272,2024-01-09,System Failure,ATM Network,70.69,1,0.56,0.77,1.0,2.9,21,,1,1,2024,1,70.68999992930999,0.7272727263282173,0.4312,0.13809523808866211,3,0,OLE,1,0,-0.05868278430249374,0.5348758099246627,0,0,70.74011666689182,0,0.1074648775793271,21.85391963602118,LOW
OLE-0245,2021-05-22,Data Breach,Retail Banking,69.51,4,1.06,0.63,1.0,3.3,14,0.0,5,2,2021,5,17.377499995655626,1.682539679868985,2.6712000000000002,0.23571428569744896,1,4,OLE,1,0,-0.030538945503364112,0.5503143318928668,0,0,66.8604283457817,0,0.12299817566755204,25.945530539568125,LOW
ALE-1127,2016-08-07,Tech Failure,Retail Banking,123.01,4,1.06,1.76,2.02,3.7,20,,8,3,2016,6,30.752499992311876,0.6022727269305269,7.462400000000001,0.18499999999075,4,4,ALE,0,0,-0.05713176047134394,0.1496525539536851,0,0,119.11040986802838,0,0.009534096770082863,26.374487461283675,LOW
OLE-0669,2018-09-16,System Failure,E-Banking,63.56,1,0.72,1.33,1.0,3.2,17,,9,3,2018,6,63.55999993644,0.541353383051614,0.9576,0.1882352941065744,3,1,OLE,1,0,-0.05630013927727606,0.6281611163935582,0,0,63.55981016237657,0,0.06261976484635784,19.49135081995929,LOW
OLE-0757,2023-01-26,Data Breach,ATM Network,41.28,5,1.43,1.17,1.0,3.5,14,,1,1,2023,3,8.2559999983488,1.2222222211775877,8.365499999999999,0.24999999998214287,1,0,OLE,1,0,-0.022856217044546434,0.9196613447423653,0,0,40.19351597200658,0,0.07226444825858228,21.052103048319864,LOW
OLE-0650,2019-11-16,System Failure,E-Banking,74.6,4,0.86,1.29,1.0,3.4,24,0.0,11,4,2019,5,18.6499999953375,0.6666666661498707,4.4376,0.14166666666076388,3,1,OLE,1,0,-0.08195343038922698,0.4837193515384941,0,0,66.90653291110971,0,0.00017247073501889837,14.041459508778392,LOW
OLE-0608,2014-04-07,Tech Failure,ATM Network,30.7,4,1.45,1.14,1.0,3.6,14,0.0,4,2,2014,0,7.674999998081249,1.2719298234456755,6.611999999999999,0.2571428571244898,4,0,OLE,1,0,-0.006274600518450302,1.0580847027284683,0,0,35.863488356852116,0,0.22441281224450282,28.141455107003722,LOW
OLE-0416,2019-09-23,Cyber-Fraud,Payments,89.92,4,1.47,1.29,1.0,3.5,22,0.0,9,3,2019,0,22.47999999438,1.1395348828375698,7.5852,0.15909090908367768,0,3,OLE,1,0,-0.06778914132532865,0.28328023581570566,0,0,76.58124124336982,0,0.0004229588272918667,17.69122187524047,LOW
OLE-0274,2020-12-11,Data Breach,Retail Banking,40.98,2,1.27,1.32,1.0,3.9,21,,12,4,2020,4,20.489999989755,0.9621212113923323,3.3528000000000002,0.18571428570544218,1,4,OLE,1,0,-0.07621066492413836,0.9235863927003832,0,0,58.344513701868465,0,0.0,13.519457788446449,LOW
ALE-0769,2014-04-19,Cyber-Fraud,E-Banking,167.44,4,2.98,2.71,2.3,3.6,26,,4,2,2014,5,41.859999989535,1.0996309959041952,32.3032,0.138461538456213,0,1,ALE,0,0,-0.02558143138697988,0.730952156536158,0,0,174.30713662860174,0,0.02744872112206418,40.48070080508238,MEDIUM
OLE-0251,2019-12-22,Tech Failure,ATM Network,48.19,4,0.97,1.0,1.0,3.6,14,0.0,12,4,2019,6,12.047499996988124,0.9699999990299999,3.88,0.2571428571244898,4,0,OLE,1,0,-0.003762489741994335,0.8292544067760163,0,0,50.853979534651835,0,0.246248985421635,31.669717293212518,MEDIUM
OLE-0414,2015-12-05,Cyber-Fraud,Payments,12.98,1,0.47,1.05,1.0,2.7,18,,12,4,2015,5,12.97999998702,0.4476190471927437,0.4935,0.1499999999916667,0,3,OLE,1,0,-0.06945999952304593,1.2899242021154012,0,0,34.25455166070657,0,0.026286422183574295,11.594939091119288,LOW
ALE-0596,2017-06-16,System Failure,Retail Banking,128.89,3,2.0,2.74,3.37,3.3,23,,6,2,2017,4,42.963333319012214,0.7299270070328733,16.44,0.14347826086332702,3,4,ALE,0,0,-0.10025438675441906,0.2265834939308386,0,0,157.749618426045,0,0.0019273674382033516,25.889130632344376,LOW
ALE-1202,2018-10-16,Tech Failure,Payments,206.49,2,1.88,3.14,2.77,3.6,24,0.0,10,4,2018,1,103.2449999483775,0.5987261144590044,11.8064,0.14999999999375,4,3,ALE,0,0,-0.061886445731009376,1.241862565738174,0,0,206.7985248391847,0,0.21769773000031786,46.94870962319601,MEDIUM
OLE-0311,2016-05-03,System Failure,Retail Banking,47.55,1,0.62,1.44,1.0,3.5,14,,5,2,2016,1,47.549999952449994,0.43055555525655864,0.8927999999999999,0.24999999998214287,3,4,OLE,1,0,-0.02619709143712201,0.837627842419788,0,0,63.38911029236123,0,0.04406788751890741,23.27191198423611,LOW
OLE-0728,2017-05-17,Tech Failure,Retail Banking,74.02,3,1.23,0.67,1.0,3.2,14,,5,2,2017,2,24.67333332510889,1.8358208927823567,2.4723,0.22857142855510204,4,4,OLE,1,0,-0.01839952565197278,0.4913077775906623,0,0,73.38831099158722,0,0.14452548025325057,29.538033202703872,LOW
ALE-0610,2014-04-13,Phishing,Online Services,205.96,2,2.69,2.13,1.97,2.8,20,,4,2,2014,6,102.97999994851,1.2629107975291498,11.459399999999999,0.139999999993,2,2,ALE,0,0,-0.0705684661132217,1.2349283143456755,0,0,208.37815220744653,0,0.04031914257213518,39.70704506111969,MEDIUM
OLE-0426,2024-01-21,Tech Failure,ATM Network,12.35,2,0.96,1.34,1.0,2.7,15,,1,1,2024,6,6.1749999969125,0.7164179099131208,2.5728,0.179999999988,4,0,OLE,1,0,-0.02658329521284941,1.298166802827239,0,0,21.049468141128017,0,0.021343807990330695,15.663206768745619,LOW
ALE-1226,2015-09-12,Cyber-Fraud,Retail Banking,123.9,2,2.74,1.5,1.69,3.2,24,0.0,9,3,2015,5,61.949999969025,1.826666665448889,8.22,0.13333333332777778,0,4,ALE,0,0,-0.059212995693260995,0.16129686289580533,0,0,160.3570438685914,0,0.013713823582365963,32.79439409246181,MEDIUM
OLE-0679,2018-02-05,Data Breach,E-Banking,22.92,3,1.39,0.88,1.0,3.4,20,,2,1,2018,0,7.639999997453334,1.5795454527505164,3.6696,0.1699999999915,1,1,OLE,1,0,-0.07884582179438204,1.1598742797730697,0,0,28.540186315102922,0,0.00393930474679316,8.511259768757377,LOW
ALE-0910,2014-05-13,System Failure,Retail Banking,167.62,3,1.3,2.71,2.96,2.6,16,,5,2,2014,1,55.87333331470889,0.47970479687095763,10.569,0.16249999998984377,3,4,ALE,0,0,-0.06003077583601801,0.7333071853109688,0,0,165.58342081087685,0,0.013533054464652063,33.500963417265474,MEDIUM
ALE-0681,2016-07-02,System Failure,E-Banking,178.56,5,1.7,2.5,1.84,2.9,23,0.0,7,3,2016,5,35.7119999928576,0.679999999728,21.25,0.1260869565162571,3,1,ALE,0,0,-0.09735109098896172,0.8764406008466936,0,0,160.2417095181892,0,0.002001995279725036,26.719275751582632,LOW
ALE-0579,2018-07-18,Data Breach,Online Services,58.05,4,1.69,3.35,2.29,2.7,19,,7,3,2018,2,14.512499996371874,0.5044776117897082,22.646,0.14210526315041552,1,2,ALE,0,0,-0.07316683170694388,0.7002511638891564,0,0,68.22624194212915,0,0.019103464138678767,16.21559244443814,LOW
ALE-0316,2018-03-07,Phishing,ATM Network,286.48,3,1.63,1.76,1.48,3.7,17,,3,1,2018,2,95.49333330150223,0.9261363631101497,8.606399999999999,0.21764705881072666,2,0,ALE,0,0,-0.053877380647921025,2.28841118627772,0,0,229.26689139105414,0,0.12196835782087831,48.36931971717047,MEDIUM
OLE-0846,2023-03-27,System Failure,E-Banking,36.39,3,1.1,0.79,1.0,3.4,15,0.0,3,1,2023,0,12.129999995956666,1.3924050615286012,2.607,0.22666666665155555,3,1,OLE,1,0,-0.06037768006286559,0.9836396264580595,0,0,47.73905603776811,0,0.015227237841177868,14.704349733203243,LOW
OLE-0527,2020-01-04,Data Breach,E-Banking,32.44,2,0.95,1.49,1.0,3.8,24,0.0,1,1,2020,5,16.21999999189,0.6375838921895409,2.831,0.1583333333267361,1,1,OLE,1,0,-0.08285957610799949,1.0353194245719637,0,0,48.43228444198136,0,0.00011644832605531295,10.957378156541209,LOW
OLE-0716,2019-12-22,System Failure,ATM Network,33.37,1,0.9,1.27,1.0,3.2,22,,12,4,2019,6,33.36999996663,0.7086614167648335,1.143,0.1454545454479339,3,0,OLE,1,0,-0.06081427008821888,1.0231517759021078,0,0,50.27433135490403,0,0.0033238178863660497,14.627644165541378,LOW
ALE-0353,2019-01-20,Phishing,ATM Network,214.0,5,2.95,3.22,3.23,2.7,29,,1,1,2019,6,42.79999999144,0.916149068038463,47.495000000000005,0.09310344827265161,2,0,ALE,0,1,0.03879362117076213,1.340119599620559,0,1,179.12056546896324,1,0.6837780789208742,73.75180721872529,CRITICAL
OLE-0183,2016-03-10,Data Breach,Retail Banking,43.32,2,0.39,0.91,1.0,3.1,19,,3,1,2016,3,21.65999998917,0.428571428100471,0.7098000000000001,0.16315789472825484,1,4,OLE,1,0,-0.087074823634269,0.8929710186278424,0,0,49.856700781802644,0,0.00018034253328370973,10.562792316798554,LOW
OLE-0171,2025-02-09,Tech Failure,Payments,108.82,5,1.18,0.65,1.0,3.8,18,,2,1,2025,6,21.763999995647197,1.815384612591716,3.835,0.21111111109938271,4,3,OLE,1,0,-0.02651304457507042,0.036002214460568734,0,0,86.07125301152817,0,0.018431302955210973,25.947263790393393,LOW
ALE-0861,2014-09-04,Phishing,Payments,137.11,4,2.21,2.82,2.79,3.6,17,,9,3,2014,3,34.27749999143063,0.7836879429845078,24.9288,0.2117647058698962,2,3,ALE,0,0,-0.06285287198171258,0.3341298079805335,0,0,143.47312449325946,0,0.013972705911164679,29.57034341112531,LOW
OLE-0840,2025-01-16,Tech Failure,Retail Banking,5.0,2,0.37,0.61,1.0,2.8,16,0.0,1,1,2025,3,2.49999999875,0.606557376054824,0.45139999999999997,0.1749999999890625,4,4,OLE,1,0,-0.041932414576424826,1.3943304777986811,0,0,11.71026571208098,0,0.03401129270246555,12.343682202095511,LOW
OLE-0188,2024-05-02,System Failure,Retail Banking,27.27,5,0.34,0.71,1.0,3.1,22,,5,2,2024,3,5.453999998909199,0.47887323876215043,1.207,0.14090909090268594,3,4,OLE,1,0,-0.08069030907516678,1.102961084381808,0,0,24.839080239908213,0,0.002803293352955841,7.607811694780016,LOW
OLE-0620,2025-02-03,Cyber-Fraud,Retail Banking,5.0,3,0.5,0.88,1.0,3.0,22,,2,1,2025,0,1.6666666661111111,0.568181817536157,1.32,0.136363636357438,0,4,OLE,1,0,-0.04929093499960058,1.3943304777986811,0,0,12.15120261552853,0,0.0028726502255914024,10.234673671650256,LOW
ALE-1012,2016-04-03,Cyber-Fraud,Payments,227.73,2,2.87,1.83,1.58,2.8,21,,4,2,2016,6,113.86499994306749,1.568306010071964,10.5042,0.1333333333269841,0,3,ALE,0,0,-0.04583185655345923,1.5197559611658515,0,0,217.37584820162442,0,0.07608144834512796,46.0570477591158,MEDIUM
OLE-0159,2024-03-21,System Failure,Payments,47.65,2,0.5,0.93,1.0,2.7,21,0.0,3,1,2024,3,23.824999988087498,0.537634408024049,0.93,0.12857142856530612,3,3,OLE,1,0,-0.08113798419484519,0.8363194931004487,0,0,50.325670208913984,0,0.002892624857216519,11.611576090499213,LOW
ALE-0339,2014-08-17,Phishing,ATM Network,141.76,3,2.24,3.32,3.95,2.5,17,,8,3,2014,6,47.25333331758222,0.6746987949775004,22.3104,0.14705882352076124,2,0,ALE,0,0,-0.02293160002055239,0.39496805132981294,0,0,174.88270330480617,0,0.059880351420438425,42.09999080291305,MEDIUM
OLE-0273,2022-08-22,System Failure,E-Banking,101.15,2,1.02,1.09,1.0,3.1,20,,8,3,2022,0,50.5749999747125,0.9357798156552477,2.2236000000000002,0.15499999999225,3,1,OLE,1,0,-0.0877451805012936,0.13635260725389667,0,0,90.02325903748506,0,0.008902042721507882,17.178216600458036,LOW
OLE-0615,2024-07-08,Cyber-Fraud,Retail Banking,47.54,3,0.61,0.85,1.0,3.7,15,,7,3,2024,0,15.846666661384443,0.7176470579792388,1.5555,0.24666666665022224,0,4,OLE,1,0,-0.030147877128912315,0.8377586773517219,0,0,53.59956635589836,0,0.019758455383852094,20.273993251046903,LOW
ALE-0898,2017-01-29,Cyber-Fraud,Retail Banking,195.32,1,1.11,3.31,2.95,2.6,25,0.0,1,1,2017,6,195.31999980467998,0.33534743192285577,3.6741000000000006,0.10399999999584,0,4,ALE,0,1,0.034338401180276534,1.0957199467679686,0,1,189.37217893279356,1,0.7713322213390622,77.79241422440015,CRITICAL
ALE-1217,2019-02-25,Phishing,Payments,106.0,4,2.47,3.0,2.07,3.1,23,,2,1,2019,0,26.499999993375,0.8233333330588889,29.64,0.13478260868979206,2,3,ALE,0,0,-0.06156732634645562,0.0728976652659383,0,0,110.62210021220422,0,0.017632889115242058,24.646718386894413,LOW
ALE-0712,2016-10-30,System Failure,E-Banking,27.49,1,2.18,1.32,1.39,2.6,27,,10,4,2016,6,27.489999972509995,1.6515151502640035,2.8776,0.09629629629272977,3,1,ALE,0,0,-0.023399467435408328,1.1000827158792617,0,0,61.86401899767995,0,0.14072919436166295,26.825918966940925,LOW
OLE-0372,2024-09-24,System Failure,Retail Banking,94.36,4,0.68,1.19,1.0,2.9,22,,9,3,2024,1,23.5899999941025,0.5714285709483794,3.2368,0.13181818181219007,3,4,OLE,1,0,-0.08561391324865675,0.22518952603703857,0,0,75.83142620747411,0,0.00035294231753397944,14.92995225057953,LOW
OLE-0223,2024-05-02,Tech Failure,Payments,25.33,1,1.45,1.02,1.0,4.0,20,0.0,5,2,2024,3,25.329999974669995,1.4215686260572855,1.4789999999999999,0.19999999999,4,3,OLE,1,0,-0.05179117732249827,1.1283430611769916,0,0,49.48507914153802,0,0.019734287692183966,16.41204542756579,LOW
OLE-0594,2019-04-08,System Failure,ATM Network,17.32,4,1.05,1.14,1.0,3.8,24,,4,2,2019,0,4.3299999989175,0.9210526307710065,4.787999999999999,0.1583333333267361,3,0,OLE,1,0,-0.05315532659134903,1.2331418416560733,0,0,21.78423624460628,0,0.006810707950705431,11.33748948922724,LOW
ALE-0068,2018-05-24,Data Breach,Retail Banking,40.0,2,1.53,1.36,1.58,3.2,27,0.0,5,2,2018,3,19.99999999,1.124999999172794,4.1616,0.11851851851412895,1,4,ALE,0,0,-0.07634851865836517,0.9364082160299089,0,0,60.75351562205353,0,0.006013739796139639,14.093934710356889,LOW
ALE-0991,2014-12-09,Data Breach,Online Services,213.25,5,1.42,1.25,1.06,3.9,22,0.0,12,4,2014,1,42.64999999147,1.1359999990912,8.875,0.17727272726466942,1,2,ALE,0,0,-0.07744610048339551,1.330306979725514,0,0,176.311262000249,0,0.007853738120667348,32.4354932937556,MEDIUM
ALE-1237,2014-01-25,Data Breach,Online Services,138.21,4,1.16,3.11,3.03,3.1,18,,1,1,2014,5,34.55249999136188,0.37299035357781657,14.430399999999999,0.17222222221265432,1,2,ALE,0,0,-0.08453463605365669,0.3485216504932663,0,0,142.50018346476418,0,0.011742134534973409,26.126776186243493,LOW
OLE-0519,2020-04-03,System Failure,Retail Banking,82.29,5,0.86,0.91,1.0,3.7,18,,4,2,2020,4,16.457999996708402,0.9450549440164231,3.913,0.20555555554413582,3,4,OLE,1,0,-0.08914589852142851,0.38310728888129797,0,0,70.82358312729014,0,5.602240896358543e-05,13.597500783091624,LOW
OLE-0781,2023-11-28,System Failure,ATM Network,30.39,4,0.86,0.56,1.0,2.9,19,0.0,11,4,2023,1,7.597499998100625,1.5357142829719388,1.9264000000000001,0.15263157893933518,3,0,OLE,1,0,-0.068952772385589,1.0621405856184203,0,0,29.3487419843911,0,0.008227240466781516,10.255143656214269,LOW
OLE-0335,2018-12-27,System Failure,Payments,34.51,4,1.28,1.35,1.0,3.9,16,,12,4,2018,3,8.627499997843124,0.9481481474458161,6.912000000000001,0.24374999998476563,3,3,OLE,1,0,-0.04478706871743576,1.008236593661639,0,0,38.392357806153896,0,0.06295702297475766,17.191806081022044,LOW
ALE-0034,2016-01-04,Cyber-Fraud,Retail Banking,113.35,3,1.5,2.88,2.88,3.6,20,,1,1,2016,0,37.78333332073888,0.5208333331524885,12.959999999999999,0.179999999991,0,4,ALE,0,0,-0.04806358920272913,0.023266009705503812,0,0,142.76521448807912,0,0.028492300514362114,32.155297173554246,MEDIUM
ALE-1039,2014-09-04,Data Breach,E-Banking,116.01,2,1.66,3.05,2.15,2.9,28,,9,3,2014,3,58.0049999709975,0.5442622949035205,10.126,0.10357142856772959,1,1,ALE,0,0,-0.07585081769410101,0.058068101599930644,0,0,150.24517300825488,0,0.00969754376253883,28.57683445803097,LOW
ALE-0341,2016-09-18,Tech Failure,Payments,57.75,5,2.89,3.5,3.63,3.6,20,,9,3,2016,6,11.54999999769,0.8257142854783673,50.575,0.179999999991,4,3,ALE,0,1,0.012168523459354597,0.7041762118471744,0,1,65.6337870428537,1,0.7774482598867519,54.97889772282144,HIGH
ALE-0304,2017-09-02,Phishing,Online Services,252.18,3,1.85,2.59,1.74,3.9,26,,9,3,2017,5,84.05999997198,0.7142857140099284,14.374500000000001,0.14999999999423078,2,2,ALE,0,0,-0.07722691145971844,1.839647369744323,0,0,212.0901824485135,0,0.03976541874443065,39.29413489304046,MEDIUM
OLE-0016,2023-03-09,Data Breach,ATM Network,85.61,4,0.49,1.1,1.0,3.0,14,0.0,3,1,2023,3,21.402499994649375,0.4454545450495867,2.156,0.21428571427040816,1,0,OLE,1,0,-0.0557037143175686,0.33967009147923166,0,0,73.42094679131826,0,0.02467461077400104,19.825130002440165,LOW
ALE-0010,2018-06-05,System Failure,ATM Network,304.54,1,2.57,2.05,1.47,3.7,15,,6,2,2018,1,304.53999969546,1.253658535973825,5.2684999999999995,0.24666666665022224,3,0,ALE,0,1,0.040333081323098874,2.5246990733504067,1,1,209.5689350524067,1,0.7882853978955828,82.4961765657112,CRITICAL
ALE-0201,2019-03-21,Data Breach,Payments,259.34,4,1.78,3.02,2.45,2.7,15,0.0,3,1,2019,3,64.83499998379125,0.5894039733147669,21.5024,0.179999999988,1,3,ALE,0,0,-0.060486557986582035,1.93332518100902,0,0,213.79899599843557,0,0.14073774353991314,45.57945259122338,MEDIUM
ALE-0887,2018-05-06,Phishing,Online Services,117.39,2,1.47,1.77,1.66,2.6,23,,5,2,2018,6,58.694999970652496,0.8305084741070573,5.2038,0.11304347825595464,2,2,ALE,0,0,-0.07169784587418992,0.07612332220681362,0,0,144.88635094439553,0,0.009963592922390862,28.345930475862225,LOW
ALE-1050,2015-09-12,Data Breach,ATM Network,177.82,4,0.83,2.87,2.82,3.1,23,0.0,9,3,2015,5,44.45499998888625,0.2891986061710109,9.5284,0.13478260868979206,1,0,ALE,0,0,-0.07736465369745504,0.8667588158835824,0,0,167.2317833140369,0,0.008786212964092382,31.031367306982304,MEDIUM
OLE-0571,2023-03-15,Data Breach,ATM Network,57.29,2,1.28,0.76,1.0,3.7,23,0.0,3,1,2023,2,28.644999985677497,1.6842105240997232,1.9456,0.16086956521039697,1,0,OLE,1,0,-0.06213901252593684,0.7101946187161354,0,0,61.981231586223345,0,0.012463087578575591,16.619456811387405,LOW
OLE-0655,2024-02-14,Cyber-Fraud,Retail Banking,43.98,1,1.48,1.16,1.0,3.7,18,0.0,2,1,2024,2,43.979999956019995,1.275862067865636,1.7167999999999999,0.20555555554413582,0,4,OLE,1,0,-0.07121482093829357,0.8843359131202028,0,0,61.72812557322588,0,0.0034216855907245125,14.918837565248744,LOW
OLE-0773,2014-04-25,Cyber-Fraud,Payments,51.84,1,1.3,1.16,1.0,3.0,21,,4,2,2014,4,51.83999994816,1.120689654206302,1.508,0.14285714285034012,0,3,OLE,1,0,-0.08571230035667221,0.7814996566201299,0,0,58.55885615072331,0,0.004838441078049646,12.316175508460697,LOW
ALE-1210,2019-07-01,Data Breach,Payments,310.6,3,0.81,2.95,2.21,3.7,25,,7,3,2019,0,103.53333329882223,0.27457627109336397,7.168500000000001,0.14799999999408,1,3,ALE,0,0,-0.04595773366991218,2.603985042102371,1,1,228.62554307507307,1,0.678884080493417,68.93162768431588,HIGH
OLE-0466,2016-06-14,Data Breach,Payments,108.06,2,0.95,0.87,1.0,3.4,24,,6,2,2016,1,54.029999972984996,1.091954021733386,1.653,0.14166666666076388,1,3,OLE,1,0,-0.07735641535188059,0.04594566928754767,0,0,84.02410244469283,0,0.0008637301771541257,17.477764767552053,LOW
ALE-0128,2015-07-08,System Failure,Retail Banking,163.62,4,0.88,2.41,1.91,2.8,20,,7,3,2015,2,40.90499998977375,0.36514522806425503,8.4832,0.139999999993,3,4,ALE,0,0,-0.09167277767130433,0.6809732125373948,0,0,153.08929640104958,0,0.007903888435398422,26.625266155006734,LOW
OLE-0200,2019-12-04,Cyber-Fraud,Retail Banking,20.9,4,1.33,0.69,1.0,3.3,17,,12,4,2019,2,5.224999998693749,1.9275362290905276,3.6708,0.19411764704740483,0,4,OLE,1,0,-0.04539501392279166,1.1863029360237247,0,0,23.048234407424296,0,0.008273630803399382,12.739396218036653,LOW
ALE-0507,2019-03-15,Data Breach,ATM Network,280.03,1,2.69,2.81,2.37,3.4,16,,3,1,2019,4,280.02999971996996,0.9572953733248059,7.5589,0.21249999998671876,1,0,ALE,0,1,0.014168461094196672,2.2040226551803315,0,1,237.46713506685217,1,0.8713013346325118,85.97949449483625,CRITICAL
ALE-0345,2019-07-25,Data Breach,Online Services,243.47,5,0.82,1.69,1.37,3.1,27,,7,3,2019,3,48.6939999902612,0.48520710030461117,6.928999999999999,0.11481481481056242,1,2,ALE,0,0,-0.09776587177505786,1.725690144029865,0,0,187.92023791366427,0,0.009606976954353221,31.340728176770266,MEDIUM
ALE-0427,2019-08-24,System Failure,E-Banking,260.68,5,1.02,1.8,1.95,2.5,22,,8,3,2019,5,52.1359999895728,0.5666666663518518,9.18,0.11363636363119835,3,1,ALE,0,0,-0.07792785022859805,1.9508570618881678,0,0,206.61430108406702,0,0.01285452019259844,37.3746790554599,MEDIUM
ALE-0142,2015-06-20,Data Breach,ATM Network,219.67,1,1.01,2.87,2.79,4.0,29,,6,2,2015,5,219.66999978032996,0.35191637618400123,2.8987000000000003,0.13793103447800237,1,0,ALE,0,1,0.02513614029068678,1.4143030060271,0,1,202.7359717692435,1,0.8286186150985224,80.56740761954215,CRITICAL
ALE-0619,2014-09-16,Tech Failure,Payments,178.62,1,1.91,2.12,2.4,3.1,22,,9,3,2014,1,178.61999982138,0.9009433958014417,4.0492,0.14090909090268594,4,3,ALE,0,0,-0.05597428669100901,0.8772256104382973,0,0,171.26511575648385,0,0.22717410569756874,42.48564577824021,MEDIUM
ALE-0204,2018-05-18,Tech Failure,E-Banking,15.08,4,2.28,2.82,2.81,3.2,28,,5,2,2018,4,3.7699999990575,0.8085106380111664,25.718399999999995,0.11428571428163266,4,1,ALE,0,0,-0.04258918022745983,1.2624488664092748,0,0,38.09599380075442,0,0.002985195338080612,15.370924634777205,LOW
OLE-0592,2020-01-28,Tech Failure,Payments,23.21,3,1.26,1.24,1.0,2.6,16,,1,1,2020,1,7.736666664087778,1.0161290314386056,4.687200000000001,0.16249999998984377,4,3,OLE,1,0,-0.0657741513223859,1.1560800667469857,0,0,27.739442068411137,0,0.002111651625553832,10.254933197031866,LOW
ALE-0074,2018-04-12,Data Breach,E-Banking,81.7,2,1.76,1.82,1.49,3.8,29,,4,2,2018,3,40.849999979575,0.9670329665016302,6.4064000000000005,0.13103448275410226,1,1,ALE,0,0,-0.07510958426987574,0.39082654986540016,0,0,122.31806636821076,0,0.007980066691309374,24.17011401768671,LOW
ALE-1101,2016-03-10,Phishing,Payments,74.38,5,0.82,2.17,2.42,2.7,18,0.0,3,1,2016,3,14.875999997024799,0.3778801841576589,8.896999999999998,0.1499999999916667,2,3,ALE,0,0,-0.08120221769438729,0.4865977200410406,0,0,71.75383457562916,0,0.008314348959715697,15.211140179042374,LOW
ALE-0750,2016-06-14,Cyber-Fraud,ATM Network,165.87,2,2.5,1.98,1.59,2.6,22,,6,2,2016,1,82.9349999585325,1.2626262619885726,9.9,0.11818181817644628,0,0,ALE,0,0,-0.053443518592119155,0.7104110722225303,0,0,175.42832457657104,0,0.051035706454354235,37.35983975981678,MEDIUM
ALE-0654,2018-11-27,System Failure,Payments,128.79,2,2.48,2.19,2.61,2.8,25,0.0,11,4,2018,1,64.39499996780249,1.132420090807114,10.8624,0.11199999999551999,3,3,ALE,0,0,-0.08687563610262822,0.22527514461149933,0,0,162.78346275728032,0,0.039066014815023725,29.973122779929597,LOW
ALE-0105,2014-11-09,Phishing,Retail Banking,110.68,3,2.97,2.38,1.64,3.3,19,0.0,11,4,2014,6,36.893333321035556,1.2478991591395383,21.2058,0.1736842105171745,2,4,ALE,0,0,-0.05902992456349487,0.011666917120856655,0,0,146.29447487195858,0,0.0011535524345978026,30.13791183473467,MEDIUM
ALE-0075,2019-07-13,Cyber-Fraud,ATM Network,39.09,5,1.51,3.49,2.51,3.4,25,,7,3,2019,5,7.817999998436401,0.43266475632301865,26.349500000000003,0.13599999999456,0,0,ALE,0,0,-0.01552271894130941,0.948314194835897,0,0,53.04946109871611,0,0.0939923513333543,24.949828021744977,LOW
OLE-0044,2024-09-24,Data Breach,Payments,40.51,2,1.25,1.36,1.0,3.4,19,,9,3,2024,1,20.2549999898725,0.9191176463830016,3.4000000000000004,0.17894736841163433,1,3,OLE,1,0,-0.10776395300798802,0.9297356345012782,0,0,55.549087967162,0,5.602240896358543e-05,8.403508598953186,LOW
ALE-1021,2019-07-13,Data Breach,E-Banking,223.67,3,1.21,1.67,1.73,2.8,19,0.0,7,3,2019,5,74.55666664181445,0.72455089776973,6.062099999999999,0.14736842104487533,1,1,ALE,0,0,-0.10018171772161433,1.466636978800674,0,0,198.5751564764717,0,0.12605427633131092,36.7589051612187,MEDIUM
OLE-0275,2022-04-18,Cyber-Fraud,ATM Network,59.91,3,0.93,0.57,1.0,3.1,22,0.0,4,2,2022,0,19.969999993343333,1.631578944506002,1.5902999999999998,0.14090909090268594,0,0,OLE,1,0,-0.04670591394814816,0.6759158665494445,0,0,57.046716210111164,0,0.018522056661613422,18.329169519102965,LOW
ALE-0950,2019-05-20,Cyber-Fraud,ATM Network,72.29,4,2.86,3.49,3.93,3.4,27,,5,2,2019,0,18.072499995481877,0.8194842404528697,39.9256,0.125925925921262,0,0,ALE,0,1,0.019687270782161037,0.5139422208152329,0,1,81.16200874212936,1,0.7927132184630891,59.10426592532527,HIGH
OLE-0102,2018-07-12,Cyber-Fraud,ATM Network,43.37,5,1.32,0.55,1.0,3.4,24,0.0,7,3,2018,3,8.673999998265199,2.399999995636364,3.630000000000001,0.14166666666076388,0,0,OLE,1,0,-0.01836614776487988,0.892316843968173,0,0,35.14711630832246,0,0.09224597898413006,21.61100578890191,LOW
ALE-0458,2018-08-23,Tech Failure,ATM Network,90.38,4,2.5,1.97,1.43,2.9,26,,8,3,2018,3,22.594999994351248,1.2690355323507434,19.7,0.11153846153417159,4,0,ALE,0,0,-0.05003997981796482,0.2772618289467447,0,0,91.9920479233052,0,0.015301676783274572,23.299070578545965,LOW
ALE-0649,2017-05-29,Tech Failure,Payments,137.16,2,2.34,1.87,1.36,2.6,22,,5,2,2017,0,68.57999996571,1.2513368977265575,8.7516,0.11818181817644628,4,3,ALE,0,0,-0.04995255731315096,0.3347839826402029,0,0,168.28280433392646,0,0.034893696981062705,36.17152989077653,MEDIUM
ALE-0268,2014-07-06,Data Breach,Online Services,105.49,2,2.25,2.21,2.66,3.9,20,0.0,7,3,2014,6,52.74499997362749,1.0180995470506338,9.945,0.19499999999025,1,2,ALE,0,0,-0.07394197310428391,0.07957024679456905,0,0,171.73755051306708,0,0.006559825954278459,32.179202403533196,MEDIUM
OLE-0108,2016-08-01,Cyber-Fraud,Retail Banking,84.46,1,0.95,0.58,1.0,3.2,14,,8,3,2016,0,84.45999991553998,1.6379310316587397,0.5509999999999999,0.22857142855510204,0,4,OLE,1,1,0.018194778516737897,0.3547161086516342,0,1,75.94921777804389,1,0.4015346507481253,44.36022432816975,MEDIUM
ALE-0952,2017-09-14,Cyber-Fraud,E-Banking,85.65,1,1.08,2.11,2.13,2.9,24,,9,3,2017,3,85.64999991435,0.5118483409896454,2.2788,0.12083333332829861,0,1,ALE,0,0,-0.0822066280904209,0.33914675175149583,0,0,116.16717618095839,0,0.026783048213065375,22.7959124145695,LOW
OLE-0498,2018-05-12,System Failure,Retail Banking,70.23,5,0.3,1.4,1.0,2.5,17,0.0,5,2,2018,5,14.045999997190801,0.21428571413265304,2.0999999999999996,0.14705882352076124,3,4,OLE,1,0,-0.03150239203445204,0.5408942167936235,0,0,54.58572026905956,0,0.03765751819887158,20.8572699433088,LOW
ALE-1279,2014-08-11,Tech Failure,Online Services,96.06,3,2.8,2.23,2.24,2.7,19,0.0,8,3,2014,0,32.019999989326664,1.2556053806028675,18.731999999999996,0.14210526315041552,4,2,ALE,0,0,-0.05213114385318629,0.2029475876082696,0,0,121.91295590938786,0,0.033068424736183474,28.385795092818604,LOW
ALE-0789,2016-07-14,Data Breach,Retail Banking,81.56,1,2.58,2.15,1.63,3.1,16,0.0,7,3,2016,3,81.55999991844,1.1999999994418604,5.547,0.19374999998789064,1,4,ALE,0,0,-0.06777564916397888,0.39265823891247525,0,0,134.838232041902,0,0.03379172588253881,28.157254485126536,LOW
ALE-0109,2015-11-11,Phishing,E-Banking,128.52,5,2.99,2.93,2.34,3.0,18,,11,4,2015,2,25.703999994859203,1.0204778153513727,43.80350000000001,0.1666666666574074,2,1,ALE,0,0,-0.022889416334022084,0.22174260144928332,0,0,120.35836682609758,0,0.24456543954166232,39.869710096535435,MEDIUM
ALE-0816,2015-08-01,System Failure,E-Banking,50.89,4,1.63,1.45,1.39,2.8,20,0.0,8,3,2015,5,12.722499996819375,1.1241379302592152,9.453999999999999,0.139999999993,3,1,ALE,0,0,-0.09447432648551846,0.7939289751538537,0,0,62.67963982689232,0,0.010919836959238214,11.88925948835888,LOW
ALE-0384,2015-12-17,Phishing,E-Banking,234.74,1,1.24,2.36,1.86,3.9,28,,12,4,2015,3,234.73999976526,0.5254237285909221,2.9263999999999997,0.1392857142807398,2,1,ALE,0,0,-0.011727841783867432,1.6114712484515403,0,0,219.74236240419083,0,0.30317406060935237,59.432422845029166,HIGH
ALE-0562,2018-08-05,Data Breach,Online Services,170.99,4,2.11,3.12,2.35,3.6,19,,8,3,2018,6,42.74749998931313,0.6762820510652942,26.3328,0.18947368420055402,1,2,ALE,0,0,-0.059635567284262225,0.777398557372705,0,0,174.39828824599127,0,0.04632568930512347,36.11381846621791,MEDIUM
ALE-0796,2015-12-23,Data Breach,Payments,106.37,3,1.18,2.77,2.52,3.4,26,,12,4,2015,2,35.45666665484778,0.42599277962960547,9.8058,0.1307692307642012,1,3,ALE,0,0,-0.09277469268225869,0.06805677278438264,0,0,127.63153778613334,0,0.0021450581739229074,22.198234632700032,LOW
ALE-1044,2017-09-26,Cyber-Fraud,Retail Banking,173.55,4,2.7,2.1,1.8,3.9,29,0.0,9,3,2017,1,43.38749998915313,1.2857142851020409,22.680000000000003,0.13448275861605233,0,4,ALE,0,0,-0.023949195847658533,0.8108922999477924,0,0,169.14428261440048,0,0.023150705247101385,39.748100269691655,MEDIUM
OLE-0787,2021-04-28,Data Breach,ATM Network,30.81,5,0.79,0.54,1.0,3.0,14,,4,2,2021,2,6.1619999987676,1.4629629602537724,2.1330000000000005,0.21428571427040816,1,0,OLE,1,0,-0.0372634603735813,1.056645518477195,0,0,29.901577793341996,0,0.041621981450065675,16.204157144286206,LOW
ALE-0195,2015-09-30,Data Breach,ATM Network,136.5,1,2.44,3.17,2.76,2.7,28,0.0,9,3,2015,2,136.4999998635,0.769716088085263,7.7348,0.09642857142512756,1,0,ALE,0,0,-0.019264009526177572,0.3261488771325633,0,0,172.45064962131744,0,0.177439592024534,46.369509469298855,MEDIUM
OLE-0713,2020-05-09,System Failure,E-Banking,36.1,3,0.52,1.07,1.0,3.1,14,,5,2,2020,5,12.033333329322222,0.48598130795702676,1.6692000000000002,0.2214285714127551,3,1,OLE,1,0,-0.05644820125291228,0.9874338394841434,0,0,43.42121204143005,0,0.07295340738922698,16.617569099804808,LOW
OLE-0073,2025-02-27,Data Breach,E-Banking,49.19,2,0.69,0.63,1.0,3.2,15,,2,1,2025,3,24.594999987702497,1.095238093499622,0.8694,0.2133333333191111,1,1,OLE,1,0,-0.0719505233230347,0.8161709135826227,0,0,53.72220949235911,0,0.0032034098173498436,13.52475610826987,LOW
ALE-0106,2017-05-23,Tech Failure,Retail Banking,78.01,1,0.92,3.36,2.87,3.4,22,,5,2,2017,1,78.00999992199,0.2738095237280329,3.0912,0.15454545453842974,4,4,ALE,0,0,-0.03779860444165928,0.43910463974902214,0,0,123.40108881537152,0,0.18685126254206702,36.12776089040906,MEDIUM
ALE-0517,2017-01-23,Cyber-Fraud,Retail Banking,288.74,2,1.34,2.82,3.24,3.9,25,0.0,1,1,2017,0,144.369999927815,0.4751773047960365,7.5576,0.15599999999376,0,4,ALE,0,0,-0.012119315188554025,2.3179798808947893,0,0,228.38432689130747,0,0.201658138770053,57.20041045286926,HIGH
ALE-0465,2019-06-13,Cyber-Fraud,ATM Network,209.84,1,1.04,2.18,2.51,3.4,20,,6,2,2019,3,209.83999979016,0.4770642199646494,2.2672000000000003,0.1699999999915,0,0,ALE,0,0,-0.021356671952433626,1.285692267936042,0,0,201.9866564157225,0,0.2064670094855605,51.78871648166705,HIGH
ALE-0170,2014-08-11,Cyber-Fraud,Online Services,88.95,2,2.51,2.6,1.76,3.1,20,0.0,8,3,2014,0,44.4749999777625,0.9653846150133135,13.052,0.15499999999225,0,2,ALE,0,0,-0.07909507385912928,0.29597122421329736,0,0,138.9102597507133,0,0.01806906689157955,26.580763114677776,LOW
OLE-0482,2025-11-24,Tech Failure,E-Banking,5.0,5,0.82,0.63,1.0,3.1,19,,11,4,2025,0,0.9999999998,1.30158729952129,2.5829999999999997,0.16315789472825484,4,1,OLE,1,0,-0.06244666027418633,1.3943304777986811,0,0,13.16712227512999,0,0.05353524438962187,10.222113625336032,LOW
ALE-0943,2017-03-12,Data Breach,ATM Network,66.81,3,1.4,1.39,1.1,3.5,21,,3,1,2017,6,22.26999999257667,1.0071942438797163,5.837999999999998,0.16666666665873014,1,0,ALE,0,0,-0.07537414650579688,0.5856397635150293,0,0,73.38139231544346,0,0.014524098171586796,16.551107987346224,LOW
OLE-0507,2024-08-01,Tech Failure,E-Banking,59.94,5,0.69,0.55,1.0,3.5,24,,8,3,2024,3,11.9879999976024,1.2545454522644628,1.8975,0.14583333332725695,4,1,OLE,1,0,-0.06265085616140825,0.6755233617536427,0,0,51.89983639308575,0,0.004947972951124341,14.67194461307472,LOW
ALE-0243,2019-08-30,System Failure,ATM Network,373.43,2,0.83,1.59,1.26,2.5,17,,8,3,2019,4,186.7149999066425,0.5220125782880424,2.6394,0.14705882352076124,3,0,ALE,0,0,-0.019211839284194454,3.426020919443284,1,1,240.8926993415753,1,0.6574785064975075,74.099964343819,CRITICAL
ALE-0129,2019-11-10,Data Breach,Online Services,142.07,1,2.05,2.21,2.61,3.2,29,0.0,11,4,2019,6,142.06999985793,0.9276018095350217,4.5305,0.11034482758240191,1,2,ALE,0,0,-0.03380719717563496,0.39902393421976495,0,0,164.08142571639482,0,0.08006150562866282,39.47249819913496,MEDIUM
ALE-1284,2019-05-26,Tech Failure,Payments,65.88,4,1.07,2.36,1.61,3.5,22,,5,2,2019,6,16.4699999958825,0.45338983031636026,10.1008,0.15909090908367768,4,3,ALE,0,0,-0.07449565377763245,0.5978074121848853,0,0,69.21787939906727,0,0.007576539385530664,15.773638717488062,LOW
ALE-1036,2016-07-26,System Failure,Online Services,28.91,5,2.15,2.65,2.02,3.4,20,,7,3,2016,1,5.7819999988436,0.8113207544108223,28.4875,0.1699999999915,3,2,ALE,0,0,-0.06925954752752922,1.0815041555446427,0,0,47.13100052054706,0,0.014128291827072299,13.253792060502509,LOW
ALE-1261,2016-10-18,Tech Failure,Retail Banking,162.05,2,2.47,3.13,2.35,3.0,23,,10,4,2016,1,81.0249999594875,0.7891373799395728,15.462200000000001,0.13043478260302457,4,4,ALE,0,0,-0.06464357661577885,0.6604321282237672,0,0,185.82347493239791,0,0.048144930464679124,37.259125155431455,MEDIUM
ALE-0387,2019-04-08,Phishing,E-Banking,264.07,5,2.93,3.09,3.28,2.8,26,,4,2,2019,0,52.8139999894372,0.9482200644180518,45.268499999999996,0.10769230768816568,2,1,ALE,0,0,-0.0022589109579493893,1.9952101038137715,0,0,209.808176921255,0,0.23103237943448243,56.72424403960721,HIGH
OLE-0312,2015-11-17,Data Breach,E-Banking,66.3,5,1.29,0.96,1.0,2.9,24,,11,4,2015,1,13.259999997347999,1.3437499986002606,6.192,0.12083333332829861,1,1,OLE,1,0,-0.07388888489710232,0.59231234504366,0,0,61.87837296009801,0,0.006326171745310645,14.648542617056329,LOW
ALE-0193,2017-02-22,Phishing,Retail Banking,28.91,5,0.89,1.66,1.79,3.0,29,,2,1,2017,2,5.7819999988436,0.5361445779902744,7.387,0.10344827585850179,2,4,ALE,0,0,-0.054530857429900714,1.0815041555446427,0,0,43.32334310475977,0,0.010603333718242628,14.70358511784193,LOW
OLE-0406,2022-12-08,System Failure,Payments,89.55,2,1.01,0.9,1.0,4.0,15,,12,4,2022,3,44.774999977612495,1.1222222209753088,1.818,0.2666666666488889,3,3,OLE,1,0,-0.01884739474298147,0.28812112829726133,0,0,78.54665563119121,0,0.35349216348563545,37.60867712255839,MEDIUM
ALE-0669,2017-07-16,Data Breach,ATM Network,298.04,2,0.91,1.22,1.5,2.5,29,,7,3,2017,6,149.01999992549,0.7459016387328675,2.2204,0.08620689654875148,1,0,ALE,0,1,0.030344430287619018,2.439656367593349,0,1,162.45751294250684,1,0.7285364268507961,71.40840534135863,CRITICAL
ALE-0915,2017-04-29,System Failure,Retail Banking,31.71,5,2.7,2.1,1.97,2.9,24,0.0,4,2,2017,5,6.3419999987316,1.2857142851020409,28.35,0.12083333332829861,3,4,ALE,0,0,-0.043129594715358266,1.0448703746031411,0,0,47.00677715968138,0,0.015250739861769039,17.142106764323994,LOW
ALE-0749,2018-08-29,Cyber-Fraud,ATM Network,139.35,1,1.52,2.44,2.57,3.7,24,0.0,8,3,2018,2,139.34999986064997,0.6229508194168234,3.7088,0.15416666666024306,0,0,ALE,0,0,-0.051057630654063546,0.36343683273373467,0,0,168.4998033566304,0,0.06995236020174277,37.26959055999124,MEDIUM
ALE-0686,2019-11-22,Phishing,Retail Banking,144.16,5,1.57,2.22,2.63,3.7,19,0.0,11,4,2019,4,28.8319999942336,0.7072072068886454,17.427000000000003,0.19473684209501385,2,4,ALE,0,0,-0.08306089836368186,0.4263684349939574,0,0,133.91154910590797,0,0.007366162949702206,24.821324400397415,LOW
OLE-0310,2014-09-16,Data Breach,Retail Banking,5.0,1,1.0,0.63,1.0,3.2,20,,9,3,2014,1,4.999999995,1.587301584782061,0.63,0.159999999992,1,4,OLE,1,0,-0.06644991430789321,1.3943304777986811,0,0,12.43904207513937,0,0.006587164991498032,7.870020784732021,LOW
OLE-0227,2020-03-16,Data Breach,Retail Banking,76.47,3,0.6,0.75,1.0,3.1,23,0.0,3,1,2020,0,25.489999991503332,0.7999999989333333,1.3499999999999999,0.13478260868979206,1,4,OLE,1,0,-0.06648030511325687,0.4592532192668482,0,0,67.55110000534755,0,0.0006211138831459688,16.450997181392836,LOW
OLE-0744,2022-05-30,Tech Failure,ATM Network,75.77,2,1.36,0.51,1.0,3.8,15,,5,2,2022,0,37.8849999810575,2.6666666614379086,1.3872000000000002,0.2533333333164444,4,0,OLE,1,1,0.03533576099277813,0.46841166450222366,0,1,68.82581935773041,1,0.8286299358325234,60.70979837283619,HIGH
ALE-1188,2016-12-17,Data Breach,ATM Network,47.14,2,2.98,3.08,2.38,2.6,28,,12,4,2016,5,23.569999988215,0.9675324672183335,18.3568,0.09285714285382653,1,0,ALE,0,0,-0.03190649794700118,0.8429920746290793,0,0,79.48555653603216,0,0.12921701670669014,27.97531223222541,LOW
ALE-0995,2019-07-07,Cyber-Fraud,ATM Network,163.53,1,0.9,2.92,3.44,3.2,20,,7,3,2019,6,163.52999983646998,0.3082191779766373,2.628,0.159999999992,0,0,ALE,0,0,-0.0138185041854465,0.6797956981499894,0,0,169.99591184093,1,0.4697291323686019,57.01421042090749,HIGH
ALE-0710,2016-05-27,System Failure,E-Banking,127.34,2,2.04,2.67,1.8,2.6,20,,5,2,2016,4,63.669999968165,0.7640449435340656,10.8936,0.1299999999935,3,1,ALE,0,0,-0.0984336654735462,0.2063040794810789,0,0,164.60231124218612,0,0.08825415284004785,30.273638902264228,MEDIUM
ALE-1089,2017-06-28,Data Breach,Payments,77.87,4,1.02,1.49,1.77,4.0,27,,6,2,2017,2,19.467499995133124,0.6845637579298229,6.0792,0.14814814814266117,1,3,ALE,0,0,-0.05939591340513578,0.44093632879609723,0,0,77.45077046487589,0,0.012335190838438873,19.48961926812584,LOW
ALE-1067,2016-11-17,Data Breach,Retail Banking,165.61,1,1.62,2.8,2.47,3.8,25,,11,4,2016,3,165.60999983439,0.578571428364796,4.536,0.15199999999392,1,4,ALE,0,0,-0.03640734830642234,0.7070093639922481,0,0,168.03358766898603,0,0.18753442685423324,43.47971758224342,MEDIUM
ALE-0720,2017-03-30,Tech Failure,Retail Banking,280.32,3,2.48,2.6,2.98,3.8,19,,3,1,2017,3,93.43999996885333,0.9538461534792899,19.343999999999998,0.19999999998947368,4,4,ALE,0,0,-0.0412849871105635,2.207816868206416,0,0,229.61982160911094,0,0.06660545775180954,48.35238985397007,MEDIUM
OLE-0149,2019-01-08,System Failure,E-Banking,48.08,5,0.77,0.92,1.0,3.1,21,0.0,1,1,2019,1,9.6159999980768,0.8369565208293951,3.5420000000000003,0.14761904761201813,3,1,OLE,1,0,-0.10106856385341301,0.8306935910272895,0,0,35.824236355309225,0,0.005926099162444117,6.452778675183941,LOW
ALE-0478,2014-01-01,Data Breach,Retail Banking,219.06,4,0.91,3.17,2.51,3.2,25,0.0,1,1,2014,2,54.76499998630875,0.28706624596622515,11.5388,0.12799999999488001,1,4,ALE,0,0,-0.07235573526997696,1.40632207517913,0,0,187.02717325983437,0,0.011810199218168857,35.0376077828219,MEDIUM
ALE-0254,2015-03-03,Phishing,E-Banking,72.51,2,2.41,1.27,1.03,3.6,19,,3,1,2015,1,36.2549999818725,1.8976377937813875,6.1214,0.18947368420055402,2,1,ALE,0,0,-0.06583888306463143,0.5110638523126864,0,0,113.62883349827689,0,0.027528010977208427,24.84038021350104,LOW
OLE-0292,2020-02-03,Cyber-Fraud,Retail Banking,30.18,1,0.8,0.93,1.0,3.3,23,,2,1,2020,0,30.17999996982,0.8602150528384784,0.7440000000000001,0.14347826086332702,0,4,OLE,1,0,-0.05768433606657575,1.0648881191890331,0,0,48.606308913144225,0,0.001830127092159178,14.772621026255806,LOW
OLE-0693,2023-10-17,System Failure,Payments,60.07,2,0.47,0.59,1.0,2.5,19,0.0,10,4,2023,1,30.0349999849825,0.7966101681413388,0.5546,0.13157894736149583,3,3,OLE,1,0,-0.05582476268557379,0.6738225076385015,0,0,55.7637149782233,0,0.0661791200949179,18.442282486783178,LOW
OLE-0705,2020-03-16,Tech Failure,Retail Banking,64.41,3,0.65,0.98,1.0,4.0,15,0.0,3,1,2020,0,21.46999999284333,0.6632653054456477,1.911,0.2666666666488889,4,4,OLE,1,1,0.004529908294981233,0.6170401471791738,0,1,66.08046010235951,1,0.3904800891128005,40.375299655904215,MEDIUM
ALE-0184,2014-03-26,Tech Failure,E-Banking,10.0,1,1.51,1.46,1.32,2.9,28,0.0,3,1,2014,2,9.99999999,1.0342465746340777,2.2046,0.10357142856772959,4,1,ALE,0,0,-0.051212022564709025,1.3289130118317138,0,0,34.20732072076616,0,0.0340203836927797,14.559921900570416,LOW
ALE-0198,2015-12-29,Data Breach,Online Services,135.25,1,2.07,1.58,1.78,2.5,24,0.0,12,4,2015,1,135.24999986474998,1.3101265814492868,3.2706,0.1041666666623264,1,2,ALE,0,0,-0.028089048355739776,0.3097945106408214,0,0,159.6525800811364,0,0.11282519178580294,40.75915195051051,MEDIUM
OLE-0576,2018-10-28,Data Breach,E-Banking,61.31,2,0.91,1.27,1.0,2.6,23,0.0,10,4,2018,6,30.6549999846725,0.716535432506665,2.3114,0.11304347825595464,1,1,OLE,1,0,-0.0524847851949497,0.6575989760786936,0,0,65.1086885457149,0,0.0004693906435892924,18.128152565840615,LOW
OLE-0558,2022-06-11,Tech Failure,ATM Network,42.58,2,1.45,0.93,1.0,3.2,23,0.0,6,2,2022,5,21.289999989355,1.559139783269742,2.697,0.13913043477655956,4,0,OLE,1,0,-0.05337944159703134,0.9026528035909537,0,0,63.08408736512589,0,0.002058116779326699,17.728225721354583,LOW
ALE-0398,2016-05-27,Phishing,E-Banking,194.96,5,2.97,2.43,2.76,3.7,22,,5,2,2016,4,38.9919999922016,1.22222222171925,36.0855,0.16818181817417355,2,1,ALE,0,0,-0.04216911381645039,1.091009889218347,0,0,180.49851585821852,0,0.16678280671643203,43.88935414855455,MEDIUM
OLE-0702,2019-02-13,Data Breach,Payments,43.12,2,1.42,0.96,1.0,2.8,20,,2,1,2019,2,21.55999998922,1.4791666651258681,2.7264,0.139999999993,1,3,OLE,1,0,-0.09710585090337248,0.8955877172665213,0,0,58.17572133646781,0,0.0029893822819615514,10.503370050256425,LOW
ALE-0591,2015-09-30,Data Breach,Retail Banking,109.05,1,2.46,3.27,2.27,3.7,23,0.0,9,3,2015,2,109.04999989094999,0.7522935777515921,8.0442,0.16086956521039697,1,4,ALE,0,0,-0.06246778033661199,0.032993011026088176,0,0,193.22447409246573,0,0.1476392052818963,42.24456245616219,MEDIUM
ALE-0453,2018-02-17,Cyber-Fraud,Online Services,211.5,3,1.18,1.9,1.85,2.7,23,,2,1,2018,5,70.49999997649999,0.6210526312520775,6.726,0.11739130434272213,0,2,ALE,0,0,-0.0714847732589583,1.3074108666370754,0,0,181.18280846386014,0,0.03012854620223441,34.87511493487353,MEDIUM
ALE-0473,2014-08-11,System Failure,ATM Network,163.66,1,2.35,3.28,2.97,3.2,24,,8,3,2014,0,163.65999983633998,0.7164634144157124,7.708,0.13333333332777778,3,0,ALE,0,0,-0.03806689605407709,0.6814965522651305,0,0,185.6868837296477,0,0.2513583269507449,48.28479288245102,MEDIUM
ALE-0882,2014-06-12,Data Breach,Payments,98.68,1,2.64,2.62,2.11,3.3,16,0.0,6,2,2014,3,98.67999990132,1.0076335874016666,6.9168,0.20624999998710936,1,3,ALE,0,0,-0.07244316778502657,0.1686688354415786,0,0,153.52099566609297,0,0.03295155070281817,30.41799435203931,MEDIUM
ALE-1183,2019-10-17,Data Breach,E-Banking,90.01,2,0.82,1.62,1.57,3.3,22,,10,4,2019,3,45.0049999774975,0.5061728391937204,2.6568,0.1499999999931818,1,1,ALE,0,0,-0.11427093591758197,0.28210272142830023,0,0,115.80699063141545,0,0.0063461787242716765,17.275643221921325,LOW
ALE-0459,2019-08-12,Tech Failure,Retail Banking,140.47,4,2.4,2.37,2.66,3.6,25,0.0,8,3,2019,0,35.117499991220626,1.0126582274208191,22.752,0.14399999999424,4,4,ALE,0,0,-0.04084005889587883,0.37809034511033546,0,0,139.88185580544894,0,0.013950578336512622,32.25576628119672,MEDIUM
ALE-1164,2016-02-03,Tech Failure,E-Banking,266.87,3,2.18,2.24,2.62,3.5,24,,2,1,2016,2,88.95666663701445,0.973214285279815,14.649600000000003,0.14583333332725695,4,1,ALE,0,0,-0.08398269828142879,2.0318438847552733,0,0,226.20896161679994,0,0.11733855446222058,43.261867897672175,MEDIUM
OLE-0168,2014-06-30,Data Breach,Retail Banking,14.59,2,0.61,0.69,1.0,2.6,18,,6,2,2014,0,7.2949999963525,0.8840579697332493,0.8417999999999999,0.14444444443641977,1,4,OLE,1,0,-0.05477511630365128,1.2688597780740376,0,0,21.922546534900928,0,0.0238945195976491,11.717664007353143,LOW
OLE-0731,2024-03-03,Tech Failure,E-Banking,5.0,1,1.43,1.42,1.0,3.4,23,0.0,3,1,2024,6,4.999999995,1.007042252811942,2.0305999999999997,0.14782608695009453,4,1,OLE,1,0,-0.0507736620467556,1.3943304777986811,0,0,14.727474622939322,0,0.002213418267961521,10.403163492397734,LOW
ALE-0645,2014-05-01,Cyber-Fraud,Retail Banking,247.82,2,2.26,2.15,2.59,3.7,22,0.0,5,2,2014,3,123.90999993804499,1.0511627902087615,9.717999999999998,0.16818181817417355,0,4,ALE,0,0,-0.056702635822447944,1.7826033394211271,0,0,220.09356822784713,0,0.06760309563001533,44.58442614665823,MEDIUM
OLE-0287,2023-04-26,System Failure,Retail Banking,43.62,1,0.49,1.17,1.0,2.8,17,,4,2,2023,2,43.61999995637999,0.41880341844546715,0.5732999999999999,0.1647058823432526,3,4,OLE,1,0,-0.06685775123951787,0.8890459706698246,0,0,53.65845607124813,0,0.0024351800652296753,14.24174057601873,LOW
ALE-0958,2017-02-10,Tech Failure,ATM Network,163.66,5,2.08,3.47,4.0,2.9,15,0.0,2,1,2017,4,32.7319999934536,0.5994236309511747,36.088,0.19333333332044444,4,0,ALE,0,1,0.010227143800355831,0.6814965522651305,0,1,151.76606072693122,1,0.767291866957974,68.08019525232858,HIGH
ALE-0626,2016-08-13,Data Breach,E-Banking,217.26,4,2.97,1.43,1.3,3.0,16,0.0,8,3,2016,5,54.31499998642125,2.0769230754706833,16.9884,0.18749999998828126,1,1,ALE,0,0,-0.051555019076701236,1.3827717874310217,0,0,203.1720885795737,0,0.012054148281051946,40.70220115036943,MEDIUM
OLE-0629,2018-12-21,Data Breach,Payments,112.8,2,1.24,0.91,1.0,2.5,16,,12,4,2018,4,56.3999999718,1.362637361139959,2.2568,0.15624999999023437,1,3,OLE,1,0,-0.058210628959067146,0.016070088449137425,0,0,93.99927702283614,0,0.016021649561145358,22.434803090188595,LOW
OLE-0599,2014-01-07,Cyber-Fraud,ATM Network,5.0,1,1.13,1.16,1.0,2.6,21,,1,1,2014,1,4.999999995,0.9741379301947086,1.3107999999999997,0.12380952380362813,0,0,OLE,1,0,-0.061325434359778774,1.3943304777986811,0,0,12.162552127639806,0,0.009005137559133193,8.66927047472067,LOW
ALE-0256,2014-12-15,Data Breach,Retail Banking,177.98,4,1.65,2.9,2.65,3.6,28,0.0,12,4,2014,0,44.494999988876245,0.5689655170451843,19.139999999999997,0.12857142856683673,1,4,ALE,0,0,-0.05323908067530836,0.8688521747945253,0,0,169.54314409035152,0,0.03321150944351279,35.827158020670446,MEDIUM
OLE-0378,2024-01-21,Tech Failure,Payments,52.73,3,1.48,0.71,1.0,2.6,15,0.0,1,1,2024,6,17.576666660807778,2.0845070393175957,3.1523999999999996,0.17333333332177778,4,3,OLE,1,0,-0.013529521886172624,0.7698553476780098,0,0,58.073662683828324,0,0.04219805335954425,24.233861240044302,LOW
ALE-1120,2015-05-02,Cyber-Fraud,Online Services,51.08,1,2.58,2.08,1.84,3.8,25,,5,2,2015,5,51.07999994892,1.2403846147882767,5.3664000000000005,0.15199999999392,0,2,ALE,0,0,-0.07016179831929431,0.791443111447109,0,0,106.08943925102044,0,0.006458647751255564,22.25982437350703,LOW
ALE-1193,2018-10-04,Tech Failure,Payments,36.98,5,1.21,3.34,2.75,2.7,17,0.0,10,4,2018,3,7.395999998520799,0.3622754489933307,20.206999999999997,0.15882352940242214,4,3,ALE,0,0,-0.03578561907884481,0.9759203654739572,0,0,56.45032890666163,0,0.010047897801314492,19.554287851966752,LOW
ALE-0940,2014-03-14,Tech Failure,E-Banking,129.13,4,1.49,1.39,1.24,3.6,27,,3,1,2014,4,32.28249999192937,1.071942445271984,8.2844,0.13333333332839506,4,1,ALE,0,0,-0.06842325825942525,0.22972353229725317,0,0,125.98315850724845,0,0.01593309685084965,26.023302996887498,LOW
ALE-0328,2015-02-01,System Failure,ATM Network,204.34,3,2.88,1.43,1.45,3.2,25,,2,1,2015,6,68.11333331062889,2.013986012577632,12.3552,0.12799999999488001,3,0,ALE,0,0,-0.032659551421732935,1.213733055372378,0,0,202.0037965013519,0,0.059811237432427854,44.98497327344989,MEDIUM
ALE-0534,2014-08-29,Phishing,ATM Network,199.45,2,2.19,1.73,1.21,3.8,27,,8,3,2014,4,99.72499995013749,1.2658959530254936,7.5774,0.1407407407355281,2,0,ALE,0,0,-0.05743181306831535,1.1497547736566835,0,0,195.68426900082403,0,0.03872046773692869,39.570553728919464,MEDIUM
ALE-0545,2019-06-13,Data Breach,Retail Banking,10.0,2,2.4,3.5,2.34,3.6,19,0.0,6,2,2019,3,4.9999999975,0.6857142855183673,16.8,0.18947368420055402,1,4,ALE,0,0,-0.05868857570391739,1.3289130118317138,0,0,31.922498009472626,0,0.036971066677583604,13.191611336405135,LOW
OLE-0042,2015-05-02,Cyber-Fraud,ATM Network,48.33,2,0.42,0.95,1.0,3.6,14,,5,2,2015,5,24.164999987917497,0.4421052626925208,0.7979999999999999,0.2571428571244898,0,0,OLE,1,0,-0.017953558179186757,0.8274227177289412,0,0,57.90653649154997,0,0.30419078561078106,32.72190697945058,MEDIUM
OLE-0817,2020-06-14,Cyber-Fraud,ATM Network,21.03,4,0.8,0.75,1.0,3.0,23,0.0,6,2,2020,6,5.257499998685625,1.0666666652444445,2.4000000000000004,0.13043478260302457,0,0,OLE,1,0,-0.04241658469518639,1.1846020819085834,0,0,23.62888482847793,0,0.005033677027414041,13.159644828061504,LOW
ALE-0505,2015-07-08,Cyber-Fraud,Retail Banking,116.76,1,1.63,3.26,4.04,3.5,19,,7,3,2015,2,116.75999988324,0.49999999984662574,5.3138,0.1842105263060942,0,4,ALE,0,0,-0.03538356828072142,0.06788072149497577,0,0,153.95484036892145,0,0.12842145583231138,39.31578622940418,MEDIUM
ALE-0768,2014-07-12,System Failure,ATM Network,245.02,3,2.65,2.54,2.47,3.3,28,,7,3,2014,5,81.67333330610889,1.0433070862034224,20.192999999999998,0.11785714285293367,3,0,ALE,0,0,-0.05481749789716073,1.7459695584796253,0,0,215.03948695604686,0,0.03457219488497421,42.90097683704582,MEDIUM
OLE-0818,2015-07-08,Tech Failure,Retail Banking,33.84,3,0.97,0.86,1.0,3.7,18,0.0,7,3,2015,2,11.27999999624,1.1279069754326663,2.5026,0.20555555554413582,4,4,OLE,1,0,-0.07664494759711427,1.0170025341012128,0,0,35.93703913692643,0,0.0005636628004565728,9.89930143246844,LOW
OLE-0610,2016-05-15,Cyber-Fraud,Payments,11.73,5,1.25,1.49,1.0,2.9,19,0.0,5,2,2016,6,2.3459999995308,0.8389261739336066,9.3125,0.15263157893933518,0,3,OLE,1,0,-0.046295459128648964,1.306278568607143,0,0,21.40811415869757,0,0.0030467946499405287,12.161419610633745,LOW
ALE-0333,2017-11-25,Tech Failure,E-Banking,208.06,3,2.38,2.09,2.2,3.4,19,,11,4,2017,5,69.35333331021556,1.1387559803163847,14.9226,0.17894736841163433,4,1,ALE,0,0,-0.08269083128915222,1.2624036500518017,0,0,202.0378774460605,0,0.1347453069351821,40.2053757430525,MEDIUM
ALE-0166,2019-12-28,Phishing,E-Banking,130.76,1,0.9,3.04,2.49,2.8,24,,12,4,2019,5,130.75999986923998,0.29605263148156163,2.736,0.11666666666180554,2,1,ALE,0,0,-0.052573364130814926,0.2510496262024845,0,0,148.83188126997146,0,0.19279402623708483,38.20619582814799,MEDIUM
ALE-0759,2016-01-10,Tech Failure,Online Services,138.3,1,1.94,3.18,2.53,2.8,19,0.0,1,1,2016,6,138.2999998617,0.6100628928899172,6.1692,0.14736842104487533,4,2,ALE,0,0,-0.04057093419980318,0.3496991648806717,0,0,169.91638938039776,0,0.11363473634151182,40.57720042518744,MEDIUM
ALE-0742,2017-12-31,Phishing,Online Services,235.92,2,2.34,2.34,2.12,3.9,19,,12,4,2017,6,117.95999994101999,0.9999999995726495,10.951199999999998,0.2052631578839335,2,2,ALE,0,0,-0.04235134328229084,1.6269097704197444,0,0,228.09237302562906,0,0.10052597433060831,49.13798462672518,MEDIUM
ALE-0300,2017-02-10,Data Breach,Retail Banking,67.39,5,2.57,1.3,1.22,2.6,19,,2,1,2017,4,13.4779999973044,1.9769230754023666,16.705000000000002,0.1368421052559557,1,4,ALE,0,0,-0.04016087154882175,0.5780513374628611,0,0,72.38237967611295,0,0.03099137285274022,22.181794883579787,LOW
OLE-0494,2018-07-24,Data Breach,ATM Network,5.0,2,1.23,1.21,1.0,3.4,21,0.0,7,3,2018,1,2.49999999875,1.016528924779728,2.9766,0.16190476189705216,1,0,OLE,1,0,-0.08047002236107853,1.3943304777986811,0,0,10.242992198853885,0,0.0007612393751794016,5.239843065567158,LOW
ALE-0747,2015-06-14,System Failure,Online Services,218.03,2,2.55,1.55,1.23,3.0,17,0.0,6,2,2015,6,109.01499994549249,1.645161289261186,7.904999999999999,0.1764705882249135,3,2,ALE,0,0,-0.050231529771357586,1.392846077189935,0,0,211.24779351649946,0,0.13816795556969105,46.60079136112594,MEDIUM
OLE-0278,2021-10-08,Data Breach,E-Banking,69.24,4,0.94,0.64,1.0,3.7,15,,10,4,2021,4,17.3099999956725,1.468749997705078,2.4064,0.24666666665022224,1,1,OLE,1,0,-0.049718468852031905,0.5538468750550832,0,0,67.24598553992436,0,0.09421294475165752,22.159813805523594,LOW
OLE-0758,2017-06-16,System Failure,Retail Banking,32.18,2,1.45,1.28,1.0,3.4,14,,6,2,2017,4,16.089999991955,1.1328124991149902,3.7119999999999997,0.2428571428397959,3,4,OLE,1,0,-0.051866693251429896,1.038721132802246,0,0,48.19815192915125,0,0.014462844867177905,16.011007591685424,LOW
ALE-1258,2015-02-19,Cyber-Fraud,Retail Banking,83.33,2,1.26,3.19,2.92,3.6,15,,2,1,2015,3,41.6649999791675,0.3949843258949892,8.0388,0.239999999984,0,4,ALE,0,0,-0.020325385222828563,0.36950045596016884,0,0,119.84422419364118,0,0.1486304230282861,36.809577665897166,MEDIUM
OLE-0359,2017-10-26,System Failure,ATM Network,7.23,1,0.83,1.34,1.0,2.7,16,,10,4,2017,3,7.22999999277,0.6194029846123857,1.1122,0.16874999998945314,3,0,OLE,1,0,-0.06829206932496606,1.3651542879774137,0,0,18.596327761900934,0,0.0002967908593390227,8.359629072315402,LOW
ALE-0503,2018-06-05,Cyber-Fraud,Online Services,152.54,1,2.35,3.16,2.86,3.9,16,,6,2,2018,1,152.53999984745997,0.7436708858406105,7.426000000000001,0.24374999998476563,0,2,ALE,0,1,0.010129081456324629,0.5360081079545949,0,1,180.7334529956229,1,0.8103146170989856,74.19382885753205,CRITICAL
OLE-0237,2022-05-18,Tech Failure,E-Banking,35.64,2,1.23,0.85,1.0,3.7,15,0.0,5,2,2022,2,17.81999999109,1.4470588218269897,2.0909999999999997,0.24666666665022224,4,1,OLE,1,0,-0.04239965839369819,0.9934522463531046,0,0,63.05448769408374,0,0.06487289281861792,21.547707620660116,LOW
OLE-0552,2023-02-13,Data Breach,ATM Network,5.0,2,0.61,1.12,1.0,3.7,16,,2,1,2023,0,2.49999999875,0.5446428566565688,1.3664,0.23124999998554688,1,0,OLE,1,0,-0.03602749112675052,1.3943304777986811,0,0,9.77405713624636,0,0.018777186982237626,12.375820117151315,LOW
OLE-0521,2021-01-04,Cyber-Fraud,ATM Network,56.07,1,1.49,0.94,1.0,3.9,16,0.0,1,1,2021,0,56.06999994392999,1.5851063812924402,1.4005999999999998,0.24374999998476563,0,0,OLE,1,0,-0.002957659732833573,0.7261564804120755,0,0,63.40049474703395,0,0.15798986476564403,30.70187313023971,MEDIUM
ALE-0693,2018-12-09,Data Breach,Payments,191.9,4,1.61,1.6,1.84,3.0,22,0.0,12,4,2018,6,47.97499998800625,1.0062499993710936,10.304000000000002,0.136363636357438,1,3,ALE,0,0,-0.09377291040115843,1.0509744000465628,0,0,178.97713425603308,0,0.0015729199772530169,30.22368151347513,MEDIUM
OLE-0209,2025-05-22,Cyber-Fraud,Retail Banking,5.0,1,1.23,1.02,1.0,3.0,24,0.0,5,2,2025,3,4.999999995,1.2058823517589388,1.2546,0.12499999999479167,0,4,OLE,1,0,-0.070391621319294,1.3943304777986811,0,0,16.250452203733037,0,0.0015729199772530169,7.71909607116725,LOW
ALE-0718,2018-12-09,Tech Failure,Payments,173.4,3,1.8,2.57,1.73,3.0,17,,12,4,2018,6,57.79999998073333,0.7003891047858408,13.878,0.1764705882249135,4,3,ALE,0,0,-0.06743205704586153,0.8089297759687832,0,0,181.28213540333587,0,0.004385491367722192,34.59001073745554,MEDIUM
OLE-0721,2018-06-30,System Failure,ATM Network,22.15,2,1.05,0.86,1.0,3.7,17,0.0,6,2,2018,5,11.074999994462498,1.2209302311384533,1.806,0.21764705881072666,3,0,OLE,1,0,-0.06783782775169794,1.169948569531983,0,0,30.73136277479025,0,0.0007612393751794016,10.379540707152676,LOW
ALE-0080,2019-03-27,Data Breach,Online Services,82.4,5,1.54,2.51,1.79,2.6,21,0.0,3,1,2019,2,16.479999996704002,0.6135458164886272,19.326999999999998,0.12380952380362813,1,2,ALE,0,0,-0.08487003499585538,0.3816681046300247,0,0,76.61641406015148,0,0.005298625103589978,15.338452525393492,LOW
ALE-0912,2017-01-11,Cyber-Fraud,Payments,206.45,4,2.41,1.31,1.11,3.2,17,0.0,1,1,2017,2,51.61249998709687,1.8396946550842024,12.628400000000001,0.1882352941065744,0,3,ALE,0,0,-0.05919366885952704,1.2413392260104381,0,0,191.54519088903845,0,0.02401891518918645,38.13465864365372,MEDIUM
ALE-0726,2014-10-16,Phishing,E-Banking,119.22,5,1.73,2.1,1.81,3.7,29,0.0,10,4,2014,3,23.8439999952312,0.8238095234172335,18.165000000000003,0.1275862068921522,2,1,ALE,0,0,-0.07949961188216992,0.10006611475072368,0,0,105.20898924076091,0,0.01576820165150801,21.06258966444414,LOW
OLE-0059,2020-01-28,Cyber-Fraud,Payments,62.55,2,0.46,0.92,1.0,3.7,18,,1,1,2020,1,31.2749999843625,0.49999999945652174,0.8464,0.20555555554413582,0,3,OLE,1,0,-0.07548114769784137,0.6413754445188856,0,0,59.625937611227116,0,5.602240896358543e-05,13.833910442048996,LOW
OLE-0632,2024-08-07,Tech Failure,Payments,43.75,5,0.95,0.63,1.0,2.9,14,,8,3,2024,2,8.74999999825,1.5079365055429579,2.9925,0.20714285712806121,4,3,OLE,1,0,-0.04305399170733448,0.8873451165546833,0,0,37.61346597410853,0,0.02646649705344642,16.046951843152772,LOW
ALE-1062,2019-08-06,System Failure,Retail Banking,322.23,3,2.95,1.35,0.94,3.0,17,0.0,8,3,2019,1,107.40999996419667,2.1851851835665292,11.947500000000003,0.1764705882249135,3,4,ALE,0,0,-0.03111510155812347,2.7561460679415375,1,1,250.0012521992393,1,0.6459983733852518,73.38920076619934,CRITICAL
ALE-0343,2014-07-24,System Failure,Retail Banking,178.27,1,1.49,1.23,1.42,2.9,18,0.0,7,3,2014,3,178.26999982172998,1.2113821128362747,1.8327,0.16111111110216048,3,4,ALE,0,0,-0.043134358582377685,0.8726463878206097,0,0,167.95803963060493,0,0.2576916635810236,44.92715140596608,MEDIUM
OLE-0593,2020-09-18,Tech Failure,E-Banking,20.59,4,1.4,0.55,1.0,3.0,20,,9,3,2020,4,5.1474999987131245,2.545454540826446,3.08,0.1499999999925,4,1,OLE,1,0,-0.022011586854816412,1.1903588189136767,0,0,25.538639244270083,0,0.058871329729168545,18.369907693890987,LOW
ALE-0929,2017-12-25,Phishing,E-Banking,266.73,5,1.03,2.24,1.96,3.1,26,,12,4,2017,0,53.3459999893308,0.4598214283661511,11.536000000000001,0.11923076922618343,2,1,ALE,0,0,-0.09321706899561005,2.0300121957081982,0,0,203.66951911944017,0,0.00553587438479256,34.384873185522366,MEDIUM
OLE-0364,2025-05-22,System Failure,E-Banking,88.88,2,1.1,1.43,1.0,2.9,14,,5,2,2025,3,44.43999997778,0.7692307686928457,3.146,0.20714285712806121,3,1,OLE,1,0,-0.07228757221463639,0.29688706873683496,0,0,83.57087372642266,0,0.0019129524755006387,18.192668116155467,LOW
OLE-0506,2020-01-28,Data Breach,Retail Banking,63.89,5,1.33,1.36,1.0,3.6,22,,1,1,2020,1,12.7779999974444,0.9779411757515137,9.044,0.1636363636289256,1,4,OLE,1,0,-0.07887517478660533,0.6238435636397384,0,0,59.81088663924354,0,5.602240896358543e-05,13.360896718264783,LOW
ALE-0005,2017-02-16,System Failure,Online Services,99.94,3,1.78,1.22,0.89,3.0,25,0.0,2,1,2017,3,33.313333322228885,1.4590163922467079,6.514799999999999,0.1199999999952,3,2,ALE,0,0,-0.08595871827912144,0.1521836340179029,0,0,107.46544823579245,0,0.018869291281366277,20.57484547422289,LOW
ALE-0820,2014-01-31,Data Breach,Payments,85.9,3,1.06,2.7,1.93,3.9,27,0.0,1,1,2014,4,28.63333332378889,0.3925925924471879,8.586,0.14444444443909465,1,3,ALE,0,0,-0.06986308949819436,0.3358758784531475,0,0,92.22413260088983,0,0.016660337149596482,20.448609631681244,LOW
ALE-0957,2016-10-12,Tech Failure,Retail Banking,146.54,3,2.4,3.11,3.5,2.7,17,0.0,10,4,2016,2,48.84666665038444,0.7717041798161722,22.391999999999996,0.15882352940242214,4,4,ALE,0,0,-0.05315230893313705,0.4575071487942339,0,0,172.12099260077807,0,0.009982716629340827,35.438347809237904,MEDIUM
OLE-0734,2020-01-16,Cyber-Fraud,Retail Banking,10.14,4,0.95,0.77,1.0,3.6,16,,1,1,2020,3,2.53499999936625,1.23376623216394,2.9259999999999997,0.2249999999859375,0,4,OLE,1,0,-0.05291071695656413,1.3270813227846388,0,0,12.630059469433377,0,0.03388664905339965,10.860623378184844,LOW
ALE-0519,2016-09-30,Cyber-Fraud,Online Services,159.04,1,2.9,1.77,1.35,3.2,20,,9,3,2016,4,159.03999984095998,1.6384180781703852,5.133,0.159999999992,0,2,ALE,0,0,-0.046076281580322176,0.6210508137116525,0,0,173.00249076498514,0,0.1669680869783281,42.121187670768386,MEDIUM
ALE-1206,2017-11-07,Tech Failure,Retail Banking,49.34,3,0.88,2.97,2.14,2.8,28,,11,4,2017,1,16.446666661184445,0.2962962961965332,7.840800000000001,0.09999999999642857,4,4,ALE,0,0,-0.030289015753282578,0.8142083896036136,0,0,70.7611451720273,0,0.04642582761442866,23.92494484683726,LOW
ALE-0842,2018-02-17,Phishing,ATM Network,118.56,4,2.95,2.54,1.81,3.9,28,,2,1,2018,5,29.63999999259,1.1614173223773947,29.972,0.1392857142807398,2,0,ALE,0,0,-0.011632549698033401,0.09143100924308402,0,0,130.16131713909036,0,0.028693865544890743,35.54518539357684,MEDIUM
ALE-0578,2016-06-02,Data Breach,Retail Banking,207.81,5,2.54,2.42,2.41,3.5,25,,6,2,2016,3,41.5619999916876,1.0495867764257907,30.733999999999998,0.1399999999944,1,4,ALE,0,0,-0.05661361156943523,1.2591327767534535,0,0,179.4076500959783,0,0.0069657746113236,35.98300710912564,MEDIUM
ALE-0183,2014-08-23,Tech Failure,Payments,201.99,2,2.95,2.95,2.69,2.5,22,0.0,8,3,2014,5,100.9949999495025,0.9999999996610169,17.405,0.11363636363119835,4,3,ALE,0,0,-0.028302375174553696,1.1829868463679034,0,0,218.31897646302315,0,0.05313783620770547,47.999966281337024,MEDIUM
OLE-0119,2015-11-11,Tech Failure,Retail Banking,55.75,1,0.8,1.48,1.0,3.5,15,,11,4,2015,2,55.74999994424999,0.5405405401753105,1.184,0.23333333331777778,4,4,OLE,1,0,-0.04744806500126886,0.7303431982339614,0,0,65.79994849700644,0,0.008488972148058268,19.264889538379446,LOW
ALE-0556,2016-08-25,System Failure,ATM Network,231.5,3,3.0,1.59,1.19,2.8,26,0.0,8,3,2016,3,77.16666664094444,1.8867924516435266,14.31,0.10769230768816568,3,0,ALE,0,0,-0.040118022043098445,1.5690807305049452,0,0,198.0864233921298,0,0.09054984667012475,44.33140971055211,MEDIUM
OLE-0707,2018-12-27,Cyber-Fraud,Payments,76.93,5,0.59,0.78,1.0,3.1,23,0.0,12,4,2018,3,15.3859999969228,0.7564102554404997,2.3009999999999997,0.13478260868979206,0,3,OLE,1,0,-0.08665099796389125,0.4532348123978871,0,0,64.17976237216081,0,0.002604584957526134,12.995938957803366,LOW
ALE-1073,2016-08-13,Tech Failure,E-Banking,178.42,5,1.47,1.5,1.4,2.8,22,,8,3,2016,5,35.6839999928632,0.9799999993466666,11.024999999999999,0.12727272726694214,4,1,ALE,0,0,-0.08080341655256701,0.8746089117996184,0,0,151.67208705903548,0,0.005529688259336073,27.925362272963643,LOW
OLE-0746,2021-11-13,Data Breach,Retail Banking,103.85,3,0.47,1.2,1.0,3.5,15,,11,4,2021,5,34.61666665512777,0.39166666634027775,1.692,0.23333333331777778,1,4,OLE,1,0,-0.059563021670538174,0.10102717563173438,0,0,79.28405982232788,0,0.024028528896421167,20.166683599376473,LOW
OLE-0523,2021-12-19,Cyber-Fraud,Retail Banking,28.56,3,0.38,1.22,1.0,3.9,14,0.0,12,4,2021,6,9.519999996826666,0.31147540958075787,1.3908,0.2785714285515306,0,4,OLE,1,1,0.03197482148840758,1.0860833781623305,0,1,36.93464417233027,1,0.7077522098117265,50.89254303750852,HIGH
ALE-0486,2018-05-24,Data Breach,E-Banking,125.03,2,1.8,1.99,1.55,3.6,20,,5,2,2018,3,62.5149999687425,0.9045226126107927,7.164,0.179999999991,1,1,ALE,0,0,-0.10598259671314247,0.17608121020433992,0,0,171.26553993468383,0,0.022083281443978305,27.903207281262706,LOW
ALE-0187,2014-11-03,Cyber-Fraud,ATM Network,245.14,3,2.47,1.25,0.91,2.5,21,0.0,11,4,2014,0,81.71333330609555,1.9759999984192,9.2625,0.11904761904195012,0,0,ALE,0,0,-0.009433305421817195,1.7475395776628324,0,0,205.68294088896917,0,0.23100337537001175,55.00270597681097,HIGH
OLE-0514,2021-06-03,Cyber-Fraud,ATM Network,57.94,5,1.41,0.64,1.0,3.0,17,,6,2,2021,3,11.587999997682399,2.203124996557617,4.512,0.1764705882249135,0,0,OLE,1,0,-0.04307966030007093,0.7016903481404296,0,0,52.61290006083512,0,0.13809800277872344,22.34372916426457,LOW
OLE-0082,2024-07-20,System Failure,Payments,5.0,2,0.97,1.31,1.0,3.6,16,0.0,7,3,2024,5,2.49999999875,0.7404580147019404,2.5414,0.2249999999859375,3,3,OLE,1,0,-0.07417268963740248,1.3943304777986811,0,0,10.724022536297344,0,0.02715338639443018,7.172722010067735,LOW
ALE-0922,2017-08-27,Phishing,Payments,164.95,2,1.59,2.13,1.49,2.7,25,,8,3,2017,6,82.4749999587625,0.7464788728889771,6.7734,0.10799999999568001,2,3,ALE,0,0,-0.071036921193257,0.698374258484608,0,0,168.2515036662319,0,0.01231025549582891,32.25432296592937,MEDIUM
ALE-0528,2014-01-19,Tech Failure,Retail Banking,246.99,3,2.51,1.73,1.48,3.2,17,,1,1,2014,6,82.32999997255666,1.4508670511844697,13.0269,0.1882352941065744,4,4,ALE,0,0,-0.0320608062281591,1.7717440400706108,0,0,221.91134465756005,0,0.10004197791095834,49.65836854925924,MEDIUM
ALE-1218,2019-11-16,System Failure,E-Banking,157.27,5,1.37,2.93,2.82,3.1,28,,11,4,2019,5,31.4539999937092,0.46757679164929117,20.070500000000003,0.11071428571033164,3,1,ALE,0,0,-0.06785925562873951,0.5978930307593463,0,0,140.1687956198861,0,0.003908380557885243,27.949561989698136,LOW
OLE-0381,2020-07-08,Tech Failure,E-Banking,29.06,2,0.36,0.55,1.0,3.5,20,,7,3,2020,2,14.529999992734998,0.6545454533553718,0.396,0.17499999999125,4,1,OLE,1,0,-0.06560008211941293,1.0795416315656337,0,0,40.95786460185453,0,0.009794696613121481,12.658890107731855,LOW
ALE-0656,2014-02-12,System Failure,Retail Banking,238.49,4,2.63,2.78,3.41,3.0,23,,2,1,2014,2,59.62249998509438,0.9460431651273226,29.245599999999996,0.13043478260302457,3,4,ALE,0,0,-0.06812543812642824,1.6605343479267658,0,0,200.25238708817517,0,0.019456233562894408,38.04192598777729,MEDIUM
ALE-1055,2016-02-21,Data Breach,Payments,287.07,1,1.81,3.15,2.37,3.4,28,,2,1,2016,6,287.06999971293,0.5746031744207609,5.7015,0.12142857142423469,1,3,ALE,0,1,0.017300790021667067,2.2961304472618216,0,1,245.61825118287734,1,0.8482462632232933,86.93702769207883,CRITICAL
OLE-0085,2025-10-01,Tech Failure,Payments,56.93,4,1.19,0.7,1.0,3.9,22,,10,4,2025,2,14.232499996441875,1.6999999975714286,3.332,0.17727272726466942,4,3,OLE,1,0,-0.04999722372645232,0.714904676265757,0,0,58.40161800580813,0,0.033873568568993116,18.595357805619617,LOW
ALE-1041,2016-06-26,Cyber-Fraud,Payments,150.83,1,1.84,3.43,3.23,3.1,16,0.0,6,2,2016,6,150.82999984917,0.5364431485316492,6.3112,0.19374999998789064,0,3,ALE,0,0,-0.014796597259537747,0.5136353345938922,0,0,168.019962143621,1,0.4164095833248048,54.68790351706747,HIGH
OLE-0673,2025-02-15,Tech Failure,Retail Banking,54.53,1,0.86,0.57,1.0,3.7,17,0.0,2,1,2025,5,54.529999945469996,1.5087719271775932,0.49019999999999997,0.21764705881072666,4,4,OLE,1,0,-0.015759624284071072,0.7463050599299015,0,0,62.71893040140876,0,0.06515808066213738,25.448519070209464,LOW
OLE-0775,2016-08-25,System Failure,Payments,56.97,4,1.13,1.15,1.0,3.8,20,,8,3,2016,3,14.242499996439374,0.9826086947977315,5.1979999999999995,0.1899999999905,3,3,OLE,1,0,-0.09630178894846708,0.7143813365380214,0,0,61.187466697130525,0,0.0,10.998379954743086,LOW
OLE-0330,2024-03-09,System Failure,ATM Network,89.93,4,0.89,0.9,1.0,2.7,18,0.0,3,1,2024,5,22.482499994379378,0.9888888877901235,3.204,0.1499999999916667,3,0,OLE,1,0,-0.07708298745192532,0.28314940088377166,0,0,73.15122517207647,0,0.0004693906435892924,15.769450912015548,LOW
OLE-0007,2025-11-12,Data Breach,ATM Network,40.9,5,0.34,1.49,1.0,2.7,18,,11,4,2025,2,8.179999998364,0.228187919309941,2.5330000000000004,0.1499999999916667,1,0,OLE,1,0,-0.04777948247661712,0.9246330721558549,0,0,34.07384194514978,0,0.02651295193411084,14.784090983391849,LOW
ALE-0313,2015-08-07,System Failure,ATM Network,226.04,3,2.86,1.22,1.46,2.8,23,,8,3,2015,4,75.34666664155111,2.3442622931604404,10.4676,0.1217391304294896,3,0,ALE,0,0,-0.036658190646852606,1.4976448576690167,0,0,201.10912411990623,0,0.21558535684617658,49.702257382608664,MEDIUM
ALE-0980,2018-07-18,System Failure,Online Services,151.61,1,2.56,3.46,2.38,3.6,27,,7,3,2018,2,151.60999984839,0.7398843928497444,8.8576,0.13333333332839506,3,2,ALE,0,0,-0.05491832741962466,0.5238404592847391,0,0,189.15450212290196,0,0.2859493184053372,47.553753427234334,MEDIUM
ALE-1276,2017-12-31,Tech Failure,Retail Banking,280.82,2,1.24,2.45,2.01,3.4,29,,12,4,2017,6,140.409999929795,0.5061224487730112,6.0760000000000005,0.11724137930630202,4,4,ALE,0,0,-0.018651375963313233,2.2143586148031122,0,0,197.78044404299249,0,0.10332008306559855,47.9079357808482,MEDIUM
ALE-0140,2019-10-11,Phishing,Online Services,73.23,1,2.14,2.97,2.67,3.2,27,,10,4,2019,4,73.22999992676999,0.7205387202961149,6.355800000000001,0.11851851851412895,2,2,ALE,0,0,-0.09044173069313649,0.501643737213443,0,0,143.8047159715222,0,0.021795202466853007,25.81218327639362,LOW
OLE-0165,2017-02-16,Tech Failure,Retail Banking,37.59,4,0.68,1.39,1.0,3.4,22,0.0,2,1,2017,3,9.397499997650625,0.48920863274157655,3.7808,0.15454545453842974,4,4,OLE,1,0,-0.07690117431803234,0.9679394346259872,0,0,36.24141247055525,0,0.0013229088416440843,9.936506785525784,LOW
ALE-0616,2018-05-24,Phishing,ATM Network,252.68,2,1.49,2.08,2.56,3.6,15,0.0,5,2,2018,3,126.33999993683,0.7163461535017566,6.1984,0.239999999984,2,0,ALE,0,0,-0.033900502976086155,1.8461891163410198,0,0,190.85204451043253,0,0.19153084556918654,47.63192530205947,MEDIUM
OLE-0452,2021-08-09,System Failure,Retail Banking,16.47,1,1.45,0.65,1.0,3.2,20,0.0,8,3,2021,0,16.46999998353,2.230769227337278,0.9425,0.159999999992,3,4,OLE,1,0,-0.037596012612930774,1.2442628108704579,0,0,36.05585891611652,0,0.07635965952889989,18.35278253186804,LOW
OLE-0491,2016-12-11,Data Breach,E-Banking,56.73,3,1.27,1.11,1.0,2.9,22,0.0,12,4,2016,6,18.909999993696665,1.1441441431133834,4.229100000000001,0.13181818181219007,1,1,OLE,1,0,-0.07002399339905419,0.7175213749044358,0,0,64.08825964521363,0,0.0016965421156810146,15.411382805053986,LOW
ALE-0617,2016-11-29,Cyber-Fraud,Online Services,148.55,3,2.15,1.92,1.29,3.2,21,,11,4,2016,1,49.51666665016111,1.1197916660834417,12.383999999999999,0.15238095237369614,0,2,ALE,0,0,-0.09859946523192237,0.48380497011295504,0,0,160.23647690902305,0,0.007147348703511212,26.713691437897936,LOW
ALE-0824,2015-12-23,Phishing,Retail Banking,233.88,2,0.96,1.82,2.13,3.6,28,,12,4,2015,2,116.93999994152999,0.5274725271827073,3.4944,0.12857142856683673,2,4,ALE,0,0,-0.056187689429017085,1.6002194443052218,0,0,203.4615604779296,0,0.043542821536286434,41.16457388970595,MEDIUM
OLE-0288,2023-05-02,Tech Failure,Payments,48.88,5,0.5,0.5,1.0,3.6,19,,5,2,2023,1,9.775999998044801,0.9999999980000001,1.25,0.18947368420055402,4,3,OLE,1,0,-0.07288652442719085,0.8202267964725747,0,0,38.166969578496094,0,0.050144501547084025,12.546942509442669,LOW
ALE-1107,2015-06-20,Tech Failure,Retail Banking,193.43,3,1.58,1.75,1.83,3.9,29,,6,2,2015,5,64.47666664517445,0.9028571423412245,8.295,0.13448275861605233,4,4,ALE,0,0,-0.028134245053076712,1.070992144632455,0,0,176.2214447161858,0,0.03508335984122762,40.67540673490221,MEDIUM
OLE-0088,2015-09-18,System Failure,Payments,38.01,2,1.04,0.86,1.0,3.7,17,0.0,9,3,2015,4,19.0049999904975,1.2093023241752299,1.7888,0.21764705881072666,3,3,OLE,1,0,-0.08688284556182907,0.9624443674847619,0,0,63.10577911270313,0,0.0002844306887637282,12.709029137517053,LOW
ALE-0695,2015-10-06,System Failure,E-Banking,171.91,2,0.9,1.56,1.74,3.4,25,0.0,10,4,2015,1,85.9549999570225,0.5769230765532544,2.8080000000000003,0.13599999999456,3,1,ALE,0,0,-0.08460704819282672,0.7894353711106269,0,0,164.4052604470795,0,0.03983377399795541,30.59467780495442,MEDIUM
ALE-0131,2015-02-25,System Failure,E-Banking,200.56,3,1.89,2.17,2.0,2.8,23,,2,1,2015,2,66.85333331104889,0.8709677415341162,12.303899999999999,0.1217391304294896,3,1,ALE,0,0,-0.10835931336764609,1.1642774511013505,0,0,196.80740712929196,0,0.04515236847066591,32.43446613460626,MEDIUM
ALE-0697,2019-01-14,Tech Failure,ATM Network,75.93,4,2.65,2.19,2.03,2.5,18,0.0,1,1,2019,0,18.982499995254376,1.2100456615479243,23.214,0.13888888888117285,4,0,ALE,0,0,-0.016242773502433527,0.46631830559128057,0,0,83.65490651495631,0,0.09474256603406561,29.75321534266132,LOW
ALE-0049,2016-02-15,Tech Failure,E-Banking,100.5,1,2.27,1.2,0.88,2.6,29,,2,1,2016,0,100.4999998995,1.8916666650902778,2.7239999999999998,0.08965517241070155,4,1,ALE,0,1,0.02897449830598342,0.14485687782960252,0,1,159.49489376615855,1,0.8223702003665125,74.01700443270707,CRITICAL
ALE-0657,2019-10-17,Phishing,ATM Network,171.48,2,1.72,1.6,1.82,3.4,22,0.0,10,4,2019,3,85.73999995713,1.074999999328125,5.5040000000000004,0.15454545453842974,2,0,ALE,0,0,-0.09287962544838085,0.7838094690374676,0,0,169.7929569397313,0,0.055920055071469375,30.792564100046583,MEDIUM
ALE-1069,2019-09-11,Data Breach,Online Services,10.0,3,1.25,3.31,2.36,2.8,24,0.0,9,3,2019,2,3.3333333322222223,0.37764350441763034,12.4125,0.11666666666180554,1,2,ALE,0,0,-0.07444795888398753,1.3289130118317138,0,0,31.9271474292559,0,0.0009455466441536514,9.598095221061035,LOW
ALE-0589,2018-07-30,Phishing,Online Services,212.24,1,2.44,3.12,2.98,2.6,22,0.0,7,3,2018,0,212.23999978775998,0.7820512818006246,7.6128,0.11818181817644628,2,2,ALE,0,0,-0.02554214263696486,1.3170926516001866,0,0,211.08337642549316,0,0.30653856496792037,56.12308501058641,HIGH
ALE-0595,2017-05-05,Phishing,Online Services,254.41,1,2.25,3.12,2.62,2.5,19,,5,2,2017,4,254.40999974558997,0.721153845922707,7.0200000000000005,0.13157894736149583,2,2,ALE,0,0,-0.015985780972399,1.86882355956559,0,0,231.70398921244026,1,0.4234356522138205,64.91986894270813,HIGH
ALE-0306,2019-09-29,Phishing,E-Banking,224.34,4,1.35,2.43,1.89,3.5,24,,9,3,2019,6,56.08499998597875,0.5555555553269319,13.122000000000002,0.14583333332725695,2,1,ALE,0,0,-0.09078216381198212,1.4754029192402478,0,0,197.51324172108122,0,0.0031747044586139476,33.680385488361814,MEDIUM
ALE-0378,2018-07-30,System Failure,ATM Network,382.01,4,2.82,3.34,3.38,3.1,18,,7,3,2018,0,95.50249997612437,0.8443113769927211,37.6752,0.17222222221265432,3,0,ALE,0,1,0.005324887961489666,3.5382772910426,1,1,260.44612297228485,1,0.7487571767801333,84.04783317911817,CRITICAL
ALE-0412,2018-11-03,Cyber-Fraud,Retail Banking,94.4,1,1.08,2.93,2.59,2.7,28,,11,4,2018,5,94.3999999056,0.3686006824680544,3.1644000000000005,0.09642857142512756,0,4,ALE,0,0,-0.016989451476033257,0.22466618630930277,0,0,139.35864188716462,0,0.05634806655436828,37.187555758973105,MEDIUM
ALE-1011,2019-05-26,Data Breach,E-Banking,234.6,3,2.07,2.57,2.52,3.0,23,,5,2,2019,6,78.19999997393333,0.8054474705037169,15.959699999999996,0.13043478260302457,1,1,ALE,0,0,-0.08638416837469798,1.609639559404465,0,0,213.135373755098,0,0.03212007364330223,37.83748885662236,MEDIUM
OLE-0328,2021-09-08,Cyber-Fraud,Retail Banking,27.54,2,1.1,1.34,1.0,2.8,17,,9,3,2021,2,13.769999993114999,0.8208955217754511,2.9480000000000004,0.1647058823432526,0,4,OLE,1,0,-0.08575824044268482,1.0994285412195917,0,0,41.880893372051645,0,0.002108053376657204,9.55249024436442,LOW
ALE-0785,2016-02-09,Phishing,Payments,196.16,1,2.77,3.19,2.24,2.9,22,,2,1,2016,1,196.15999980383998,0.8683385577215239,8.8363,0.13181818181219007,2,3,ALE,0,0,-0.0486730189500022,1.1067100810504191,0,0,199.08918700021033,0,0.33327806488067857,51.72023994286494,HIGH
OLE-0443,2025-04-22,Cyber-Fraud,ATM Network,51.22,3,1.13,0.75,1.0,3.0,23,0.0,4,2,2025,1,17.07333332764222,1.5066666646577778,2.5424999999999995,0.13043478260302457,0,0,OLE,1,0,-0.06833963800933107,0.7896114224000339,0,0,54.812565473742104,0,0.008594212352655247,14.422058105253177,LOW
OLE-0835,2014-05-07,Cyber-Fraud,ATM Network,39.58,5,1.34,1.14,1.0,2.7,16,,5,2,2014,2,7.915999998416799,1.1754385954601416,7.638,0.16874999998945314,0,0,OLE,1,0,-0.056758478251299094,0.9419032831711343,0,0,36.51865283053113,0,0.01514212822608247,13.446785625026935,LOW
ALE-0479,2014-11-21,System Failure,E-Banking,117.58,4,2.77,3.24,2.75,3.5,22,,11,4,2014,4,29.39499999265125,0.8549382713410684,35.8992,0.15909090908367768,3,1,ALE,0,0,-0.04572882692496261,0.07860918591355834,0,0,138.6804459055121,0,0.18827585109729603,37.44160013897813,MEDIUM
ALE-0554,2016-01-22,System Failure,E-Banking,239.29,2,2.79,1.66,2.03,2.5,24,0.0,1,1,2016,4,119.64499994017748,1.6807228905537814,9.2628,0.1041666666623264,3,1,ALE,0,0,-0.04103323523151303,1.6710011424814804,0,0,226.65556473508633,0,0.14485668176235175,50.65544803995638,HIGH
OLE-0833,2020-04-09,System Failure,ATM Network,86.76,2,1.5,0.79,1.0,2.9,16,,4,2,2020,3,43.37999997831,1.8987341748117288,2.37,0.18124999998867186,3,0,OLE,1,0,-0.0541729162269462,0.32462407430682905,0,0,83.48977813091415,0,0.013816776430716458,21.278452531824158,LOW
ALE-0369,2016-05-15,System Failure,E-Banking,90.68,2,0.94,1.33,1.43,3.9,18,,5,2,2016,6,45.33999997733,0.7067669167618292,2.5004,0.21666666665462964,3,1,ALE,0,0,-0.04901960698530716,0.27333678098872655,0,0,128.37656137466394,0,0.015468900418003202,29.26191611115228,LOW
OLE-0349,2014-08-23,Cyber-Fraud,ATM Network,49.08,2,1.38,1.1,1.0,3.4,20,,8,3,2014,5,24.53999998773,1.2545454534049585,3.036,0.1699999999915,0,0,OLE,1,0,-0.0798529037951512,0.817610097833896,0,0,59.4644592188276,0,0.0017043936981307115,13.21854548016598,LOW
ALE-0223,2015-06-14,Phishing,ATM Network,143.95,5,1.16,2.33,1.72,3.5,21,,6,2,2015,6,28.789999994242,0.49785407703954754,13.514,0.16666666665873014,2,0,ALE,0,0,-0.07732904679223201,0.4236209014233447,0,0,136.02306394881236,0,0.0079989710157111,26.029078339460415,LOW
OLE-0178,2023-11-10,Cyber-Fraud,ATM Network,100.86,1,0.66,0.74,1.0,3.0,16,,11,4,2023,4,100.85999989913999,0.8918918906866327,0.4884,0.18749999998828126,0,0,OLE,1,0,-0.031109262166759577,0.14014682027998088,0,0,84.25788702002396,0,0.1961750122729323,31.198408048119003,MEDIUM
ALE-0917,2014-09-22,Data Breach,E-Banking,128.96,5,1.98,3.07,3.23,3.7,21,0.0,9,3,2014,0,25.7919999948416,0.6449511398550648,30.393,0.17619047618208616,1,1,ALE,0,0,-0.04106729545470578,0.22749933845437642,0,0,115.27021083162508,0,0.047202817731002,29.458644010330616,LOW
ALE-0087,2018-01-18,Phishing,E-Banking,110.36,1,0.93,2.56,1.72,2.8,20,0.0,1,1,2018,3,110.35999988964,0.36328124985809324,2.3808000000000002,0.139999999993,2,1,ALE,0,0,-0.08417864813092213,0.01585363494274267,0,0,131.1646445534821,0,0.08851996246626102,27.05788479430387,LOW
ALE-0048,2014-04-13,Data Breach,E-Banking,190.52,3,1.38,3.28,3.2,3.3,18,,4,2,2014,6,63.50666664549778,0.4207317071888013,13.579199999999998,0.18333333332314813,1,1,ALE,0,0,-0.05293665543703885,1.03291917943968,0,0,195.5314157053754,0,0.07212909616098447,41.38102651960656,MEDIUM
OLE-0087,2023-10-23,Tech Failure,Payments,101.81,3,0.47,1.16,1.0,2.5,20,0.0,10,4,2023,0,33.93666665535444,0.4051724134438169,1.6355999999999997,0.12499999999375,4,3,OLE,1,0,-0.03206926543207611,0.127717501746257,0,0,75.79246224980194,0,0.08175733410653667,25.70081280881159,LOW
ALE-0744,2018-11-21,System Failure,Online Services,225.76,5,0.84,3.09,2.18,3.8,28,0.0,11,4,2018,2,45.1519999909696,0.2718446601061991,12.978,0.13571428570943878,3,2,ALE,0,0,-0.057049215055799185,1.4939814795748665,0,0,193.1711780408232,0,0.06671419797023552,40.205965974973026,MEDIUM
ALE-1240,2015-11-11,Cyber-Fraud,E-Banking,51.65,5,2.43,2.9,2.64,2.7,26,0.0,11,4,2015,2,10.329999997934,0.837931034193817,35.235,0.10384615384215977,0,1,ALE,0,0,-0.015435412068969478,0.7839855203268747,0,0,57.27117021114106,0,0.1183282900215779,26.488175176464036,LOW
ALE-0994,2014-07-18,Data Breach,Online Services,46.27,5,1.44,2.68,2.88,3.0,25,0.0,7,3,2014,4,9.253999998149201,0.5373134326353307,19.296,0.1199999999952,1,2,ALE,0,0,-0.08978254201195557,0.8543747137073318,0,0,50.00810531984278,0,0.002738588195060479,10.275580660656772,LOW
OLE-0458,2025-09-13,Data Breach,Payments,37.87,2,1.49,0.83,1.0,3.1,21,,9,3,2025,5,18.934999990532496,1.795180720728698,2.4734,0.14761904761201813,1,3,OLE,1,0,-0.07968529134976926,0.9642760565318372,0,0,60.410252230231634,0,0.000547278951611991,13.353784653643174,LOW
OLE-0778,2025-08-14,System Failure,Payments,75.67,4,1.33,1.18,1.0,3.8,15,0.0,8,3,2025,3,18.917499995270624,1.1271186431126115,6.2776,0.2533333333164444,3,3,OLE,1,0,-0.05315512324566951,0.469720013821563,0,0,72.92447509689923,0,0.24174283403378183,27.72064465151251,LOW
ALE-0466,2015-07-08,Tech Failure,ATM Network,239.04,3,2.25,3.23,2.68,3.0,19,,7,3,2015,2,79.67999997343999,0.6965944270289182,21.8025,0.157894736833795,4,0,ALE,0,0,-0.0554989957670623,1.6677302691831322,0,0,219.16124811589373,0,0.12125984186401775,46.491854263456055,MEDIUM
OLE-0643,2016-06-26,Cyber-Fraud,ATM Network,67.74,1,0.83,0.54,1.0,3.2,14,0.0,6,2,2016,6,67.73999993225999,1.537037034190672,0.4482,0.22857142855510204,0,0,OLE,1,1,0.01461216472476412,0.5734721148451735,0,1,68.48730194632635,1,0.6834116124280041,52.50476364034411,HIGH
ALE-1198,2017-08-27,Cyber-Fraud,Retail Banking,132.02,3,1.08,3.14,2.37,2.8,28,,8,3,2017,6,44.00666665199778,0.34394904447644936,10.1736,0.09999999999642857,0,4,ALE,0,0,-0.024370505010034793,0.26753482762616054,0,0,162.2337779456171,0,0.027550920762392513,38.73701160629024,MEDIUM
OLE-0055,2015-04-20,System Failure,Payments,5.12,3,0.5,0.57,1.0,3.7,16,,4,2,2015,0,1.7066666660977778,0.8771929809172054,0.855,0.23124999998554688,3,3,OLE,1,0,-0.04275221436913135,1.392760458615474,0,0,10.188610678396634,0,0.0573148797350186,12.795114538931527,LOW
ALE-0889,2017-10-14,Phishing,E-Banking,204.51,5,2.22,1.25,0.96,2.6,21,,10,4,2017,5,40.9019999918196,1.7759999985792,13.875000000000002,0.12380952380362813,2,1,ALE,0,0,-0.0544695193925121,1.2159572492152546,0,0,186.11341023531259,0,0.0073949918141307126,37.38553321514585,MEDIUM
ALE-0800,2019-02-25,Cyber-Fraud,E-Banking,162.7,5,1.07,1.46,1.72,3.6,29,,2,1,2019,0,32.539999993491996,0.7328767118267968,7.811000000000001,0.12413793103020214,0,1,ALE,0,0,-0.04899735961321372,0.6689363987994726,0,0,123.1078473515477,0,0.04622466281830643,29.50092765524923,LOW
OLE-0644,2015-03-21,Tech Failure,ATM Network,70.41,2,0.93,0.53,1.0,3.5,18,0.0,3,1,2015,5,35.204999982397496,1.7547169778212888,0.9858000000000001,0.19444444443364198,4,0,OLE,1,0,-0.024780025149474638,0.5385391880188128,0,0,67.760101312194,0,0.02194809886160834,23.405016506822843,LOW
ALE-0148,2018-04-24,Cyber-Fraud,ATM Network,161.54,5,1.57,2.14,2.63,2.9,20,,4,2,2018,1,32.307999993538395,0.7336448594702594,16.799000000000003,0.14499999999274998,0,0,ALE,0,0,-0.08156814592683942,0.6537595466951363,0,0,139.97946757374257,0,0.07038398313297545,28.21623193287793,LOW
OLE-0678,2021-04-04,Data Breach,E-Banking,12.84,4,0.31,0.97,1.0,3.5,23,,4,2,2021,6,3.2099999991975,0.31958762853650763,1.2027999999999999,0.152173913036862,1,1,OLE,1,0,-0.044990309994731637,1.2917558911624762,0,0,16.675578523746033,0,0.006561758157304887,11.722510653762146,LOW
OLE-0222,2020-02-27,System Failure,Retail Banking,17.04,1,0.56,0.96,1.0,3.9,20,,2,1,2020,3,17.039999982959998,0.5833333327256945,0.5376000000000001,0.19499999999025,3,4,OLE,1,0,-0.06317817313266,1.2368052197502235,0,0,37.41275326376253,0,0.005401709401709402,12.298031023952952,LOW
OLE-0114,2014-05-01,Cyber-Fraud,E-Banking,110.57,4,0.84,0.9,1.0,2.6,18,,5,2,2014,3,27.642499993089373,0.9333333322962962,3.024,0.14444444443641977,0,1,OLE,1,0,-0.08230985672678642,0.013106101372130117,0,0,81.23103058249428,0,0.0021936433861932387,16.345202239660118,LOW
ALE-0920,2014-05-07,Tech Failure,ATM Network,308.7,4,1.12,1.27,0.87,3.3,21,,5,2,2014,2,77.17499998070625,0.8818897630851262,5.6896,0.15714285713537415,4,0,ALE,0,0,-0.07782161813443805,2.579126405034923,1,1,213.10211856573628,1,0.490862468091015,55.155953886512656,HIGH
ALE-0532,2019-03-15,Data Breach,Online Services,84.2,5,1.75,1.67,1.76,2.5,29,0.0,3,1,2019,4,16.839999996632,1.047904190989279,14.612499999999999,0.08620689654875148,1,2,ALE,0,0,-0.024325732159439117,0.3581178168819164,0,0,71.10671014426445,0,0.2530292493933063,32.09414209813253,MEDIUM
ALE-0815,2019-04-26,Data Breach,E-Banking,121.59,1,1.44,3.17,2.11,3.0,20,,4,2,2019,4,121.58999987841,0.45425867493556504,4.5648,0.1499999999925,1,1,ALE,0,0,-0.07780561190491536,0.13107399361906633,0,0,162.4134626704507,0,0.062228678167023856,32.06770006897851,MEDIUM
OLE-0175,2018-03-13,Cyber-Fraud,ATM Network,5.0,3,0.54,1.26,1.0,3.1,24,0.0,3,1,2018,1,1.6666666661111111,0.4285714282312925,2.0412000000000003,0.12916666666128473,0,0,OLE,1,0,-0.053412012818454424,1.3943304777986811,0,0,12.393165782411442,0,0.007067921919357978,9.809943721416428,LOW
ALE-0852,2018-01-12,Cyber-Fraud,E-Banking,110.05,4,2.33,2.12,2.27,3.0,27,,1,1,2018,4,27.512499993121875,1.0990566032551619,19.7584,0.11111111110699588,0,1,ALE,0,0,-0.074976277447382,0.019909517832694682,0,0,112.93902451294952,0,0.030650744552103055,23.486702030327457,LOW
OLE-0590,2022-05-12,System Failure,ATM Network,43.27,5,1.47,0.69,1.0,3.2,23,,5,2,2022,3,8.653999998269201,2.130434779521109,5.0714999999999995,0.13913043477655956,3,0,OLE,1,0,-0.04074531470141196,0.8936251932875122,0,0,38.84371264746235,0,0.044303140174028,17.209373275887614,LOW
ALE-0116,2016-10-06,System Failure,Retail Banking,125.22,1,1.08,2.23,1.63,3.8,20,0.0,10,4,2016,3,125.21999987477999,0.4843049325182489,2.4084000000000003,0.1899999999905,3,4,ALE,0,0,-0.0556421674368226,0.17856707391108464,0,0,151.4782468195203,0,0.05112402654590659,33.21565615114532,MEDIUM
ALE-0931,2018-02-11,System Failure,ATM Network,200.91,4,2.03,2.86,2.68,3.0,29,,2,1,2018,6,50.227499987443124,0.7097902095420313,23.2232,0.10344827585850179,3,0,ALE,0,0,-0.031720766987115234,1.1688566737190382,0,0,186.3445111007452,0,0.03233526494777532,41.66354416310381,MEDIUM
OLE-0019,2014-07-06,System Failure,Payments,53.61,1,0.69,1.13,1.0,3.4,18,,7,3,2014,6,53.60999994639,0.6106194684861774,0.7796999999999998,0.18888888887839506,3,3,OLE,1,0,-0.059195001286071136,0.7583418736678235,0,0,66.9094619242564,0,0.0030189853719265482,17.51121204225625,LOW
OLE-0424,2022-06-29,Data Breach,E-Banking,5.0,2,1.31,0.98,1.0,3.7,16,,6,2,2022,2,2.49999999875,1.3367346925135362,2.5676,0.23124999998554688,1,1,OLE,1,0,-0.06585739939632745,1.3943304777986811,0,0,10.799078834057397,0,0.029966021818351934,8.514319054949015,LOW
ALE-0666,2017-03-06,Data Breach,ATM Network,200.51,1,2.37,1.87,1.82,3.2,15,,3,1,2017,0,200.50999979948998,1.2673796784666418,4.431900000000001,0.2133333333191111,1,0,ALE,0,1,0.0038354592085578787,1.1636232764416807,0,1,191.43008174759262,1,0.3848763708460083,60.078516405691175,HIGH
OLE-0286,2014-10-16,Data Breach,Retail Banking,5.0,1,1.33,1.18,1.0,3.8,20,,10,4,2014,3,4.999999995,1.1271186431126115,1.5694,0.1899999999905,1,4,OLE,1,0,-0.08440429257481585,1.3943304777986811,0,0,12.435166780524348,0,0.00022840827980014276,4.988485860113112,LOW
ALE-0936,2016-04-09,Tech Failure,ATM Network,136.78,2,2.7,2.23,2.11,4.0,28,,4,2,2016,5,68.389999965805,1.2107623312956224,12.042,0.14285714285204082,4,0,ALE,0,0,-0.010231668782045067,0.3298122552267135,0,0,166.10613087242749,0,0.04940873472398907,42.2133739474022,MEDIUM
OLE-0429,2016-02-15,Cyber-Fraud,Payments,23.57,4,0.69,0.63,1.0,3.2,19,0.0,2,1,2016,0,5.892499998526875,1.095238093499622,1.7388,0.1684210526227147,0,3,OLE,1,0,-0.07285065996053364,1.151370009197364,0,0,23.912298427256857,0,0.0030869614912945307,8.630606197123623,LOW
ALE-0856,2016-04-03,Data Breach,E-Banking,121.53,3,2.85,1.54,1.2,3.9,29,0.0,4,2,2016,6,40.509999986496666,1.8506493494476302,13.167000000000002,0.13448275861605233,1,1,ALE,0,0,-0.01569156622815371,0.1302889840274627,0,0,152.0435271414355,0,0.03384991697921706,38.61642814862714,MEDIUM
ALE-0951,2019-08-12,System Failure,Retail Banking,216.55,2,2.58,3.26,4.03,3.9,29,,8,3,2019,0,108.2749999458625,0.7914110427020212,16.8216,0.13448275861605233,3,4,ALE,0,0,-0.014093812227995994,1.3734825072637127,0,0,207.6796544508424,0,0.28525746852203604,56.53017320570165,HIGH
OLE-0670,2022-02-23,Data Breach,Retail Banking,41.53,5,0.79,1.48,1.0,2.9,20,0.0,2,1,2022,2,8.3059999983388,0.533783783423119,5.846,0.14499999999274998,1,4,OLE,1,0,-0.0844261826534945,0.9163904714440169,0,0,36.25096128450809,0,0.007259586500773908,9.031646894550047,LOW
OLE-0032,2024-01-03,System Failure,E-Banking,62.66,2,0.61,0.8,1.0,3.6,17,,1,1,2024,2,31.329999984334997,0.7624999990468749,0.976,0.2117647058698962,3,1,OLE,1,0,-0.08460287461628169,0.6399362602676124,0,0,62.838861313482184,0,0.00017247073501889837,13.000095109163059,LOW
ALE-0260,2019-10-29,Cyber-Fraud,ATM Network,95.71,5,1.06,1.63,1.85,3.0,15,,10,4,2019,1,19.1419999961716,0.6503067480672965,8.639000000000001,0.19999999998666668,0,0,ALE,0,0,-0.05737250306914854,0.20752681022595743,0,0,91.08815612177911,0,0.01922216093841913,22.20638496887458,LOW
OLE-0723,2019-04-20,Data Breach,E-Banking,57.84,4,0.65,0.95,1.0,2.7,20,0.0,4,2,2019,5,14.459999996385001,0.6842105255955679,2.4699999999999998,0.13499999999325002,1,1,OLE,1,0,-0.08454346246886818,0.702998697459769,0,0,58.35967563146628,0,0.0004693906435892924,12.304535706165609,LOW
ALE-1255,2015-01-26,Data Breach,Online Services,138.8,3,1.95,2.07,2.49,3.0,24,,1,1,2015,0,46.26666665124445,0.9420289850521599,12.109499999999999,0.12499999999479167,1,2,ALE,0,0,-0.10249523558817569,0.35624091147736847,0,0,151.61058194700777,0,0.003949758669945504,24.648517522129282,LOW
ALE-0436,2018-05-06,Phishing,Online Services,223.34,2,0.85,2.0,1.53,3.7,20,,5,2,2018,6,111.669999944165,0.42499999978749997,3.4,0.18499999999075,2,2,ALE,0,0,-0.06601280713036806,1.4623194260468544,0,0,192.9849631169143,0,0.06801262872989618,38.89452972358138,MEDIUM
OLE-0215,2025-12-31,Data Breach,Retail Banking,77.1,4,1.07,1.31,1.0,3.9,19,,12,4,2025,2,19.274999995181247,0.8167938925062642,5.606800000000001,0.2052631578839335,1,4,OLE,1,0,-0.07695902444469133,0.45101061855501035,0,0,74.55129964608369,0,0.006100217864923747,16.208295395303683,LOW
ALE-0221,2015-01-14,System Failure,E-Banking,243.8,5,1.06,2.03,1.37,3.9,17,,1,1,2015,2,48.759999990248005,0.5221674874275037,10.759,0.22941176469238753,3,1,ALE,0,0,-0.06892027956576607,1.7300076967836855,0,0,189.39070750422522,0,0.054617725599882865,37.421683034470874,MEDIUM
ALE-0897,2018-06-12,Tech Failure,ATM Network,284.26,1,2.74,1.62,1.17,2.7,28,0.0,6,2,2018,1,284.25999971574,1.6913580236473098,4.4388000000000005,0.09642857142512756,4,0,ALE,0,1,0.04874977834961558,2.259365831388386,0,1,240.39718370548235,1,0.8745396856462765,91.68056453939019,CRITICAL
ALE-1032,2019-03-21,Phishing,E-Banking,259.82,1,2.83,3.32,3.31,3.6,22,,3,1,2019,3,259.81999974018,0.852409638297467,9.3956,0.1636363636289256,2,1,ALE,0,0,-0.01885862754594092,1.939605257741849,0,0,247.75276100620812,1,0.716181415193912,77.30153047581003,CRITICAL
OLE-0327,2024-05-20,Tech Failure,ATM Network,52.85,1,1.06,1.1,1.0,2.8,19,,5,2,2024,0,52.849999947149996,0.9636363627603305,1.1660000000000001,0.14736842104487533,4,0,OLE,1,0,-0.04982401737777853,0.7682853284948025,0,0,65.14552224994087,0,0.022565841751261147,19.301364388299348,LOW
OLE-0561,2014-06-06,Cyber-Fraud,Retail Banking,49.62,2,1.33,0.92,1.0,3.0,19,0.0,6,2,2014,4,24.809999987595,1.4456521723416824,2.4472,0.157894736833795,0,4,OLE,1,0,-0.08689807072900202,0.8105450115094636,0,0,67.76094322439806,0,0.0011898492327364891,13.481293855780521,LOW
ALE-0407,2016-12-05,Cyber-Fraud,E-Banking,20.81,2,1.38,2.34,2.14,3.7,22,,12,4,2016,0,10.4049999947975,0.5897435894915626,6.458399999999999,0.16818181817417355,0,1,ALE,0,0,-0.06905672485263087,1.18748045041113,0,0,37.04247977872282,0,0.014995672001483738,11.70434502856506,LOW
OLE-0701,2024-02-02,Data Breach,Payments,5.0,2,0.94,1.13,1.0,3.3,20,,2,1,2024,4,2.49999999875,0.8318584063434881,2.1243999999999996,0.16499999999175,1,3,OLE,1,0,-0.10173045710230344,1.3943304777986811,0,0,14.258100803603147,0,0.001389355742296919,2.754660972140351,LOW
ALE-0618,2018-11-09,Data Breach,E-Banking,157.62,2,2.31,1.94,1.64,2.7,22,,11,4,2018,4,78.809999960595,1.1907216488707622,8.9628,0.12272727272169422,1,1,ALE,0,0,-0.09151350388399365,0.6024722533770339,0,0,178.27112602456316,0,0.025910881067287065,31.297383799521526,MEDIUM
ALE-0487,2018-02-05,Data Breach,E-Banking,114.38,3,2.15,3.37,4.04,2.5,26,,2,1,2018,0,38.12666665395778,0.637982195656385,21.7365,0.09615384615014792,1,1,ALE,0,0,-0.022954633623910037,0.036742007694699125,0,0,142.08712783234688,0,0.07237566582554772,37.300692615220754,MEDIUM
OLE-0342,2019-03-03,Data Breach,E-Banking,80.24,2,1.29,0.56,1.0,3.1,22,,3,1,2019,6,40.11999997994,2.303571424457908,1.4448,0.14090909090268594,1,1,OLE,1,0,-0.019198404764019128,0.4099284499277548,0,0,70.88913854109181,0,0.0491266807966624,25.68199610689171,LOW
OLE-0630,2015-04-08,System Failure,ATM Network,5.0,2,0.38,1.1,1.0,3.6,15,,4,2,2015,2,2.49999999875,0.34545454514049584,0.8360000000000001,0.239999999984,3,0,OLE,1,0,-0.03272629662645499,1.3943304777986811,0,0,11.359880191554092,0,0.09144200918480377,15.66092157208338,LOW
OLE-0148,2023-04-20,Tech Failure,Retail Banking,90.21,1,1.28,1.03,1.0,3.8,20,0.0,4,2,2023,3,90.20999990978999,1.242718445395419,1.3184,0.1899999999905,4,4,OLE,1,0,-0.04111588277853462,0.27948602278962165,0,0,84.8492754415361,0,0.028400686340569827,23.939075452707613,LOW
ALE-0495,2019-02-01,Phishing,Retail Banking,324.15,1,1.27,1.35,1.15,2.6,23,0.0,2,1,2019,4,324.1499996758499,0.9407407400438956,1.7145000000000001,0.11304347825595464,2,4,ALE,0,1,0.011149980748497379,2.7812663748728523,1,1,235.22073323369287,1,0.7426650257297376,80.67184097456457,CRITICAL
OLE-0361,2016-03-04,Cyber-Fraud,E-Banking,76.43,2,0.77,1.25,1.0,2.7,14,0.0,3,1,2016,4,38.2149999808925,0.6159999995072,1.925,0.19285714284336736,0,1,OLE,1,0,-0.056022700088332655,0.4597765589945838,0,0,70.09566335225398,0,0.016673155159714903,18.967230497399314,LOW
OLE-0084,2016-06-20,Data Breach,Retail Banking,31.37,3,1.13,0.88,1.0,3.3,17,,6,2,2016,0,10.456666663181112,1.2840909076317149,2.9831999999999996,0.19411764704740483,1,4,OLE,1,0,-0.0765094098165463,1.0493187622888946,0,0,33.88088535014264,0,0.0017562921606252002,9.633008866889698,LOW
ALE-0725,2014-02-12,Cyber-Fraud,Payments,21.29,2,1.6,3.22,3.89,4.0,24,,2,1,2014,2,10.6449999946775,0.49689440978357313,10.304000000000002,0.1666666666597222,0,3,ALE,0,0,-0.027074776311471593,1.1812003736783012,0,0,38.51724440784326,0,0.08660207581101477,20.661827567125215,LOW
OLE-0049,2023-05-26,Tech Failure,ATM Network,29.96,1,0.69,0.52,1.0,2.7,16,,5,2,2023,4,29.95999997004,1.3269230743713016,0.3588,0.16874999998945314,4,0,OLE,1,0,-0.034117554517200555,1.0677664876915798,0,0,53.463980728245396,0,0.06781317266617258,21.346514687272634,LOW
OLE-0469,2014-06-18,Cyber-Fraud,ATM Network,56.01,1,0.97,1.46,1.0,2.6,20,,6,2,2014,2,56.009999943989996,0.6643835611887784,1.4162,0.1299999999935,0,0,OLE,1,0,-0.05969926464953129,0.7269414900036791,0,0,61.914716834649276,0,0.008916152470148105,16.845934055705104,LOW
ALE-0024,2015-08-25,Phishing,Retail Banking,179.33,3,1.42,1.29,0.86,3.2,26,0.0,8,3,2015,1,59.77666664674111,1.1007751929451353,5.4954,0.12307692307218936,2,4,ALE,0,0,-0.08020694862672778,0.8865148906056068,0,0,164.96917478496897,0,0.009320115411242308,30.268171419114648,MEDIUM
OLE-0156,2014-10-22,System Failure,ATM Network,27.66,5,0.78,1.41,1.0,3.7,22,,10,4,2014,2,5.5319999988936,0.5531914889693678,5.4990000000000006,0.16818181817417355,3,0,OLE,1,0,-0.0658683346025149,1.0978585220363848,0,0,27.071756750961466,0,0.0005328310953792587,10.079186284903574,LOW
ALE-0133,2016-05-15,Tech Failure,Retail Banking,63.68,2,1.56,2.02,2.51,3.8,25,,5,2,2016,6,31.83999998408,0.7722772273404568,6.3024000000000004,0.15199999999392,4,4,ALE,0,0,-0.05204003136009083,0.626591097210351,0,0,95.37592932341683,0,0.01284911598583301,23.457068885696454,LOW
ALE-0319,2016-12-29,Phishing,ATM Network,70.9,4,1.29,1.33,0.98,2.7,18,,12,4,2016,3,17.72499999556875,0.9699248113008083,6.862800000000001,0.1499999999916667,2,0,ALE,0,0,-0.08058483357446566,0.5321282763540499,0,0,74.60271195072374,0,0.014602691727983024,15.977241565739241,LOW
ALE-0499,2015-12-23,Cyber-Fraud,Retail Banking,159.63,4,1.54,1.21,0.82,3.4,26,,12,4,2015,2,39.907499990023126,1.272727271675432,7.4536,0.1307692307642012,0,4,ALE,0,0,-0.06589701747872129,0.6287700746957547,0,0,148.8294116575604,0,0.006935957725891741,29.728043405955663,LOW
ALE-0734,2014-08-11,System Failure,E-Banking,115.84,4,2.13,2.62,2.24,3.6,18,,8,3,2014,0,28.95999999276,0.8129770989263445,22.3224,0.1999999999888889,3,1,ALE,0,0,-0.05858660583120967,0.05584390775705373,0,0,124.37207919009776,0,0.008709482910891742,26.969828750421154,LOW
ALE-0502,2015-01-14,System Failure,E-Banking,113.03,2,0.84,2.51,2.43,2.5,29,,1,1,2015,2,56.5149999717425,0.3346613544483421,4.216799999999999,0.08620689654875148,3,1,ALE,0,0,-0.0327830579210846,0.019079291883617983,0,0,134.06537633194614,0,0.1874337202809367,38.59246980730859,MEDIUM
ALE-1051,2014-04-01,Phishing,Payments,191.44,3,1.59,3.1,2.78,3.3,21,0.0,4,2,2014,1,63.81333331206222,0.512903225640999,14.787000000000003,0.15714285713537415,2,3,ALE,0,0,-0.09004945688299004,1.0449559931776018,0,0,201.18727676112908,0,0.11164744029401383,38.17168681047195,MEDIUM
OLE-0856,2019-12-28,Tech Failure,ATM Network,47.41,1,0.58,0.7,1.0,2.6,16,,12,4,2019,5,47.40999995258999,0.8285714273877551,0.40599999999999997,0.16249999998984377,4,0,OLE,1,0,-0.022708680056765296,0.8394595314668631,0,0,56.82303400149261,0,0.04794958252889823,22.87651669799727,LOW
OLE-0501,2017-11-25,System Failure,Retail Banking,20.43,2,1.46,0.93,1.0,3.4,20,,11,4,2017,5,10.2149999948925,1.5698924714302231,2.7156000000000002,0.1699999999915,3,4,OLE,1,0,-0.0830496559863072,1.1924521778246198,0,0,31.198947227521536,0,0.0004229588272918667,8.190021041105561,LOW
ALE-1139,2018-09-04,System Failure,ATM Network,149.72,2,2.37,1.95,1.94,3.3,18,0.0,9,3,2018,1,74.85999996257,1.2153846147613412,9.243,0.18333333332314813,3,0,ALE,0,0,-0.07614036380817962,0.49911265714922526,0,0,181.16617120764423,0,0.07535451000240982,35.766053081085225,MEDIUM
OLE-0180,2022-05-06,Tech Failure,ATM Network,24.13,2,1.06,1.14,1.0,3.7,22,,5,2,2022,4,12.064999993967499,0.9298245605878732,2.4168,0.16818181817417355,4,0,OLE,1,0,-0.07673604357399944,1.1440432530090636,0,0,43.16923447042199,0,0.004872766279426442,11.190681073379164,LOW
ALE-0336,2016-10-24,Data Breach,Payments,179.78,2,0.97,3.01,2.17,2.7,22,,10,4,2016,0,89.889999955055,0.3222591361055617,5.8393999999999995,0.12272727272169422,1,3,ALE,0,0,-0.05182174523820837,0.8924024625426337,0,0,173.0219210731118,0,0.11028062245295689,39.289542438573186,MEDIUM
ALE-1129,2019-06-19,Data Breach,Payments,65.27,3,1.47,2.49,1.96,2.5,25,,6,2,2019,2,21.756666659414442,0.5903614455460395,10.980900000000002,0.099999999996,1,3,ALE,0,0,-0.06798444616314214,0.6057883430328553,0,0,79.37183579168104,0,0.008593294557886221,18.393564462187232,LOW
ALE-0152,2016-12-11,System Failure,Payments,180.39,5,2.98,1.43,1.32,2.6,18,0.0,12,4,2016,6,36.0779999927844,2.0839160824588,21.307,0.14444444443641977,3,3,ALE,0,0,-0.02116438871917925,0.9003833933906036,0,0,174.67628082229334,0,0.021318188217000197,40.97903277385973,MEDIUM
OLE-0179,2025-12-31,Tech Failure,Payments,71.68,2,0.87,1.19,1.0,3.6,19,,12,4,2025,2,35.83999998208,0.7310924363604265,2.0705999999999998,0.18947368420055402,4,3,OLE,1,0,-0.09532947943877657,0.5219231516632029,0,0,74.27363524973882,0,0.0026047580667557207,13.321681926520492,LOW
ALE-0904,2016-02-27,Tech Failure,Payments,10.0,2,2.63,1.24,1.41,4.0,22,,2,1,2016,5,4.9999999975,2.120967740225026,6.522399999999999,0.18181818180991735,4,3,ALE,0,0,-0.006885104932462527,1.3289130118317138,0,0,35.53100261345138,0,0.062127195472065126,22.318010959941798,LOW
ALE-0606,2016-09-24,Cyber-Fraud,E-Banking,127.49,5,2.57,2.89,2.87,2.6,25,0.0,9,3,2016,5,25.497999994900397,0.889273356093677,37.1365,0.10399999999584,0,1,ALE,0,0,-0.009588329409175644,0.20826660346008782,0,0,110.17286210832324,0,0.15182025235285418,36.96770177273676,MEDIUM
ALE-0971,2015-09-12,Phishing,Retail Banking,99.79,5,0.97,2.18,1.86,3.8,25,,9,3,2015,5,19.9579999960084,0.4449541282362595,10.573,0.15199999999392,2,4,ALE,0,0,-0.07126604477324872,0.1541461579969118,0,0,90.28663992153086,0,0.00035794183445190153,19.36113381318022,LOW
ALE-0081,2016-01-16,Phishing,E-Banking,120.11,4,1.91,3.43,3.45,3.7,24,,1,1,2016,5,30.027499992493123,0.5568513117910053,26.2052,0.15416666666024306,2,1,ALE,0,0,-0.058317630490606565,0.1117104236928439,0,0,125.3960186985461,0,0.03968752446189034,28.257276298199557,LOW
ALE-0975,2014-01-13,Tech Failure,E-Banking,266.36,4,2.47,2.7,2.51,3.4,27,,1,1,2014,0,66.5899999833525,0.9148148144759944,26.676000000000005,0.125925925921262,4,1,ALE,0,0,-0.0308787804898929,2.0251713032266427,0,0,198.56234240682838,0,0.13456710318595644,47.31593659326945,MEDIUM
OLE-0529,2024-07-14,Cyber-Fraud,E-Banking,53.47,3,0.81,0.56,1.0,2.8,19,,7,3,2024,6,17.82333332739222,1.4464285688456633,1.3608000000000002,0.14736842104487533,0,1,OLE,1,0,-0.036366012767888645,0.7601735627148986,0,0,54.60109238627134,0,0.008536562749904709,19.120372332131563,LOW
OLE-0347,2025-02-21,Tech Failure,Payments,57.86,1,0.92,1.37,1.0,3.1,20,0.0,2,1,2025,4,57.85999994213999,0.6715328462251584,1.2604000000000002,0.15499999999225,4,3,OLE,1,0,-0.08296054562319172,0.7027370275959011,0,0,63.41940056602833,0,0.007002318038336483,13.57494342662576,LOW
ALE-0719,2014-04-13,Phishing,E-Banking,279.38,2,2.19,1.93,2.01,3.8,20,,4,2,2014,6,139.68999993015498,1.1347150253188005,8.4534,0.1899999999905,2,1,ALE,0,0,-0.046575847319952235,2.195518384604626,0,0,228.46444607979447,0,0.05724927770463085,47.05718406769081,MEDIUM
ALE-1269,2016-01-28,Tech Failure,Online Services,235.73,2,0.9,1.56,1.45,2.8,18,0.0,1,1,2016,3,117.8649999410675,0.5769230765532544,2.8080000000000003,0.15555555554691358,4,2,ALE,0,0,-0.06603634234876332,1.6244239067129995,0,0,175.82964185507737,0,0.12036736098436923,37.98596838073943,MEDIUM
OLE-0210,2017-06-16,System Failure,Retail Banking,28.25,4,0.96,1.38,1.0,3.5,24,0.0,6,2,2017,4,7.062499998234375,0.6956521734089477,5.299199999999999,0.14583333332725695,3,4,OLE,1,0,-0.07944994538575056,1.0901392610522824,0,0,29.11100909906152,0,5.602240896358543e-05,8.376983956941853,LOW
ALE-0881,2019-08-24,System Failure,Payments,68.41,1,1.63,3.13,3.07,3.4,23,,8,3,2019,5,68.40999993159,0.5207667729965602,5.1019,0.14782608695009453,3,3,ALE,0,0,-0.08388745274522325,0.5647061744055998,0,0,112.65830256773985,0,0.03021768753927431,22.107344053653037,LOW
OLE-0386,2025-09-25,Data Breach,Payments,10.96,4,0.44,1.43,1.0,3.5,22,,9,3,2025,3,2.739999999315,0.3076923074771382,2.5168,0.15909090908367768,1,3,OLE,1,0,-0.08013876868954528,1.316352858366056,0,0,15.451834728597662,0,0.016325224822216468,6.664808990063011,LOW
ALE-0207,2019-04-08,Phishing,Online Services,97.25,4,1.64,2.23,1.5,3.0,21,,4,2,2019,0,24.312499993921875,0.7354260086388223,14.628799999999998,0.14285714285034012,2,2,ALE,0,0,-0.10170007326217617,0.18737823070813137,0,0,101.9158719012748,0,0.022473757290453096,17.484754629890308,LOW
ALE-0978,2019-10-17,Data Breach,Payments,185.73,3,1.73,3.31,2.88,3.1,26,,10,4,2019,3,61.90999997936333,0.5226586101140004,17.1789,0.11923076922618343,1,3,ALE,0,0,-0.07486740413023779,0.9702492470433248,0,0,188.4911381638548,0,0.016998081760499315,35.08090750004747,MEDIUM
OLE-0602,2019-01-02,System Failure,Payments,101.96,2,0.88,0.57,1.0,3.3,21,,1,1,2019,2,50.979999974509994,1.5438596464142815,1.0031999999999999,0.15714285713537415,3,3,OLE,1,0,-0.07606245320932853,0.1257549777672481,0,0,74.81569264863195,0,0.02224073905342266,16.94815117623959,LOW
ALE-1212,2017-06-16,Cyber-Fraud,ATM Network,117.77,3,2.13,1.48,1.25,2.5,19,,6,2,2017,4,39.25666665358111,1.439189188216764,9.4572,0.13157894736149583,0,0,ALE,0,0,-0.05022561312532736,0.08109504962030308,0,0,146.98720617857626,0,0.041769714332037765,32.97360077072733,MEDIUM
OLE-0244,2017-05-29,Data Breach,E-Banking,27.47,3,0.62,1.02,1.0,2.9,23,,5,2,2017,0,9.156666663614445,0.6078431366589773,1.8972,0.1260869565162571,1,1,OLE,1,0,-0.07628400232852484,1.1003443857431294,0,0,30.547988498243775,0,0.002136057310255959,9.147841129779275,LOW
ALE-0664,2019-04-02,Tech Failure,Payments,66.26,5,1.7,1.64,1.24,2.7,20,,4,2,2019,1,13.251999997349602,1.0365853652215942,13.94,0.13499999999325002,4,3,ALE,0,0,-0.07394492812977066,0.5928356847713957,0,0,68.32216516922227,0,0.015361379686997181,15.984719591992636,LOW
OLE-0803,2025-12-06,System Failure,Retail Banking,57.03,5,0.52,1.08,1.0,2.7,17,,12,4,2025,5,11.4059999977188,0.48148148103566524,2.8080000000000003,0.15882352940242214,3,4,OLE,1,0,-0.07446957606580662,0.7135963269464177,0,0,47.59994244832307,0,0.0011500395029806795,12.102975849842094,LOW
ALE-0079,2015-10-24,System Failure,Online Services,275.35,1,2.59,3.4,2.4,3.9,29,,10,4,2015,5,275.34999972465,0.7617647056583045,8.806,0.13448275861605233,3,2,ALE,0,1,0.02510476733667555,2.1427919070352504,0,1,236.94897205690984,1,0.8482531061263889,86.70937339621817,CRITICAL
ALE-0584,2018-05-06,Phishing,Payments,176.22,4,1.75,1.75,1.42,2.8,29,0.0,5,2,2018,6,44.054999988986246,0.9999999994285714,12.25,0.09655172413460165,2,3,ALE,0,0,-0.04659177652974167,0.8458252267741528,0,0,173.3099719904556,0,0.021898881172954052,37.01650538213775,MEDIUM
ALE-0817,2014-08-05,Cyber-Fraud,Retail Banking,22.94,3,1.27,2.78,1.89,3.2,28,,8,3,2014,1,7.646666664117778,0.45683453220977177,10.5918,0.11428571428163266,0,4,ALE,0,0,-0.05075046882752532,1.159612609909202,0,0,36.30494074387989,0,0.0004967937588258444,13.789654183870997,LOW
OLE-0313,2016-10-18,Tech Failure,ATM Network,75.45,4,0.85,1.48,1.0,3.7,23,0.0,10,4,2016,1,18.862499995284374,0.5743243239362673,5.032,0.16086956521039697,4,0,OLE,1,0,-0.05976279935862283,0.4725983823241095,0,0,68.12435681045847,0,0.003547230217048274,17.639493358008778,LOW
OLE-0436,2015-02-01,Cyber-Fraud,ATM Network,5.0,5,0.41,0.57,1.0,3.8,16,0.0,2,1,2015,6,0.9999999998,0.7192982443521084,1.1684999999999999,0.23749999998515625,0,0,OLE,1,0,-0.005210531433780918,1.3943304777986811,0,0,13.637834358811835,0,0.15939504566086926,22.476810884049982,LOW
ALE-1239,2014-03-02,Data Breach,ATM Network,80.57,5,2.31,2.0,1.73,3.9,21,,3,1,2014,6,16.1139999967772,1.1549999994225,23.1,0.18571428570544218,1,0,ALE,0,0,-0.029181372137170647,0.40561089717393495,0,0,83.5128494530004,0,0.01061642415074079,24.87041818654961,LOW
OLE-0137,2024-08-31,Tech Failure,ATM Network,78.51,1,1.49,1.13,1.0,3.3,14,,8,3,2024,5,78.50999992148999,1.3185840696295716,1.6836999999999998,0.23571428569744896,4,0,OLE,1,0,-0.014461652170583483,0.4325628931523254,0,0,75.63857831325721,0,0.2114980229366624,32.824198855413364,MEDIUM
OLE-0309,2022-09-21,Tech Failure,Payments,91.08,1,0.59,0.71,1.0,3.1,23,,9,3,2022,2,91.07999990891999,0.8309859143225551,0.41889999999999994,0.13478260868979206,4,3,OLE,1,0,-0.051190710325129674,0.26810338371136927,0,0,85.45790172878951,0,0.11377627512163559,25.532641685271084,LOW
ALE-0111,2019-10-23,Phishing,Payments,98.93,2,0.96,3.39,3.54,3.9,27,0.0,10,4,2019,2,49.4649999752675,0.2831858406244289,6.5088,0.14444444443909465,2,3,ALE,0,0,-0.05372448540194785,0.16539796214323021,0,0,138.0122943443865,0,0.15363868030512942,34.938828832196165,MEDIUM
OLE-0431,2023-09-17,System Failure,Retail Banking,47.5,5,0.42,0.9,1.0,3.6,24,,9,3,2023,6,9.4999999981,0.4666666661481481,1.8900000000000001,0.14999999999375,3,4,OLE,1,0,-0.05887992100193473,0.8382820170794577,0,0,35.786993098135525,0,0.0027226890756302524,12.581248630316688,LOW
OLE-0661,2022-02-11,Tech Failure,ATM Network,84.49,4,0.43,0.7,1.0,4.0,22,0.0,2,1,2022,4,21.122499994719373,0.6142857134081633,1.204,0.18181818180991735,4,0,OLE,1,0,-0.02640252162990253,0.35432360385583245,0,0,64.55814169140348,0,0.021550285024735757,22.639923049993502,LOW
ALE-0261,2019-03-27,Cyber-Fraud,Payments,40.31,4,1.69,1.52,1.32,2.7,27,0.0,3,1,2019,2,10.077499997480626,1.1118421045316826,10.2752,0.0999999999962963,0,3,ALE,0,0,-0.06085556362931005,0.9323523331399569,0,0,45.243596936674024,0,0.014812905420220214,14.220888749437332,LOW
ALE-0832,2019-04-20,Phishing,Online Services,182.28,4,2.35,3.03,2.37,2.8,26,0.0,4,2,2019,5,45.5699999886075,0.7755775574998095,28.482,0.10769230768816568,2,2,ALE,0,0,-0.06699863998718414,0.9251111955261174,0,0,182.6151016284781,0,0.00675327182139459,34.94975841821798,MEDIUM
OLE-0371,2020-03-04,System Failure,ATM Network,44.13,1,1.1,0.91,1.0,3.1,15,,3,1,2020,2,44.12999995587,1.2087912074628668,1.0010000000000001,0.20666666665288888,3,0,OLE,1,0,-0.07186019116882053,0.8823733891411937,0,0,56.74512294317797,0,0.006027844641784668,14.11935549711934,LOW
OLE-0567,2022-06-23,Tech Failure,Payments,5.0,1,1.29,0.6,1.0,3.7,16,0.0,6,2,2022,3,4.999999995,2.1499999964166667,0.774,0.23124999998554688,4,3,OLE,1,0,-0.01309163757869769,1.3943304777986811,0,0,13.312530862718992,0,0.1865424778598048,22.208170141558632,LOW
ALE-0092,2014-12-03,Phishing,Payments,10.0,3,2.35,2.75,2.56,2.5,23,,12,4,2014,2,3.3333333322222223,0.8545454542347107,19.387500000000003,0.10869565216918714,2,3,ALE,0,0,-0.060903407185385394,1.3289130118317138,0,0,46.41391000794816,0,0.013882580600588952,14.367991634512173,LOW
ALE-0374,2015-06-01,System Failure,Online Services,99.22,4,1.65,1.56,1.21,2.7,25,0.0,6,2,2015,0,24.80499999379875,1.0576923070142996,10.296,0.10799999999568001,3,2,ALE,0,0,-0.07365059148613051,0.1616037491171462,0,0,94.3979856473824,0,0.005770508876275683,19.853564726797124,LOW
ALE-1111,2014-07-24,Phishing,ATM Network,122.93,5,2.28,3.14,3.22,3.8,15,0.0,7,3,2014,3,24.5859999950828,0.7261146494502818,35.796,0.2533333333164444,2,0,ALE,0,1,0.0229595166277321,0.14860587449821364,0,1,109.76699887989734,1,0.8915975580071696,67.61424064263257,HIGH
OLE-0825,2022-08-22,System Failure,E-Banking,5.12,2,1.32,1.3,1.0,2.9,16,0.0,8,3,2022,0,2.55999999872,1.0153846146035503,3.4320000000000004,0.18124999998867186,3,1,OLE,1,0,-0.07594156745819597,1.392760458615474,0,0,12.379192492674353,0,0.0019488678399163003,6.292777557626861,LOW
ALE-0125,2019-07-07,Data Breach,Payments,285.14,2,1.75,1.73,1.49,2.9,15,,7,3,2019,6,142.569999928715,1.0115606930569012,6.055,0.19333333332044444,1,3,ALE,0,0,-0.03804615734506944,2.270879305398572,0,0,215.02644089435444,0,0.13257448745668005,48.81217250083974,MEDIUM
OLE-0182,2023-03-09,Cyber-Fraud,ATM Network,65.39,5,1.29,1.31,1.0,3.8,16,,3,1,2023,3,13.0779999973844,0.9847328236757764,8.4495,0.23749999998515625,0,0,OLE,1,0,-0.03487080189988645,0.6042183238496481,0,0,63.52442563322653,0,0.026095484923278987,21.38022391471891,LOW
ALE-0218,2017-09-14,Data Breach,ATM Network,301.0,4,2.39,2.96,3.43,3.3,28,,9,3,2017,3,75.2499999811875,0.8074324321596512,28.297600000000003,0.11785714285293367,1,0,ALE,0,0,-0.04442304358704552,2.4783835074457934,0,0,198.47958312196656,0,0.09226204880335476,43.81666385258559,MEDIUM
OLE-0622,2021-08-21,Cyber-Fraud,ATM Network,44.67,1,1.2,0.74,1.0,2.7,20,,8,3,2021,5,44.66999995533,1.621621619430241,0.888,0.13499999999325002,0,0,OLE,1,0,-0.040639057375669085,0.8753083028167613,0,0,54.54819154875869,0,0.018378876485811973,18.82373660278122,LOW
ALE-0186,2016-07-02,Cyber-Fraud,ATM Network,215.1,2,1.25,1.77,1.18,2.7,15,,7,3,2016,5,107.54999994622499,0.7062146888665454,4.425,0.179999999988,0,0,ALE,0,0,-0.0450827058059472,1.3545114421332918,0,0,188.57605716714843,0,0.129112597557889,43.428446344348984,MEDIUM
ALE-0490,2017-09-14,Data Breach,ATM Network,146.95,3,1.61,2.18,2.07,3.7,16,,9,3,2017,3,48.98333331700555,0.7385321097529669,10.5294,0.23124999998554688,1,0,ALE,0,0,-0.0638125342516086,0.46287138100352515,0,0,154.84347967446024,0,0.03822662099990717,32.091520282649796,MEDIUM
ALE-1225,2014-09-22,Phishing,ATM Network,190.58,2,1.81,1.66,1.21,2.7,17,,9,3,2014,0,95.289999952355,1.0903614451262884,6.0092,0.15882352940242214,2,0,ALE,0,0,-0.05711845600435905,1.0337041890312837,0,0,185.19527957009927,0,0.09818129691629233,40.02434014650629,MEDIUM
OLE-0814,2017-02-16,System Failure,Payments,78.74,2,1.44,0.57,1.0,3.2,20,0.0,2,1,2017,3,39.369999980314994,2.5263157850415516,1.6415999999999997,0.159999999992,3,3,OLE,1,0,-0.050849192661390874,0.429553689717845,0,0,73.07326266456651,0,0.034206617294921055,20.822039804124724,LOW
ALE-0758,2015-07-26,Data Breach,E-Banking,38.14,5,2.0,2.81,1.93,3.5,25,,7,3,2015,6,7.6279999984744,0.7117437719887032,28.1,0.1399999999944,1,1,ALE,0,0,-0.0516357339018122,0.9607435133696208,0,0,46.265253010951234,0,0.01284468850860502,15.680133734922613,LOW
OLE-0407,2019-07-13,Data Breach,Retail Banking,78.55,4,0.81,1.33,1.0,3.7,14,0.0,7,3,2019,5,19.637499995090625,0.6090225559330658,4.309200000000001,0.2642857142668367,1,4,OLE,1,0,-0.03360424763706893,0.4320395534245898,0,0,72.0562007372524,0,0.19135380127098,28.713217616558005,LOW
OLE-0779,2016-04-27,Data Breach,ATM Network,58.93,5,0.66,1.25,1.0,2.8,20,0.0,4,2,2016,2,11.785999997642799,0.5279999995776,4.125,0.139999999993,1,0,OLE,1,0,-0.08916843277090197,0.6887376898789701,0,0,44.56113314358481,0,0.011168132812475595,9.792361960843946,LOW
ALE-0363,2019-03-27,Data Breach,E-Banking,209.62,2,1.35,2.68,2.7,3.3,16,0.0,3,1,2019,2,104.809999947595,0.5037313430956226,7.236000000000001,0.20624999998710936,1,1,ALE,0,0,-0.06382224202399589,1.2828138994334957,0,0,190.96796796398354,0,0.08948250581869918,39.64846074209168,MEDIUM
OLE-0297,2020-02-15,System Failure,ATM Network,58.42,1,0.86,1.37,1.0,2.8,16,,2,1,2020,5,58.419999941579995,0.6277372258191698,1.1782000000000001,0.1749999999890625,3,0,OLE,1,0,-0.05899774733194307,0.6954102714076007,0,0,58.41441569777568,0,0.003563385878511362,16.203908577710962,LOW
ALE-0636,2014-06-12,Tech Failure,Payments,97.54,5,1.92,3.05,2.35,3.1,28,,6,2,2014,3,19.507999996098402,0.6295081965149153,29.279999999999998,0.11071428571033164,4,3,ALE,0,0,-0.027920216200055692,0.18358401768204718,0,0,97.53433500718158,0,0.026213393956616465,27.840464229533136,LOW
OLE-0462,2018-02-23,Tech Failure,ATM Network,17.9,2,0.76,0.72,1.0,3.2,24,,2,1,2018,4,8.949999995525,1.0555555540895063,1.0944,0.13333333332777778,4,0,OLE,1,0,-0.05848737680323979,1.2255534156039052,0,0,31.783717016463513,0,0.0030457711003143532,12.011870464361937,LOW
ALE-1138,2014-12-03,Data Breach,E-Banking,144.85,5,2.45,2.07,1.47,3.1,17,0.0,12,4,2014,2,28.969999994206,1.183574878655278,25.357499999999998,0.18235294116574394,1,1,ALE,0,0,-0.07165598538935242,0.4353960452973989,0,0,135.3290956902756,0,0.015089896243093086,27.006487961754154,LOW
ALE-0474,2015-07-14,System Failure,E-Banking,72.3,2,1.97,1.66,1.66,3.6,23,0.0,7,3,2015,1,36.149999981925,1.1867469872368994,6.5404,0.1565217391236295,3,1,ALE,0,0,-0.09753639018738502,0.5138113858832991,0,0,107.73780301401486,0,0.0060399668550526475,18.45506650331736,LOW
ALE-0156,2019-07-01,Data Breach,Retail Banking,19.13,3,1.58,2.68,2.76,2.7,29,0.0,7,3,2019,0,6.37666666454111,0.5895522385859879,12.7032,0.09310344827265161,1,4,ALE,0,0,-0.03871275550031428,1.2094607189760311,0,0,52.22167445836291,0,0.07476906298189497,20.711360389533173,LOW
ALE-0500,2017-12-25,Cyber-Fraud,E-Banking,105.65,4,2.15,2.9,2.17,3.9,17,,12,4,2017,0,26.412499993396874,0.7413793100891796,24.939999999999998,0.22941176469238753,0,1,ALE,0,0,-0.010497032839213105,0.07747688788362594,0,0,107.92637033940998,0,0.10568492588567445,34.85994594699764,MEDIUM
ALE-0696,2016-07-20,Data Breach,Payments,158.61,4,2.73,1.43,1.46,3.6,15,,7,3,2016,2,39.65249999008688,1.9090909077558804,15.615599999999999,0.239999999984,1,3,ALE,0,0,-0.02439050227570816,0.6154249116384937,0,0,160.17603884727848,0,0.08842317962590393,40.53622428304169,MEDIUM
OLE-0127,2015-10-24,System Failure,Payments,58.5,4,1.49,0.57,1.0,2.6,16,,10,4,2015,5,14.62499999634375,2.614035083133272,3.3971999999999998,0.16249999998984377,3,3,OLE,1,0,-0.020996929823171695,0.6943635919521293,0,0,58.63994297745779,0,0.06344075167827713,23.962078715050943,LOW
ALE-0030,2017-07-22,Cyber-Fraud,E-Banking,71.38,3,2.46,3.3,2.78,3.3,21,,7,3,2017,5,23.79333332540222,0.7454545452286502,24.354,0.15714285713537415,0,1,ALE,0,0,-0.06489077638271096,0.5258481996212211,0,0,103.76746738753975,0,0.026312048297180174,23.36461167533438,LOW
ALE-0150,2018-11-21,Tech Failure,Online Services,197.48,5,1.1,2.78,1.93,3.4,16,0.0,11,4,2018,2,39.4959999921008,0.39568345309507796,15.29,0.21249999998671876,4,2,ALE,0,0,-0.05649239506163706,1.1239802920656985,0,0,175.63313341357573,0,0.014046762688719329,35.64648572427257,MEDIUM
OLE-0356,2021-01-04,System Failure,Retail Banking,90.95,2,0.92,1.2,1.0,3.9,15,0.0,1,1,2021,0,45.4749999772625,0.7666666660277778,2.208,0.25999999998266665,3,4,OLE,1,0,-0.025417177771909993,0.26980423782651036,0,0,85.3053483755256,0,0.23217257804638242,33.46824838960364,MEDIUM
ALE-0845,2015-08-01,Tech Failure,E-Banking,129.59,4,2.95,2.04,2.16,3.9,15,,8,3,2015,5,32.397499991900624,1.4460784306636871,24.072000000000003,0.25999999998266665,4,1,ALE,0,1,0.007311454164480979,0.23574193916621428,0,1,133.23279712226366,1,0.7534543152074029,64.20680629877386,HIGH
OLE-0683,2023-05-02,System Failure,Retail Banking,14.98,2,0.48,1.32,1.0,2.9,16,,5,2,2023,1,7.489999996255,0.3636363633608815,1.2672,0.18124999998867186,3,4,OLE,1,0,-0.07065060957222857,1.263757215728614,0,0,25.91408017136038,0,0.001465483095532706,9.219024555911984,LOW
ALE-0883,2015-02-07,System Failure,Retail Banking,151.69,5,2.29,2.92,3.32,2.8,24,,2,1,2015,5,30.3379999939324,0.7842465750738882,33.434,0.11666666666180554,3,4,ALE,0,0,-0.04657870819033638,0.5248871387402104,0,0,131.96143763030497,0,0.031634427142716824,30.761156154639064,MEDIUM
ALE-0233,2015-07-20,Tech Failure,E-Banking,304.82,3,1.12,2.89,2.37,3.5,27,,7,3,2015,0,101.60666663279777,0.3875432524610577,9.710400000000002,0.12962962962482852,4,1,ALE,0,0,-0.044152759504700656,2.5283624514445564,1,1,237.7898368738992,1,0.6301631178952429,68.95599777793583,HIGH
ALE-0127,2015-08-25,System Failure,Payments,235.16,4,2.88,1.97,1.65,2.6,18,,8,3,2015,1,58.7899999853025,1.4619289332680563,22.694399999999998,0.14444444443641977,3,3,ALE,0,0,-0.05458066658269245,1.6169663155927654,0,0,201.9849099502487,0,0.03627964810212438,40.912671090528534,MEDIUM
ALE-1110,2019-11-28,Cyber-Fraud,E-Banking,112.46,2,1.91,2.97,2.1,2.7,23,0.0,11,4,2019,3,56.22999997188499,0.6430976428811118,11.3454,0.11739130434272213,0,1,ALE,0,0,-0.07878589210003478,0.011621700763383595,0,0,153.66952436124956,0,0.005108790749742907,28.528082571776643,LOW
OLE-0141,2018-09-10,System Failure,E-Banking,16.39,3,1.37,0.94,1.0,3.4,16,,9,3,2018,0,5.463333331512223,1.4574468069601632,3.8634,0.21249999998671876,3,1,OLE,1,0,-0.06256633952138285,1.2453094903259294,0,0,23.847959382802014,0,0.010124178696372992,10.389358574416656,LOW
ALE-1125,2019-11-04,Phishing,E-Banking,74.65,1,1.63,2.36,2.76,3.5,28,,11,4,2019,0,74.64999992535,0.6906779658090347,3.8467999999999996,0.12499999999553571,2,1,ALE,0,0,-0.0721153602170973,0.4830651768788243,0,0,125.45852926705598,0,0.04796513558117079,26.514048949820058,LOW
ALE-0662,2016-01-16,Phishing,Online Services,149.16,1,1.98,2.49,2.33,2.9,23,,1,1,2016,5,149.15999985084,0.7951807225722165,4.9302,0.1260869565162571,2,2,ALE,0,0,-0.08517027941444621,0.4917859009609249,0,0,164.6556943520084,0,0.04116739897397632,30.597923568905514,MEDIUM
ALE-0411,2017-07-28,Phishing,Payments,10.0,2,2.82,2.1,1.51,2.5,28,,7,3,2017,4,4.9999999975,1.342857142217687,11.844,0.0892857142825255,2,3,ALE,0,0,-0.029019965090817168,1.3289130118317138,0,0,34.92289231797963,0,0.18917126008635723,23.390186125966476,LOW
ALE-0926,2019-02-13,Phishing,Payments,124.24,5,0.84,1.28,1.12,2.9,18,,2,1,2019,2,24.8479999950304,0.6562499994873046,5.376,0.16111111110216048,2,3,ALE,0,0,-0.10369669473009224,0.16574525058155898,0,0,94.91794501360536,0,0.013142361457567071,15.745865721629976,LOW
ALE-0388,2015-11-23,System Failure,ATM Network,157.62,3,2.65,1.92,1.38,3.1,21,,11,4,2015,0,52.53999998248667,1.3802083326144747,15.263999999999998,0.14761904761201813,3,0,ALE,0,0,-0.07931807685584347,0.6024722533770339,0,0,183.2766635486863,0,0.03263176463046248,34.137032077367465,MEDIUM
ALE-0307,2019-08-18,System Failure,Retail Banking,250.07,2,2.55,2.03,1.39,3.3,24,0.0,8,3,2019,6,125.0349999374825,1.2561576348491834,10.352999999999998,0.13749999999427082,3,4,ALE,0,0,-0.05634341760839723,1.8120411991062626,0,0,225.70948124600793,0,0.05647479114202833,45.14425906535444,MEDIUM
ALE-0766,2018-08-29,Tech Failure,ATM Network,123.46,1,2.3,2.0,2.11,3.1,22,,8,3,2018,2,123.45999987653998,1.1499999994249999,4.6,0.14090909090268594,4,0,ALE,0,0,-0.06971935602241613,0.15554012589071203,0,0,155.8431715199219,0,0.11938195037895503,34.2169031862875,MEDIUM
OLE-0712,2022-04-06,Data Breach,Retail Banking,15.85,4,0.56,1.31,1.0,2.8,19,,4,2,2022,2,3.962499999009375,0.42748091570421304,2.9344000000000006,0.14736842104487533,1,4,OLE,1,0,-0.07677755531529112,1.2523745766503618,0,0,17.364855596353088,0,0.0026077798494799453,6.987628896986811,LOW
ALE-0216,2018-07-30,Phishing,ATM Network,188.54,1,0.85,1.33,1.59,3.9,25,0.0,7,3,2018,0,188.53999981145998,0.6390977438803775,1.1305,0.15599999999376,2,0,ALE,0,1,0.003123447630908216,1.0070138629167606,0,1,183.83160989953612,0,0.2751409957725797,54.919860476362004,HIGH
ALE-1045,2018-10-16,Phishing,Retail Banking,87.42,1,2.04,1.23,1.13,2.6,25,0.0,10,4,2018,1,87.41999991258,1.65853658401745,2.5092,0.10399999999584,2,4,ALE,0,0,-0.024451615599757948,0.3159889687991894,0,0,133.19041103945426,0,0.0910547749290162,36.31315710867913,MEDIUM
OLE-0011,2023-01-20,Cyber-Fraud,E-Banking,5.0,4,0.45,0.63,1.0,2.7,15,,1,1,2023,4,1.2499999996875,0.7142857131519275,1.1340000000000001,0.179999999988,0,1,OLE,1,0,-0.04700902191276379,1.3943304777986811,0,0,11.678372050082357,0,0.01846226678000825,11.042724665874339,LOW
ALE-0522,2014-10-28,Data Breach,Payments,107.21,4,1.77,1.58,1.06,2.6,19,,10,4,2014,1,26.802499993299374,1.120253163847941,11.1864,0.1368421052559557,1,3,ALE,0,0,-0.09192232319166099,0.05706663850193225,0,0,103.57367327602579,0,0.005751153647339616,18.611713208911016,LOW
ALE-0498,2018-11-03,Cyber-Fraud,E-Banking,84.97,3,2.72,2.19,2.01,3.6,17,,11,4,2018,5,28.32333332389222,1.242009131852964,17.8704,0.2117647058698962,0,1,ALE,0,0,-0.054148200013736325,0.3480435271230035,0,0,103.88456589030602,0,0.029465112108706375,25.084221121739464,LOW
OLE-0755,2024-11-11,Cyber-Fraud,Payments,82.9,4,1.1,1.34,1.0,2.8,23,,11,4,2024,0,20.724999994818752,0.8208955217754511,5.896000000000001,0.1217391304294896,0,3,OLE,1,0,-0.05599167146691986,0.37512635803332794,0,0,71.8081486854526,0,0.00035294231753397944,18.673880256036004,LOW
OLE-0627,2018-01-06,Data Breach,Retail Banking,78.19,4,1.29,0.64,1.0,3.6,23,0.0,1,1,2018,5,19.547499995113125,2.015624996850586,3.3024,0.1565217391236295,1,4,OLE,1,0,-0.05248400398183872,0.4367496109742114,0,0,70.84342784295205,0,0.0056716360759691145,19.225445086344408,LOW
ALE-1174,2016-11-23,System Failure,Retail Banking,270.21,1,1.09,2.0,1.48,3.4,28,0.0,11,4,2016,2,270.20999972978996,0.5449999997275,2.18,0.12142857142423469,3,4,ALE,0,0,-0.0007935373048222338,2.0755427520212075,0,0,221.33959537661997,1,0.39317356883438864,64.45623206500531,HIGH
OLE-0130,2021-07-16,Cyber-Fraud,Payments,34.53,1,1.35,0.5,1.0,2.8,15,,7,3,2021,4,34.52999996547,2.6999999946,0.675,0.1866666666542222,0,3,OLE,1,0,-0.012450615044564017,1.0079749237977713,0,0,50.52439066721434,0,0.15525799191775397,27.146059008921668,LOW
OLE-0844,2025-11-12,Tech Failure,ATM Network,69.69,2,0.37,1.02,1.0,2.7,14,0.0,11,4,2025,2,34.8449999825775,0.3627450976835832,0.7548,0.19285714284336736,4,0,OLE,1,0,-0.03128983116166639,0.5479593031180561,0,0,63.151989832479664,0,0.03463390060870269,22.149843969033142,LOW
OLE-0324,2015-09-12,Data Breach,E-Banking,17.84,3,0.86,0.94,1.0,3.2,19,0.0,9,3,2015,5,5.946666664684444,0.9148936160479856,2.4252,0.1684210526227147,1,1,OLE,1,0,-0.09569488795237796,1.2263384251955087,0,0,22.33705767990315,0,0.0002967908593390227,4.899226749464866,LOW
ALE-0890,2019-11-04,Phishing,E-Banking,143.35,3,1.45,1.79,1.68,3.0,16,0.0,11,4,2019,0,47.78333331740555,0.8100558654692425,7.786499999999999,0.18749999998828126,2,1,ALE,0,0,-0.0818581736892614,0.41577080550730866,0,0,153.87837102554687,0,0.017373556317078962,28.535787275750323,LOW
OLE-0015,2023-09-17,System Failure,Retail Banking,83.17,3,1.43,1.33,1.0,3.5,22,,9,3,2023,6,27.723333324092224,1.0751879691164,5.7057,0.15909090908367768,3,4,OLE,1,0,-0.0680998447157875,0.37159381487111176,0,0,76.11655242449714,0,0.003560213729252651,17.680871576503478,LOW
ALE-0660,2018-06-30,Phishing,Retail Banking,145.73,4,1.37,1.97,1.75,3.9,25,,6,2,2018,5,36.43249999089187,0.6954314717282074,10.7956,0.15599999999376,2,4,ALE,0,0,-0.07550273024366116,0.4469095193075851,0,0,145.86654053156883,0,0.003639993116503184,27.71765578930233,LOW
OLE-0216,2023-02-19,Tech Failure,Retail Banking,51.82,4,0.95,0.56,1.0,3.5,23,0.0,2,1,2023,6,12.95499999676125,1.6964285683992346,2.128,0.152173913036862,4,4,OLE,1,0,-0.01968801409974208,0.7817613264839978,0,0,55.79325839268948,0,0.006712772949566722,21.7161516649401,LOW
ALE-0330,2017-10-14,System Failure,E-Banking,152.61,3,2.02,3.28,2.69,3.2,29,0.0,10,4,2017,5,50.869999983043336,0.6158536583488251,19.8768,0.11034482758240191,3,1,ALE,0,0,-0.05722422060226162,0.5369239524781326,0,0,173.47254824275487,0,0.03713160488645564,36.00133288946235,MEDIUM
ALE-0572,2016-05-15,Phishing,Online Services,43.68,5,2.23,1.71,1.99,3.0,16,,5,2,2016,6,8.7359999982528,1.3040935664888342,19.0665,0.18749999998828126,2,2,ALE,0,0,-0.055100705207585254,0.888260961078221,0,0,49.63034864474669,0,0.017037416544494935,15.850820626845286,LOW
ALE-1085,2016-02-21,Data Breach,Payments,83.35,1,1.86,3.18,2.23,3.9,15,0.0,2,1,2016,6,83.34999991664999,0.5849056601934258,5.9148000000000005,0.25999999998266665,1,3,ALE,0,1,0.007879402396085866,0.369238786096301,0,1,124.41627021850942,1,0.8702065915362821,66.97036519827539,HIGH
ALE-0007,2016-07-08,Tech Failure,ATM Network,133.69,1,2.67,2.15,2.45,2.6,20,,7,3,2016,4,133.68999986631,1.2418604645386695,5.7405,0.1299999999935,4,0,ALE,0,0,-0.04575118772048825,0.28938426125912753,0,0,164.5747339618769,0,0.11425192294605724,38.979430114315505,MEDIUM
OLE-0517,2021-06-03,System Failure,E-Banking,62.72,4,0.93,0.67,1.0,2.8,20,0.0,6,2,2021,3,15.67999999608,1.3880596994208065,2.4924000000000004,0.139999999993,3,1,OLE,1,0,-0.0903199436635298,0.6391512506760088,0,0,59.21110400268779,0,0.0021371400700476552,11.643493234411437,LOW
OLE-0598,2014-12-03,System Failure,ATM Network,18.81,1,0.71,1.3,1.0,2.6,24,0.0,12,4,2014,2,18.809999981189996,0.5461538457337277,0.9229999999999999,0.10833333332881945,3,0,OLE,1,0,-0.05125898109895788,1.213647436797917,0,0,50.93990035080252,0,0.017145552225411254,16.63238501122327,LOW
OLE-0196,2019-06-13,System Failure,E-Banking,81.8,5,0.44,0.54,1.0,3.3,24,0.0,6,2,2019,3,16.359999996728,0.8148148133058984,1.1880000000000002,0.13749999999427082,3,1,OLE,1,0,-0.08705668142114148,0.3895182005460609,0,0,63.149727723529516,0,0.008309262579127815,12.97117270447125,LOW
OLE-0289,2025-09-01,System Failure,E-Banking,61.23,1,0.8,1.23,1.0,3.8,23,,9,3,2025,0,61.22999993876999,0.6504065035362548,0.984,0.16521739129716445,3,1,OLE,1,0,-0.05648759247802537,0.6586456555341651,0,0,62.7942084234377,0,0.017440501378581875,17.76015405540899,LOW
ALE-0093,2017-06-22,Data Breach,Online Services,299.35,2,2.61,2.6,2.34,3.9,19,,6,2,2017,3,149.6749999251625,1.0038461534600591,13.572,0.2052631578839335,1,2,ALE,0,0,-0.04409026644100278,2.4567957436766945,0,0,246.52968888387298,0,0.19982181210353941,55.29793211581961,HIGH
ALE-0483,2015-01-26,System Failure,Retail Banking,112.0,4,2.03,1.63,1.46,3.4,28,0.0,1,1,2015,0,27.999999993,1.2453987722420865,13.235599999999998,0.12142857142423469,3,4,ALE,0,0,-0.05561039741731877,0.005603293894422668,0,0,103.57697151721071,0,0.014890812182294185,24.308541690670875,LOW
ALE-0706,2016-04-21,Phishing,Retail Banking,213.17,2,1.23,2.68,2.39,3.7,28,,4,2,2016,3,106.58499994670748,0.458955223709345,6.5928,0.13214285713813775,2,4,ALE,0,0,-0.06013556732761616,1.3292603002700423,0,0,199.74171265273685,0,0.05974658590314102,40.55359523419491,MEDIUM
OLE-0550,2015-07-26,System Failure,Payments,54.73,4,1.44,1.24,1.0,3.4,24,0.0,7,3,2015,6,13.682499996579374,1.1612903216441206,7.142399999999999,0.14166666666076388,3,3,OLE,1,0,-0.06201185805107584,0.7436883612912227,0,0,59.175320237778394,0,0.0004229588272918667,15.76913687626272,LOW
OLE-0157,2021-06-03,System Failure,ATM Network,81.44,4,1.11,0.78,1.0,3.0,23,,6,2,2021,3,20.359999994909998,1.4230769212524657,3.4632000000000005,0.13043478260302457,3,0,OLE,1,0,-0.07564921541172043,0.39422825809568257,0,0,70.9320222446379,0,0.007697882729733204,15.880614703772295,LOW
OLE-0420,2014-12-03,System Failure,E-Banking,28.27,3,1.46,0.64,1.0,2.7,24,0.0,12,4,2014,2,9.423333330192222,2.281249996435547,2.8032,0.1124999999953125,3,1,OLE,1,0,-0.02720353821041921,1.0898775911884147,0,0,31.277236054541998,0,0.12496141046044935,20.83004394574107,LOW
ALE-0065,2017-01-11,Cyber-Fraud,ATM Network,192.38,3,1.43,2.17,1.73,2.5,28,,1,1,2017,2,64.12666664529111,0.6589861748115271,9.3093,0.0892857142825255,0,0,ALE,0,0,-0.02780673783539811,1.0572544767793917,0,0,170.60507049216812,0,0.24914404989203523,47.31981161460993,MEDIUM
OLE-0478,2020-12-11,System Failure,ATM Network,31.18,1,0.79,1.48,1.0,2.8,19,,12,4,2020,4,31.17999996882,0.533783783423119,1.1692,0.14736842104487533,3,0,OLE,1,0,-0.07896247535906792,1.0518046259956397,0,0,47.378727498794966,0,0.004627730801929451,11.524168167832332,LOW
ALE-0762,2017-06-10,Data Breach,Online Services,82.6,4,0.89,2.17,1.93,3.7,20,,6,2,2017,5,20.649999994837497,0.41013824865892246,7.7252,0.18499999999075,1,2,ALE,0,0,-0.09437963506480945,0.3790514059913461,0,0,76.37661873243306,0,0.008061390319427044,13.988875097475677,LOW
OLE-0554,2019-01-26,Tech Failure,Payments,74.74,2,0.74,1.29,1.0,3.9,20,,1,1,2019,5,37.369999981315,0.5736434104080284,1.9092,0.19499999999025,4,3,OLE,1,0,-0.06401201966058923,0.481887662491419,0,0,69.67745470290605,0,0.00681331591406933,17.372487993404267,LOW
OLE-0391,2019-07-01,Tech Failure,E-Banking,41.34,5,0.94,1.04,1.0,2.9,17,,7,3,2019,0,8.2679999983464,0.9038461529770708,4.887999999999999,0.17058823528408304,4,1,OLE,1,0,-0.07219105898085693,0.9188763351507616,0,0,36.42929445358441,0,0.0028492711572853015,10.717298796800032,LOW
OLE-0579,2025-02-03,System Failure,E-Banking,55.58,1,1.02,1.2,1.0,2.9,16,,2,1,2025,0,55.579999944419995,0.8499999992916667,1.224,0.18124999998867186,3,1,OLE,1,0,-0.07456551311059095,0.7325673920768383,0,0,60.385823114057686,0,0.004673718861201545,14.25235616320084,LOW
ALE-1074,2019-05-20,Data Breach,Online Services,181.87,4,0.83,2.44,2.03,3.9,15,0.0,5,2,2019,0,45.46749998863312,0.340163934286818,8.1008,0.25999999998266665,1,2,ALE,0,0,-0.016458744176099827,0.9197469633168261,0,0,155.50308854222905,1,0.5212871455107759,56.11518707259846,HIGH
ALE-0892,2019-10-11,System Failure,Payments,211.2,2,2.69,1.74,1.28,2.8,20,0.0,10,4,2019,4,105.59999994719999,1.5459770106057602,9.3612,0.139999999993,3,3,ALE,0,0,-0.08282120823352362,1.3034858186790572,0,0,210.57484374928853,0,0.0851253542607761,39.81162605131342,MEDIUM
ALE-1077,2018-02-17,Data Breach,Payments,167.43,2,1.62,2.6,2.62,3.5,23,,2,1,2018,5,83.7149999581425,0.6230769228372781,8.424000000000001,0.152173913036862,1,3,ALE,0,0,-0.09302982927046516,0.7308213216042242,0,0,171.86196788620765,0,0.017423151235411286,29.75308720665721,LOW
OLE-0821,2018-06-24,Cyber-Fraud,ATM Network,60.83,1,0.58,1.36,1.0,3.0,18,0.0,6,2,2018,6,60.829999939169994,0.4264705879217127,0.7888000000000001,0.1666666666574074,0,0,OLE,1,0,-0.032331204293550186,0.6638790528115225,0,0,60.661507884384946,0,0.007287288864564275,20.64111606087674,LOW
ALE-1200,2014-07-24,System Failure,ATM Network,182.6,3,2.02,2.5,1.9,2.9,23,0.0,7,3,2014,3,60.86666664637777,0.8079999996768,15.150000000000002,0.1260869565162571,3,0,ALE,0,0,-0.09782583502695696,0.9292979133480033,0,0,196.36863920000167,0,0.0378308342283927,33.6678050099877,MEDIUM
ALE-0149,2019-05-02,Data Breach,Payments,254.34,3,1.28,2.21,1.64,3.7,17,0.0,5,2,2019,3,84.77999997174,0.5791855200999161,8.4864,0.21764705881072666,1,3,ALE,0,0,-0.0764958949360926,1.8679077150420524,0,0,170.8309803416182,0,0.0712701033760919,33.921261158531635,MEDIUM
ALE-1181,2018-03-07,Tech Failure,ATM Network,203.08,4,2.04,1.38,1.1,3.3,15,,3,1,2018,2,50.7699999873075,1.478260868494014,11.2608,0.21999999998533332,4,0,ALE,0,0,-0.03553117801452821,1.1972478539487024,0,0,185.27975611102212,0,0.08679236381189664,42.835461727736465,MEDIUM
OLE-0665,2020-04-15,Tech Failure,ATM Network,59.7,5,1.24,1.2,1.0,3.8,19,0.0,4,2,2020,2,11.939999997612,1.0333333324722223,7.4399999999999995,0.19999999998947368,4,0,OLE,1,0,-0.06097115286905447,0.678663400120057,0,0,50.74223826439591,0,0.009235915797732929,14.886003611736204,LOW
ALE-0849,2015-03-03,Cyber-Fraud,Online Services,234.97,4,1.91,1.82,1.55,3.8,24,,3,1,2015,1,58.742499985314375,1.049450548873928,13.9048,0.1583333333267361,0,2,ALE,0,0,-0.07601517012745246,1.6144804518860207,0,0,200.43001728410047,0,0.00962517206873665,36.5580144528325,MEDIUM
OLE-0143,2017-05-23,Data Breach,Retail Banking,23.12,3,1.19,1.01,1.0,3.5,19,,5,2,2017,1,7.706666664097778,1.1782178206156257,3.6056999999999997,0.1842105263060942,1,4,OLE,1,0,-0.09669138061997756,1.157257581134391,0,0,29.6818046863051,0,0.0004229588272918667,5.928108844631748,LOW
ALE-0863,2015-06-14,Data Breach,Retail Banking,173.89,3,2.63,2.87,2.12,2.9,20,0.0,6,2,2015,6,57.96333331401222,0.916376306300914,22.6443,0.14499999999274998,1,4,ALE,0,0,-0.06887953232012811,0.8153406876335458,0,0,193.7524768749083,0,0.021559779487332474,36.966700072385535,MEDIUM
ALE-0484,2019-08-18,System Failure,ATM Network,167.99,1,1.44,2.0,1.51,3.8,18,0.0,8,3,2019,6,167.98999983201,0.7199999996399999,2.88,0.21111111109938271,3,0,ALE,0,0,-0.021726061063215396,0.7381480777925246,0,0,171.5235277785818,0,0.26747114005566186,49.00813573820212,MEDIUM
OLE-0422,2017-02-28,System Failure,Retail Banking,39.68,2,0.6,1.15,1.0,2.8,22,,2,1,2017,1,19.83999999008,0.5217391299810964,1.38,0.12727272726694214,3,4,OLE,1,0,-0.07989944932874188,0.9405949338517949,0,0,52.98737061452524,0,0.00035294231753397944,12.130797353134547,LOW
OLE-0800,2021-04-16,System Failure,ATM Network,83.22,5,0.7,1.02,1.0,4.0,14,,4,2,2021,4,16.643999996671198,0.6862745091311033,3.5700000000000003,0.2857142856938775,3,0,OLE,1,1,0.009022528594730295,0.3709396402114421,0,1,67.34401085529426,1,0.7702963717315936,54.53568171556085,HIGH
OLE-0616,2017-07-10,Tech Failure,ATM Network,82.72,3,1.12,1.07,1.0,3.4,24,0.0,7,3,2017,0,27.573333324142222,1.0467289709843655,3.5952000000000006,0.14166666666076388,4,0,OLE,1,0,-0.05103657013744933,0.37748138680813886,0,0,77.97129243522568,0,0.011630892955614772,20.785729640469118,LOW
OLE-0296,2015-07-26,Cyber-Fraud,Retail Banking,42.96,1,1.11,0.91,1.0,3.8,24,,7,3,2015,6,42.95999995704,1.219780218439802,1.0101000000000002,0.1583333333267361,0,4,OLE,1,0,-0.04217838228520088,0.8976810761774643,0,0,54.80900248936648,0,0.0030354258236597914,18.10041826986109,LOW
OLE-0402,2016-04-09,Cyber-Fraud,E-Banking,78.48,1,1.26,1.22,1.0,3.5,20,,4,2,2016,5,78.47999992152,1.032786884399355,1.5372,0.17499999999125,0,1,OLE,1,0,-0.06707999877771642,0.4329553979481272,0,0,71.52635894035186,0,0.03899400453211696,18.339592714436087,LOW
OLE-0089,2015-09-24,Cyber-Fraud,Retail Banking,33.44,3,0.38,1.08,1.0,3.3,17,,9,3,2015,3,11.14666666295111,0.3518518515260631,1.2312000000000003,0.19411764704740483,0,4,OLE,1,0,-0.06876004168691141,1.0222359313785703,0,0,33.472532648885306,0,0.001389355742296919,10.702391299910003,LOW
ALE-0651,2015-05-20,System Failure,Payments,120.16,3,2.34,1.25,0.89,3.5,26,0.0,5,2,2015,2,40.05333331998222,1.8719999985023998,8.774999999999999,0.1346153846102071,3,3,ALE,0,0,-0.06078062167530024,0.11236459835251354,0,0,145.5539142708647,0,0.01203535173417122,30.141391183042067,MEDIUM
ALE-1256,2018-04-06,Data Breach,Retail Banking,36.08,5,1.81,2.15,2.23,3.7,28,0.0,4,2,2018,4,7.2159999985568,0.8418604647247161,19.4575,0.13214285713813775,1,4,ALE,0,0,-0.05816148069431215,0.9876955093480114,0,0,45.20877593328816,0,0.002230313136687457,14.173832738565501,LOW
OLE-0132,2023-10-29,System Failure,E-Banking,46.39,2,1.46,0.63,1.0,3.6,16,,10,4,2023,6,23.1949999884025,2.317460313781809,1.8396,0.2249999999859375,3,1,OLE,1,0,-0.016585233704671687,0.8528046945241244,0,0,70.21370024881935,0,0.1420115374485413,29.21209687829012,LOW
ALE-0294,2017-08-15,Tech Failure,Payments,173.82,2,1.37,2.25,2.74,3.1,28,,8,3,2017,1,86.909999956545,0.6088888886182716,6.165000000000001,0.11071428571033164,4,3,ALE,0,0,-0.06285529545166363,0.8144248431100084,0,0,178.19717246786618,0,0.0471747361402229,36.27300778289728,MEDIUM
ALE-0359,2017-09-02,System Failure,Retail Banking,28.29,4,2.93,3.11,3.11,3.0,27,,9,3,2017,5,7.072499998231875,0.9421221861922437,36.4492,0.11111111110699588,3,4,ALE,0,0,-0.014619723796285067,1.0896159213245467,0,0,48.5374135936899,0,0.10764269428159959,24.841297164265058,LOW
ALE-0668,2017-03-12,Data Breach,ATM Network,74.42,2,1.92,2.8,3.19,3.3,17,,3,1,2017,6,37.209999981395,0.6857142854693877,10.751999999999999,0.19411764704740483,1,0,ALE,0,0,-0.06184605020930045,0.4860743803133048,0,0,118.74146304458476,0,0.01242364447671571,25.718741527645122,LOW
ALE-1134,2018-12-15,Cyber-Fraud,E-Banking,172.59,2,0.86,2.97,3.39,2.5,25,,12,4,2018,5,86.2949999568525,0.2895622894647938,5.1084000000000005,0.099999999996,0,1,ALE,0,0,-0.023983707477195138,0.7983321464821346,0,0,142.8469331774462,0,0.09182358156413531,37.95024591856625,MEDIUM
OLE-0725,2015-06-07,System Failure,Retail Banking,63.57,3,1.26,0.84,1.0,3.7,14,,6,2,2015,6,21.189999992936666,1.4999999982142858,3.1752000000000002,0.2642857142668367,3,4,OLE,1,0,-0.0027058888783502155,0.6280302814616242,0,0,73.35577044738787,0,0.2914390623248155,36.9984463334992,MEDIUM
ALE-0799,2018-05-18,Data Breach,Payments,139.26,3,1.81,1.96,2.15,2.8,24,,5,2,2018,4,46.41999998452666,0.9234693872839442,10.6428,0.11666666666180554,1,3,ALE,0,0,-0.10594610196690635,0.3622593183463292,0,0,159.10162496932398,0,0.0008597859013006402,25.224779967566484,LOW
OLE-0270,2024-08-19,System Failure,ATM Network,45.77,3,1.17,0.51,1.0,3.4,14,,8,3,2024,0,15.256666661581113,2.2941176425605536,1.7901,0.2428571428397959,3,0,OLE,1,1,0.008881425069932614,0.8609164603040285,0,1,51.328449180944546,0,0.3354248666895666,36.73866728848228,MEDIUM
ALE-0687,2017-05-11,Cyber-Fraud,Payments,95.76,3,2.94,2.77,2.54,3.6,17,,5,2,2017,3,31.91999998936,1.0613718407720678,24.4314,0.2117647058698962,0,3,ALE,0,0,-0.052004527155660396,0.2068726355662876,0,0,136.95945744663368,0,0.009685054741882656,29.987110020670073,LOW
ALE-0060,2015-05-02,Tech Failure,Online Services,63.13,3,1.52,1.3,1.13,3.3,24,0.0,5,2,2015,5,21.04333332631889,1.1692307683313607,5.928000000000001,0.13749999999427082,4,2,ALE,0,0,-0.07520606582990874,0.6337870184667174,0,0,68.90537329390189,0,0.012080883342802742,15.776238848823482,LOW
ALE-0809,2017-04-23,System Failure,Payments,141.48,2,1.07,2.64,3.3,2.5,15,,4,2,2017,6,70.73999996462999,0.4053030301495064,5.6496,0.16666666665555555,3,3,ALE,0,0,-0.034139288859724615,0.39130467323566276,0,0,150.4177992628806,0,0.06285634547331437,36.64082849409345,MEDIUM
ALE-1146,2014-01-01,Cyber-Fraud,Retail Banking,194.78,1,2.91,1.21,1.45,2.7,20,0.0,1,1,2014,2,194.77999980521997,2.4049586756983814,3.5211,0.13499999999325002,0,4,ALE,0,1,0.010307642557386587,1.0886548604435362,0,1,184.5725792484689,1,0.7382737895036448,72.31145132898484,CRITICAL
OLE-0376,2015-04-20,Tech Failure,Payments,91.21,5,1.29,1.07,1.0,3.5,16,,4,2,2015,0,18.2419999963516,1.205607475508778,6.9015,0.21874999998632813,4,3,OLE,1,0,-0.05308798695295891,0.2664025295962282,0,0,75.04758211084304,0,0.003560213729252651,19.732979645749054,LOW
OLE-0334,2015-07-08,Data Breach,Payments,50.04,4,0.56,1.19,1.0,3.4,22,,7,3,2015,2,12.5099999968725,0.47058823489866536,2.6656,0.15454545453842974,1,3,OLE,1,0,-0.10193129955057079,0.8050499443682383,0,0,50.329832909856684,0,0.0004967937588258444,8.449687664274625,LOW
ALE-0457,2018-05-24,Cyber-Fraud,Online Services,103.62,4,1.64,2.56,2.04,3.2,26,0.0,5,2,2018,3,25.904999993523752,0.6406249997497558,16.793599999999998,0.12307692307218936,0,2,ALE,0,0,-0.08699418275398274,0.10403637906621475,0,0,96.246035670288,0,0.000828969268866967,17.999828095334927,LOW
ALE-1135,2015-08-01,System Failure,E-Banking,70.95,4,2.48,3.36,3.82,3.6,29,,8,3,2015,5,17.737499995565624,0.7380952378755669,33.331199999999995,0.12413793103020214,3,1,ALE,0,0,-0.012020330477249042,0.5314741016943803,0,0,79.31394427778953,0,0.2860425859468666,36.3812073201908,MEDIUM
ALE-0053,2015-06-20,Cyber-Fraud,ATM Network,171.67,1,0.94,2.68,2.21,3.8,17,,6,2,2015,5,171.66999982832996,0.3507462685258409,2.5192,0.22352941175155708,0,0,ALE,0,1,0.002727793871996953,0.7862953327442123,0,1,171.0063349590645,1,0.7293049108046997,68.71047389416943,HIGH
OLE-0777,2022-05-30,Data Breach,ATM Network,89.22,1,1.13,1.49,1.0,2.9,24,,5,2,2022,0,89.21999991077999,0.7583892612359803,1.6836999999999998,0.12083333332829861,1,0,OLE,1,0,-0.04293004787020538,0.2924386810510811,0,0,81.47281778735292,0,0.0363115307077951,23.40856137574271,LOW
ALE-0421,2018-09-28,Phishing,ATM Network,199.05,2,1.87,3.11,2.12,3.5,18,,9,3,2018,4,99.5249999502375,0.6012861734401009,11.631400000000001,0.19444444443364198,2,0,ALE,0,0,-0.05658465656960998,1.1445213763793265,0,0,205.124230253521,0,0.1369829655492355,44.64151713609045,MEDIUM
OLE-0329,2023-12-16,Data Breach,Payments,65.69,3,0.84,0.95,1.0,3.5,19,,12,4,2023,5,21.896666659367778,0.8842105253850416,2.3939999999999997,0.1842105263060942,1,3,OLE,1,0,-0.10345316059301918,0.6002932758916301,0,0,68.09676657198109,0,0.0027226890756302524,11.137352226934198,LOW
ALE-1052,2016-06-20,System Failure,Online Services,10.0,1,2.2,2.55,2.65,3.5,28,0.0,6,2,2016,0,9.99999999,0.8627450977008844,5.61,0.12499999999553571,3,2,ALE,0,0,-0.07022070548856829,1.3289130118317138,0,0,31.26136260835784,0,0.024632524371424352,10.94679480443256,LOW
OLE-0013,2020-09-18,Data Breach,ATM Network,82.19,2,1.09,1.48,1.0,3.1,15,,9,3,2020,4,41.094999979452496,0.7364864859888605,3.2264000000000004,0.20666666665288888,1,0,OLE,1,0,-0.07037121782856082,0.3844156382006374,0,0,82.07752604554717,0,0.004452635015183178,18.327001121598702,LOW
ALE-0040,2014-07-18,Cyber-Fraud,Retail Banking,135.22,5,2.49,3.34,2.28,3.1,24,,7,3,2014,4,27.0439999945912,0.745508981812722,41.583,0.12916666666128473,0,4,ALE,0,0,-0.011256414132556958,0.3094020058450196,0,0,118.85588030651346,0,0.274579298760662,42.40284670537503,MEDIUM
OLE-0172,2018-11-15,Data Breach,Payments,83.82,3,0.46,1.09,1.0,3.4,19,0.0,11,4,2018,3,27.939999990686665,0.4220183482366804,1.5042000000000002,0.17894736841163433,1,3,OLE,1,0,-0.1006048969586732,0.3630895442954061,0,0,70.52430582198814,0,5.602240896358543e-05,11.85310327035512,LOW
OLE-0261,2015-06-20,Tech Failure,Payments,61.72,3,0.62,0.79,1.0,3.5,19,,6,2,2015,5,20.573333326475556,0.7848101255888479,1.4694,0.1842105263060942,4,3,OLE,1,0,-0.08047260996892758,0.6522347438694023,0,0,63.90323876930619,0,0.00033525452065643013,13.787171340877796,LOW
ALE-0966,2018-06-30,System Failure,E-Banking,162.83,3,2.36,2.54,2.71,2.6,15,,6,2,2018,5,54.27666664857445,0.9291338579019157,17.9832,0.17333333332177778,3,1,ALE,0,0,-0.07055910292683515,0.6706372529146142,0,0,184.57333720634347,0,0.0196275187751668,35.18566568615892,MEDIUM
ALE-0745,2016-02-03,Data Breach,Online Services,127.79,5,1.81,3.29,2.31,3.9,19,,2,1,2016,2,25.5579999948884,0.5501519755166712,29.774500000000003,0.2052631578839335,1,2,ALE,0,0,-0.038281644886215105,0.21219165141810603,0,0,112.68258673492984,0,0.2128788714864487,35.25684487050529,MEDIUM
ALE-0044,2014-03-02,Phishing,Payments,189.3,2,2.77,3.44,2.45,2.7,28,,3,1,2014,6,94.649999952675,0.8052325579054557,19.0576,0.09642857142512756,2,3,ALE,0,0,-0.016857854993643784,1.0169573177437399,0,0,203.4603367209143,0,0.09806473360719486,48.89589707258138,MEDIUM
OLE-0259,2018-09-04,Data Breach,E-Banking,49.18,2,0.52,1.47,1.0,2.7,22,0.0,9,3,2018,1,24.589999987705,0.353741496357999,1.5288,0.12272727272169422,1,1,OLE,1,0,-0.06875524469617733,0.8163017485145566,0,0,48.937767250951026,0,0.0020855522597509088,13.195271860595911,LOW
OLE-0845,2023-01-14,Data Breach,Retail Banking,72.86,5,0.69,1.44,1.0,3.0,16,,1,1,2023,5,14.5719999970856,0.479166666333912,4.967999999999999,0.18749999998828126,1,4,OLE,1,0,-0.0757991204686349,0.5064846296949987,0,0,65.3659071055216,0,0.00018034253328370973,14.707114831871838,LOW
OLE-0139,2022-05-30,Tech Failure,Retail Banking,25.76,4,0.44,0.59,1.0,3.9,17,,5,2,2022,0,6.43999999839,0.7457627106004022,1.0384,0.22941176469238753,4,4,OLE,1,0,-0.022852100242613638,1.1227171591038323,0,0,25.421972019240094,0,0.12523388670665528,20.549532436987082,LOW
OLE-0320,2024-08-19,Tech Failure,Retail Banking,34.89,4,1.09,0.73,1.0,2.5,21,,8,3,2024,0,8.722499997819375,1.4931506828860952,3.1828000000000003,0.11904761904195012,4,4,OLE,1,0,-0.018580392861598516,1.0032648662481496,0,0,31.953121469587035,0,0.0760397650409597,20.502397706932626,LOW
ALE-0874,2014-12-15,Tech Failure,Online Services,155.86,5,1.17,2.54,2.23,3.6,22,,12,4,2014,0,31.171999993765603,0.4606299210784921,14.859,0.1636363636289256,4,2,ALE,0,0,-0.0716884445174753,0.5794453053566615,0,0,136.92106502672914,0,0.02403967732079718,27.568956526446552,LOW
ALE-0969,2019-01-20,Data Breach,ATM Network,151.88,1,0.95,3.45,2.8,2.8,25,0.0,1,1,2019,6,151.87999984811998,0.2753623187607645,3.2775,0.11199999999551999,1,0,ALE,0,1,0.0027647264080399303,0.5273730024469552,0,1,163.6224343944692,1,0.68433500205238,65.96373876449016,HIGH
ALE-0475,2019-02-01,System Failure,Payments,89.39,4,2.43,2.58,3.07,3.7,15,0.0,2,1,2019,4,22.347499994413123,0.9418604647512169,25.077600000000004,0.24666666665022224,3,3,ALE,0,0,-0.03642692883042464,0.29021448720820425,0,0,91.7170323619709,0,0.12726683525944402,29.189541329826852,LOW
OLE-0559,2023-08-12,System Failure,ATM Network,19.59,2,1.1,1.01,1.0,3.1,21,,8,3,2023,5,9.794999995102499,1.0891089098127635,2.2220000000000004,0.14761904761201813,3,0,OLE,1,0,-0.0872013414951866,1.20344231210707,0,0,33.51484891894433,0,0.000885559499499526,7.961056279879617,LOW
OLE-0140,2023-02-19,Tech Failure,Payments,28.54,1,0.38,1.46,1.0,2.5,20,,2,1,2023,6,28.53999997146,0.26027397242446987,0.5548,0.12499999999375,4,3,OLE,1,0,-0.015122575275149042,1.0863450480261982,0,0,40.21203335530264,0,0.09165384114013111,22.878744630964952,LOW
ALE-1105,2018-09-22,System Failure,E-Banking,97.63,4,1.38,3.35,2.99,2.7,25,,9,3,2018,5,24.407499993898124,0.41194029838449536,18.491999999999997,0.10799999999568001,3,1,ALE,0,0,-0.06054352680028485,0.1824065032946419,0,0,100.57029721800107,0,0.009094855196764477,22.895496377767273,LOW
OLE-0532,2014-10-04,System Failure,Retail Banking,20.73,3,1.06,0.62,1.0,2.6,16,,10,4,2014,5,6.909999997696667,1.7096774165972948,1.9716,0.16249999998984377,3,4,OLE,1,0,-0.0324160003445193,1.1885271298666016,0,0,26.83574954089333,0,0.011408168549343694,15.37518064734162,LOW
OLE-0225,2021-10-26,Data Breach,ATM Network,21.31,2,1.23,1.0,1.0,2.5,23,0.0,10,4,2021,1,10.6549999946725,1.2299999987699999,2.46,0.10869565216918714,1,0,OLE,1,0,-0.054169995959446826,1.1809387038144332,0,0,28.882078975098267,0,0.05688542383310204,14.072480714007385,LOW
OLE-0724,2025-03-17,System Failure,Payments,80.7,1,0.39,0.69,1.0,3.2,24,0.0,3,1,2025,0,80.6999999193,0.5652173904851923,0.2691,0.13333333332777778,3,3,OLE,1,0,-0.03875827394979525,0.4039100430587937,0,0,74.07085653838497,0,0.08403888243206728,24.515561032441635,LOW
ALE-1086,2019-10-29,Phishing,E-Banking,217.71,3,1.65,3.37,2.37,3.3,25,0.0,10,4,2019,1,72.56999997581,0.48961424317815594,16.6815,0.13199999999471998,2,1,ALE,0,0,-0.07971867805849919,1.388659359368049,0,0,200.66890990303418,0,0.035820214501456886,36.9646127151053,MEDIUM
ALE-1187,2016-05-27,Phishing,Online Services,250.01,4,1.82,1.4,1.67,3.1,18,0.0,5,2,2016,4,62.502499984374374,1.2999999990714286,10.192,0.17222222221265432,2,2,ALE,0,0,-0.09421279997260584,1.8112561895146588,0,0,206.81678858487345,0,0.013984487131379498,35.035357806322274,MEDIUM
OLE-0326,2014-07-24,Data Breach,Payments,48.14,3,0.5,1.0,1.0,3.5,22,0.0,7,3,2014,3,16.04666666131778,0.49999999949999996,1.5,0.15909090908367768,1,3,OLE,1,0,-0.10682743754322949,0.8299085814356859,0,0,51.39937525276052,0,5.602240896358543e-05,7.87999695793548,LOW
ALE-1185,2014-11-03,Cyber-Fraud,Payments,121.68,5,0.93,3.17,2.15,3.5,17,,11,4,2014,0,24.335999995132802,0.29337539422921916,14.7405,0.20588235292906573,0,3,ALE,0,0,-0.020318302717675096,0.13225150800647179,0,0,95.14307549667927,0,0.06343340902365488,29.88714305957332,LOW
ALE-0371,2016-06-14,Phishing,E-Banking,103.71,1,1.83,2.13,1.91,4.0,16,0.0,6,2,2016,1,103.70999989628999,0.8591549291741057,3.8979,0.249999999984375,2,1,ALE,0,0,-0.007275707714928692,0.10285886467880948,0,0,143.8581242149492,0,0.31905911463267217,48.538665209561536,MEDIUM
OLE-0715,2020-03-10,Tech Failure,Payments,53.67,2,0.32,1.04,1.0,3.2,19,,3,1,2020,1,26.8349999865825,0.30769230739644965,0.6656000000000001,0.1684210526227147,4,3,OLE,1,0,-0.06677097020700729,0.7575568640762198,0,0,49.20661235172051,0,0.026528515303788115,14.387470984904393,LOW
OLE-0847,2024-06-01,System Failure,Retail Banking,78.95,1,0.7,1.34,1.0,3.0,19,,6,2,2024,5,78.94999992105,0.5223880593116506,0.938,0.157894736833795,3,4,OLE,1,0,-0.06547252437664175,0.4268061561472323,0,0,72.5718709780251,0,0.038373089094844735,18.722699884241866,LOW
OLE-0194,2022-09-21,System Failure,E-Banking,77.91,5,1.42,1.33,1.0,2.7,22,,9,3,2022,2,15.5819999968836,1.067669172129572,9.443,0.12272727272169422,3,1,OLE,1,0,-0.07230632053708741,0.44041298906836157,0,0,72.1166467661288,0,0.0008363270619175737,16.324447507815837,LOW
OLE-0574,2021-04-28,System Failure,Payments,50.85,1,1.05,0.56,1.0,3.0,21,0.0,4,2,2021,2,50.849999949149996,1.8749999966517856,0.5880000000000001,0.14285714285034012,3,3,OLE,1,0,-0.0499949348667007,0.7944523148815895,0,0,58.707329804299626,0,0.020862804278286837,18.189102695345564,LOW
ALE-0089,2017-08-21,Phishing,Payments,237.57,1,2.19,2.23,2.39,3.3,20,,8,3,2017,0,237.56999976242997,0.9820627798286713,4.8837,0.16499999999175,2,3,ALE,0,0,-0.03209602668542966,1.6484975341888437,0,0,217.67201948038684,1,0.39511154082543226,59.30411495261657,HIGH
OLE-0504,2025-09-13,Cyber-Fraud,ATM Network,51.37,1,1.09,1.14,1.0,2.5,14,0.0,9,3,2025,5,51.369999948629996,0.9561403500384734,1.2426,0.17857142855867347,0,0,OLE,1,0,-0.025093029880566387,0.7876488984210249,0,0,60.408141223470544,0,0.038880949654254565,22.778162345677366,LOW
ALE-1027,2019-10-23,Cyber-Fraud,Online Services,53.62,4,2.33,2.97,2.19,2.6,17,0.0,10,4,2019,2,13.40499999664875,0.7845117842476391,27.680400000000002,0.1529411764615917,0,2,ALE,0,0,-0.04374334653935119,0.7582110387358896,0,0,63.4652876510969,0,0.028798144255613885,20.151694121751028,LOW
ALE-0461,2017-08-21,Tech Failure,Retail Banking,153.14,3,1.27,1.82,1.8,3.3,27,0.0,8,3,2017,0,51.04666664965111,0.6978021974187899,6.934200000000001,0.12222222221769546,4,4,ALE,0,0,-0.06303383340220775,0.5438582038706309,0,0,164.22483816653627,0,0.02889276138693155,33.377124200848165,MEDIUM
ALE-1165,2018-10-28,System Failure,Retail Banking,189.16,2,1.93,2.43,2.14,3.5,29,,10,4,2018,6,94.57999995271,0.7942386828007247,9.3798,0.12068965516825209,3,4,ALE,0,0,-0.05170304411292537,1.0151256286966646,0,0,193.83446521005786,0,0.01644350591149028,39.343897604993295,MEDIUM
OLE-0004,2020-08-25,System Failure,E-Banking,41.14,3,1.36,0.94,1.0,3.0,23,,8,3,2020,1,13.713333328762221,1.44680850909914,3.8352,0.13043478260302457,3,1,OLE,1,0,-0.08535454958885769,0.9214930337894404,0,0,53.92531624089268,0,0.00902017159236589,11.776126607921178,LOW
ALE-0445,2018-09-28,Cyber-Fraud,ATM Network,125.11,4,2.52,3.0,2.58,3.8,18,0.0,9,3,2018,4,31.277499992180623,0.83999999972,30.240000000000002,0.21111111109938271,0,0,ALE,0,0,-0.014661758396671276,0.17712788965981138,0,0,136.01677285050732,0,0.1689233367837632,40.9390674793068,MEDIUM
OLE-0468,2017-02-28,Data Breach,E-Banking,30.94,2,0.47,1.01,1.0,2.6,21,,2,1,2017,1,15.469999992265,0.46534653419272615,0.9493999999999999,0.12380952380362813,1,1,OLE,1,0,-0.07397092225557944,1.054944664362054,0,0,43.66511908514187,0,0.0004693906435892924,11.525100968613913,LOW
OLE-0006,2017-03-12,Cyber-Fraud,E-Banking,15.64,5,0.73,1.03,1.0,3.7,21,,3,1,2017,6,3.1279999993744,0.7087378633895748,3.7595,0.17619047618208616,0,1,OLE,1,0,-0.047738457030678694,1.2551221102209744,0,0,18.51425133287223,0,0.0026184103928581465,11.47099641984927,LOW
ALE-0701,2016-12-29,Cyber-Fraud,Retail Banking,136.98,4,0.98,1.76,1.31,3.3,23,0.0,12,4,2016,3,34.244999991438746,0.5568181815018078,6.8991999999999996,0.14347826086332702,0,4,ALE,0,0,-0.0907827890779403,0.332428953865392,0,0,130.11936508031175,0,0.012051101190148907,23.236856414090777,LOW
OLE-0548,2022-11-26,System Failure,Payments,82.47,2,1.19,1.05,1.0,3.8,21,,11,4,2022,5,41.2349999793825,1.133333332253968,2.499,0.18095238094376417,3,3,OLE,1,0,-0.08629558022758554,0.3807522601064872,0,0,78.81942585152842,0,0.00022840827980014276,15.301462808756325,LOW
OLE-0229,2018-04-30,System Failure,Retail Banking,28.07,3,0.37,0.94,1.0,2.9,14,,4,2,2018,0,9.356666663547777,0.39361702085785427,1.0433999999999999,0.20714285712806121,3,4,OLE,1,0,-0.0298380444305113,1.0924942898270933,0,0,30.07259803535968,0,0.018994946787012454,16.53892228786025,LOW
ALE-0206,2015-06-26,Tech Failure,E-Banking,191.07,2,2.67,3.15,3.0,3.7,20,,6,2,2015,4,95.5349999522325,0.8476190473499622,16.820999999999998,0.18499999999075,4,1,ALE,0,0,-0.057020507713823054,1.040115100696046,0,0,210.1113327225035,0,0.10898477466882492,44.39284457277457,MEDIUM
OLE-0543,2018-09-04,Data Breach,Retail Banking,31.57,2,0.98,1.43,1.0,3.4,24,0.0,9,3,2018,1,15.7849999921075,0.6853146848354442,2.8028,0.14166666666076388,1,4,OLE,1,0,-0.08132219401918384,1.046702063650216,0,0,48.880087283489885,0,0.002112955374987461,11.326340037022824,LOW
OLE-0243,2021-05-10,Cyber-Fraud,Payments,71.16,5,0.48,0.88,1.0,3.1,23,,5,2,2021,0,14.231999997153599,0.5454545448347108,2.112,0.13478260868979206,0,3,OLE,1,0,-0.06015911667230761,0.5287265681237677,0,0,60.19488902008072,0,0.0006211138831459688,16.213086425544258,LOW
ALE-0041,2017-08-03,System Failure,Payments,74.48,1,1.45,2.33,2.1,3.6,18,,8,3,2017,3,74.47999992552,0.6223175962994344,3.3785,0.1999999999888889,3,3,ALE,0,0,-0.08643186315905116,0.4852893707217012,0,0,115.86141797339035,0,0.030552396626076426,22.253452960726882,LOW
ALE-0429,2019-01-26,Tech Failure,ATM Network,152.67,3,2.73,3.26,2.58,3.0,25,0.0,1,1,2019,5,50.88999998303666,0.8374233126265573,26.699399999999997,0.1199999999952,4,0,ALE,0,0,-0.03375270802818331,0.537708962069736,0,0,173.48508735699414,0,0.04468579944418601,39.74296823509228,MEDIUM
ALE-0303,2017-07-22,System Failure,E-Banking,127.09,1,2.38,3.37,2.88,3.3,17,0.0,7,3,2017,5,127.08999987291,0.7062314537963704,8.0206,0.19411764704740483,3,1,ALE,0,0,-0.05831772871937302,0.20303320618273055,0,0,173.3139856782919,0,0.13318491188368248,39.175989710628414,MEDIUM
ALE-0907,2018-12-15,Data Breach,Online Services,164.59,2,2.7,2.8,3.48,3.4,28,,12,4,2018,5,82.2949999588525,0.9642857139413267,15.12,0.12142857142423469,1,2,ALE,0,0,-0.06666327933085536,0.6936642009349866,0,0,192.56452974200099,0,0.017611785748744075,36.96710105702351,MEDIUM
ALE-0376,2016-11-05,System Failure,E-Banking,102.19,2,1.01,2.37,2.59,3.1,17,0.0,11,4,2016,5,51.0949999744525,0.4261603373729281,4.7874,0.18235294116574394,3,1,ALE,0,0,-0.09502252254291088,0.12274577433276754,0,0,122.78824020220122,0,0.007159087603988709,21.26805762650867,LOW
OLE-0843,2018-01-06,Cyber-Fraud,ATM Network,54.41,4,0.92,1.48,1.0,3.9,19,,1,1,2018,5,13.602499996599374,0.621621621201607,5.446400000000001,0.2052631578839335,0,0,OLE,1,0,-0.050734544164904305,0.7478750791131087,0,0,59.24209599398709,0,0.014181705387477648,17.93108943982723,LOW
ALE-0755,2014-11-03,Tech Failure,E-Banking,170.11,1,1.96,2.15,2.18,4.0,26,,11,4,2014,0,170.10999982989,0.9116279065527312,4.2139999999999995,0.1538461538402367,4,1,ALE,0,0,-0.00024309914801468047,0.7658850833625188,0,0,171.5888745388479,0,0.21249849399432152,50.27532956686536,HIGH
ALE-0452,2017-01-05,Phishing,Online Services,51.39,5,1.46,1.24,0.87,2.8,25,0.0,1,1,2017,3,10.2779999979444,1.1774193538891777,9.052,0.11199999999551999,2,2,ALE,0,0,-0.07836271177914667,0.787387228557157,0,0,52.19913476222946,0,0.0069515773854713575,12.463502313771116,LOW
OLE-0277,2016-08-25,Data Breach,Payments,83.21,5,0.79,1.37,1.0,3.5,19,,8,3,2016,3,16.641999996671597,0.5766423353455165,5.411500000000001,0.1842105263060942,1,3,OLE,1,0,-0.10686314592847246,0.3710704751433761,0,0,67.15467206776869,0,5.602240896358543e-05,10.388798862401053,LOW
OLE-0662,2015-12-17,Data Breach,Payments,58.9,1,1.02,0.77,1.0,2.5,16,0.0,12,4,2015,3,58.89999994109999,1.3246753229549673,0.7854,0.15624999999023437,1,3,OLE,1,0,-0.04903831280350812,0.6891301946747719,0,0,67.80506425802837,0,0.01298453126831008,19.506737324276045,LOW
ALE-0511,2015-08-31,Cyber-Fraud,ATM Network,210.72,2,1.47,2.84,3.39,3.2,22,,8,3,2015,0,105.35999994731999,0.5176056336205614,8.349599999999999,0.1454545454479339,0,0,ALE,0,0,-0.052189327909346384,1.2972057419462284,0,0,198.439028119409,0,0.1515712508415636,44.736123406836555,MEDIUM
OLE-0315,2022-11-08,Tech Failure,Retail Banking,78.06,5,1.06,1.36,1.0,3.7,22,,11,4,2022,1,15.6119999968776,0.7794117641327855,7.208000000000001,0.16818181817417355,4,4,OLE,1,0,-0.06684065609326334,0.4384504650893525,0,0,63.816776590802704,0,0.00033525452065643013,15.791748001461666,LOW
OLE-0692,2018-06-05,Data Breach,Payments,28.55,3,0.77,1.39,1.0,3.7,17,,6,2,2018,1,9.516666663494444,0.553956834133844,3.2108999999999996,0.21764705881072666,1,3,OLE,1,0,-0.09052293582717996,1.0862142130942645,0,0,35.771644090272986,0,5.602240896358543e-05,7.800339917579841,LOW
ALE-1092,2016-06-20,Phishing,Online Services,36.07,2,1.94,3.06,2.78,3.6,28,,6,2,2016,0,18.0349999909825,0.6339869278973899,11.8728,0.12857142856683673,2,2,ALE,0,0,-0.06955137420882801,0.9878263442799452,0,0,56.84965199192252,0,0.06092678831784316,16.399346249140745,LOW
OLE-0425,2021-03-11,Cyber-Fraud,E-Banking,80.22,2,0.36,1.39,1.0,3.4,20,0.0,3,1,2021,3,40.109999979944995,0.2589928055690699,1.0008,0.1699999999915,0,1,OLE,1,0,-0.05477047178676753,0.41019011979162256,0,0,56.910676734608735,0,0.03455625343319774,17.674604378126407,LOW
OLE-0595,2019-03-27,System Failure,Retail Banking,111.82,2,1.21,0.89,1.0,3.4,15,,3,1,2019,2,55.90999997204499,1.3595505602701679,2.1538,0.22666666665155555,3,4,OLE,1,0,-0.061352617328053805,0.0032482651196117504,0,0,90.99593276297662,0,0.009174248816971948,21.250688434619562,LOW
ALE-1270,2016-04-27,Cyber-Fraud,Payments,132.64,4,2.74,3.36,3.23,2.9,26,0.0,4,2,2016,2,33.159999991709995,0.8154761902334893,36.8256,0.11153846153417159,0,3,ALE,0,0,-0.021086225205546483,0.27564659340606423,0,0,138.49844180615523,0,0.25865514566354286,43.52446425301779,MEDIUM
OLE-0623,2015-03-21,Data Breach,E-Banking,64.79,3,1.15,1.15,1.0,3.8,15,,3,1,2015,5,21.59666665946778,0.9999999991304347,3.9674999999999994,0.2533333333164444,1,1,OLE,1,0,-0.04826361919874311,0.6120684197656842,0,0,70.54854922926033,0,0.25803807673534535,28.636094778188024,LOW
ALE-0731,2017-11-13,Cyber-Fraud,E-Banking,180.96,1,1.88,1.49,1.85,3.5,28,0.0,11,4,2017,0,180.95999981904,1.2617449655961441,2.8011999999999997,0.12499999999553571,0,1,ALE,0,0,-0.00403743067478568,0.9078409845108382,0,0,169.64185627696256,0,0.21074879894506932,49.3416064465755,MEDIUM
ALE-1250,2018-03-31,Data Breach,E-Banking,270.96,5,2.27,2.03,1.72,3.2,25,,3,1,2018,5,54.191999989161594,1.1182266004343713,23.040499999999998,0.12799999999488001,1,1,ALE,0,0,-0.0861198130382862,2.0853553719162523,0,0,212.7402143684954,0,0.004283466889992644,36.8392925931323,MEDIUM
OLE-0228,2019-07-13,Tech Failure,Payments,36.44,3,1.45,0.99,1.0,3.3,20,0.0,7,3,2019,5,12.146666662617777,1.4646464631670237,4.3065,0.16499999999175,4,3,OLE,1,0,-0.08094619030436673,0.9829854517983898,0,0,47.20876842767548,0,0.002035524272318045,11.112607714386474,LOW
ALE-0413,2017-06-04,Tech Failure,ATM Network,138.87,2,1.47,2.45,3.01,3.3,23,,6,2,2017,6,69.4349999652825,0.599999999755102,7.203,0.14347826086332702,4,0,ALE,0,0,-0.06788737595753874,0.3571567560009059,0,0,162.11104604715152,0,0.06370281886502503,33.53955130420631,MEDIUM
ALE-0312,2017-07-28,Phishing,Retail Banking,198.5,5,1.38,2.21,2.69,3.7,15,0.0,7,3,2017,4,39.69999999206,0.624434388857722,15.248999999999999,0.24666666665022224,2,4,ALE,0,0,-0.04025183303412061,1.13732545512296,0,0,153.9700579954972,0,0.08836187876594868,37.19532460678883,MEDIUM
ALE-0652,2015-08-13,System Failure,E-Banking,134.57,2,1.68,3.47,2.52,3.2,25,,8,3,2015,3,67.28499996635749,0.4841498557682565,11.6592,0.12799999999488001,3,1,ALE,0,0,-0.0878063734111903,0.30089773526931374,0,0,172.58225501404544,0,0.046863803635510924,31.671842001711475,MEDIUM
ALE-0390,2016-07-20,System Failure,Retail Banking,216.55,2,1.03,2.33,1.74,2.8,26,,7,3,2016,2,108.2749999458625,0.4420600856471845,4.7998,0.10769230768816568,3,4,ALE,0,0,-0.06230406073661393,1.3734825072637127,0,0,194.59408111773794,0,0.03662515138888142,38.601860816442176,MEDIUM
OLE-0067,2024-03-03,Data Breach,Retail Banking,52.66,5,0.36,0.54,1.0,3.6,14,0.0,3,1,2024,6,10.5319999978936,0.6666666654320987,0.972,0.2571428571244898,1,4,OLE,1,0,-0.00901155264370812,0.7707711922015473,0,0,35.14628884881307,1,0.39472243296134624,33.582609129243465,MEDIUM
OLE-0025,2025-09-01,Cyber-Fraud,ATM Network,53.13,4,1.42,0.85,1.0,2.7,17,0.0,9,3,2025,0,13.282499996679375,1.6705882333287196,4.827999999999999,0.15882352940242214,0,0,OLE,1,0,-0.04205500259122963,0.7646219504006523,0,0,57.61201333449747,0,0.01823523020117202,19.097958590355656,LOW
OLE-0145,2018-06-30,Cyber-Fraud,ATM Network,43.39,3,0.84,0.97,1.0,3.4,19,0.0,6,2,2018,5,14.463333328512222,0.8659793805505367,2.4444,0.17894736841163433,0,0,OLE,1,0,-0.08038133322437713,0.892055174104305,0,0,52.978591857153944,0,0.0014759854183305683,12.097354362465259,LOW
OLE-0537,2023-01-20,Data Breach,Retail Banking,34.63,5,1.3,1.15,1.0,3.1,14,,1,1,2023,4,6.925999998614801,1.130434781625709,7.475,0.2214285714127551,1,4,OLE,1,0,-0.04647933646066804,1.0066665744784318,0,0,35.192078299193376,0,0.015049623390798536,14.753814752102112,LOW
OLE-0812,2016-01-10,System Failure,Retail Banking,74.33,5,1.08,1.28,1.0,3.7,17,,1,1,2016,6,14.8659999970268,0.8437499993408203,6.912000000000001,0.21764705881072666,3,4,OLE,1,0,-0.05315547043722535,0.4872518947007103,0,0,68.93090847420719,0,0.0028630399528232348,18.722542909288435,LOW
ALE-0415,2017-03-06,System Failure,Online Services,133.52,4,1.47,1.45,1.28,3.5,21,0.0,3,1,2017,0,33.379999991655005,1.013793102749108,8.526,0.16666666665873014,3,2,ALE,0,0,-0.09769405477156395,0.2871600674162508,0,0,126.58965247303576,0,0.010335605359808804,21.59027878228911,LOW
OLE-0086,2023-09-11,Data Breach,Payments,57.09,3,1.31,0.97,1.0,3.3,23,,9,3,2023,0,19.029999993656666,1.350515462525242,3.8121,0.14347826086332702,1,3,OLE,1,0,-0.08208175171260224,0.7128113173548141,0,0,62.42722150961467,0,0.002197063510487459,13.37855241328535,LOW
ALE-0653,2014-08-17,Phishing,Payments,113.2,2,1.69,1.24,0.9,3.0,28,0.0,8,3,2014,6,56.5999999717,1.362903224707336,4.1912,0.10714285713903061,2,3,ALE,0,0,-0.04190965258884327,0.0213034857264949,0,0,135.44570705027314,0,0.02350006477176372,31.723751359854425,MEDIUM
ALE-0481,2018-03-13,Cyber-Fraud,Payments,156.54,3,1.23,3.44,3.79,2.9,20,,3,1,2018,1,52.17999998260666,0.3575581394309424,12.6936,0.14499999999274998,0,3,ALE,0,0,-0.059433650481499456,0.5883420807281688,0,0,176.357154976165,0,0.03550279893189543,36.077491880251216,MEDIUM
ALE-0623,2018-07-24,Tech Failure,Online Services,147.8,1,2.2,3.24,2.95,3.0,20,0.0,7,3,2018,1,147.7999998522,0.6790123454694407,7.128000000000001,0.1499999999925,4,2,ALE,0,0,-0.05461998480448926,0.4739923502179099,0,0,173.79513751818152,0,0.1909993981008435,41.82376975638719,MEDIUM
ALE-1186,2015-07-08,Tech Failure,Payments,244.93,2,1.6,2.69,2.8,3.3,25,0.0,7,3,2015,2,122.4649999387675,0.5947955388123437,8.608,0.13199999999471998,4,3,ALE,0,0,-0.07437753033678957,1.7447920440922202,0,0,216.61445684133398,0,0.09327513647925156,42.310803036609606,MEDIUM
ALE-1195,2015-03-15,Data Breach,Retail Banking,173.31,4,1.82,2.72,2.01,3.6,24,0.0,3,1,2015,6,43.327499989168125,0.6691176468128244,19.8016,0.14999999999375,1,4,ALE,0,0,-0.07648525305523707,0.8077522615813778,0,0,169.52730036851395,0,0.006413964243415487,31.44484238893635,MEDIUM
ALE-0699,2017-07-22,System Failure,Retail Banking,257.56,3,1.19,2.98,2.04,2.7,27,,7,3,2017,5,85.85333330471555,0.3993288589263997,10.6386,0.0999999999962963,3,4,ALE,0,0,-0.04897433162973597,1.91003656312478,0,0,204.02766975992054,0,0.032460056985193546,41.935035512768714,MEDIUM
ALE-1257,2018-01-12,System Failure,Payments,133.7,1,2.24,2.72,2.16,2.7,19,,1,1,2018,4,133.69999986629998,0.8235294114619377,6.092800000000001,0.14210526315041552,3,3,ALE,0,0,-0.08288053272516283,0.28951509619106136,0,0,149.94294879562355,0,0.09160810797466666,30.35464473999681,MEDIUM
OLE-0363,2018-12-09,Cyber-Fraud,Payments,52.94,1,0.64,0.92,1.0,2.9,18,,12,4,2018,6,52.939999947059995,0.6956521731568999,0.5888,0.16111111110216048,0,3,OLE,1,0,-0.04227959618531585,0.7671078141073971,0,0,55.91182867733144,0,0.0008229128144082078,18.18397350013809,LOW
ALE-0967,2017-08-03,Phishing,E-Banking,270.9,1,2.42,3.33,2.99,2.8,25,,8,3,2017,3,270.89999972909993,0.7267267265084905,8.0586,0.11199999999551999,2,1,ALE,0,0,-0.018608685130167668,2.0845703623246488,0,0,237.91846828074733,1,0.48583965147640235,67.70730747453389,HIGH
ALE-0450,2015-09-18,Tech Failure,ATM Network,147.61,2,1.83,2.21,1.99,3.1,24,0.0,9,3,2015,4,73.8049999630975,0.8280542982678487,8.0886,0.12916666666128473,4,0,ALE,0,0,-0.08762150087386167,0.47150648651116517,0,0,172.47810365821078,0,0.05023449741337711,31.800569330996797,MEDIUM
ALE-0169,2015-06-26,System Failure,Payments,174.76,1,1.54,1.45,1.47,3.8,18,,6,2,2015,4,174.75999982524,1.06206896478478,2.233,0.21111111109938271,3,3,ALE,0,0,-0.03261962703203369,0.8267233267117983,0,0,173.94511866904352,0,0.253933610375237,47.30781545748824,MEDIUM
ALE-0173,2018-12-09,Phishing,Online Services,207.41,4,1.03,3.37,2.48,2.8,24,,12,4,2018,6,51.85249998703687,0.3056379821051519,13.884400000000001,0.11666666666180554,2,2,ALE,0,0,-0.06090070555068444,1.253899379476096,0,0,190.94298105755323,0,0.015583605932098524,37.490580413957545,MEDIUM
ALE-0869,2019-10-29,System Failure,ATM Network,117.62,4,0.97,2.32,2.45,2.8,20,,10,4,2019,1,29.40499999264875,0.4181034480956451,9.0016,0.139999999993,3,0,ALE,0,0,-0.08640541074116131,0.07913252564129417,0,0,119.61076574390314,0,0.012667366450250747,22.22968079034237,LOW
ALE-0680,2016-06-20,System Failure,E-Banking,218.78,1,2.96,1.34,0.94,3.7,28,0.0,6,2,2016,0,218.77999978121997,2.2089552222321225,3.9664,0.13214285713813775,3,1,ALE,0,1,0.01688707305083237,1.40265869708498,0,1,209.03337780736157,1,0.7874672384190028,78.91062012190515,CRITICAL
ALE-0716,2016-01-10,Cyber-Fraud,Payments,125.52,1,1.76,3.43,2.34,3.7,18,,1,1,2016,6,125.51999987447999,0.5131195333780992,6.0368,0.20555555554413582,0,3,ALE,0,0,-0.019562532094350105,0.18249212186910266,0,0,156.82162357863567,0,0.20011155398915093,44.62488850797863,MEDIUM
OLE-0666,2018-04-12,Cyber-Fraud,ATM Network,88.51,4,1.32,0.79,1.0,3.5,14,,4,2,2018,3,22.127499994468124,1.6708860738343214,4.171200000000001,0.24999999998214287,0,0,OLE,1,0,-0.022606328114051832,0.30172796121839046,0,0,79.93197676163693,0,0.18979959812182032,31.543939493450424,MEDIUM
OLE-0365,2017-01-05,Data Breach,E-Banking,14.83,2,1.04,1.1,1.0,3.3,19,,1,1,2017,3,7.4149999962925,0.9454545445950412,2.2880000000000003,0.1736842105171745,1,1,OLE,1,0,-0.11181307296540094,1.2657197397076232,0,0,24.309586727961054,0,0.0016443322068803703,2.8746594687057776,LOW
OLE-0078,2019-09-05,Data Breach,ATM Network,32.51,4,0.36,0.82,1.0,3.6,22,,9,3,2019,3,8.127499997968124,0.4390243897085069,1.1807999999999998,0.1636363636289256,1,0,OLE,1,0,-0.07572775361372525,1.0344035800484261,0,0,30.4505945455789,0,0.0005328310953792587,9.15854622194532,LOW
OLE-0028,2019-06-01,System Failure,E-Banking,73.19,4,0.52,1.03,1.0,3.6,21,0.0,6,2,2019,5,18.297499995425625,0.5048543684418889,2.1424000000000003,0.17142857142040815,3,1,OLE,1,0,-0.09422134925426079,0.5021670769411789,0,0,66.22350922865692,0,0.00017247073501889837,12.116056864160146,LOW
ALE-0773,2015-04-02,Data Breach,Payments,66.79,5,2.1,1.23,1.54,3.4,21,0.0,4,2,2015,3,13.3579999973284,1.7073170717826691,12.915,0.16190476189705216,1,3,ALE,0,0,-0.07671374307809153,0.5859014333788971,0,0,66.34980124867613,0,0.00935307128466559,15.049740544268447,LOW
OLE-0526,2022-05-18,Cyber-Fraud,Payments,36.39,2,1.34,0.51,1.0,3.7,23,,5,2,2022,2,18.1949999909025,2.6274509752402926,1.3668,0.16086956521039697,0,3,OLE,1,0,-0.0261955581067852,0.9836396264580595,0,0,47.924775263109666,0,0.09159180843536688,22.46781635910919,LOW
OLE-0726,2024-05-26,Cyber-Fraud,Payments,5.0,2,1.01,1.43,1.0,3.6,16,,5,2,2024,6,2.49999999875,0.7062937057997946,2.8886,0.2249999999859375,0,3,OLE,1,0,-0.04799574698073317,1.3943304777986811,0,0,11.499741548285009,0,0.047051217103195965,11.868737247277439,LOW
OLE-0056,2020-11-17,Cyber-Fraud,Payments,76.46,4,1.04,1.13,1.0,2.8,18,,11,4,2020,1,19.114999995221247,0.9203539814864125,4.7008,0.15555555554691358,0,3,OLE,1,0,-0.09219389468413619,0.4593840541987822,0,0,64.10219649147247,0,0.0022806531609074737,12.151532042768158,LOW
OLE-0639,2019-02-25,Tech Failure,Retail Banking,64.19,5,0.3,0.76,1.0,3.3,20,0.0,2,1,2019,0,12.8379999974324,0.3947368415858726,1.1400000000000001,0.16499999999175,4,4,OLE,1,0,-0.051425372005457715,0.6199185156817203,0,0,52.79800341905308,0,0.016557048566290287,16.883650645341387,LOW
OLE-0303,2014-02-12,Tech Failure,E-Banking,23.45,4,1.17,1.16,1.0,3.6,24,,2,1,2014,2,5.862499998534375,1.0086206887856717,5.428799999999999,0.14999999999375,4,1,OLE,1,0,-0.07579164353982876,1.1529400283805713,0,0,27.844420254543287,0,0.005800118957301507,8.917571712080882,LOW
OLE-0719,2017-04-29,System Failure,Retail Banking,68.49,5,0.85,1.25,1.0,2.7,15,,4,2,2017,5,13.697999997260398,0.679999999456,5.3125,0.179999999988,3,4,OLE,1,0,-0.06568438754803729,0.5636594949501283,0,0,62.48849720252687,0,0.008434653524436807,16.034471417591597,LOW
OLE-0625,2014-12-15,Cyber-Fraud,Retail Banking,30.53,3,1.45,0.75,1.0,3.0,17,,12,4,2014,0,10.176666663274444,1.9333333307555556,3.2624999999999997,0.1764705882249135,0,4,OLE,1,0,-0.04744658357366993,1.0603088965713452,0,0,36.703066290186804,0,0.022347902656327658,15.107151955231979,LOW
OLE-0008,2023-06-01,Data Breach,E-Banking,61.39,5,1.07,0.72,1.0,2.8,24,0.0,6,2,2023,3,12.2779999975444,1.486111109047068,3.8520000000000003,0.11666666666180554,1,1,OLE,1,0,-0.07668635254598588,0.6565522966232221,0,0,53.91330954708237,0,0.015957814558792485,13.300458250725466,LOW
OLE-0804,2023-08-30,Tech Failure,Retail Banking,78.63,4,0.44,1.16,1.0,3.0,23,,8,3,2023,2,19.657499995085622,0.37931034450059453,2.0416,0.13043478260302457,4,4,OLE,1,0,-0.06952429257700132,0.4309928739691183,0,0,67.19115787160493,0,0.0044854486079574365,16.078113874000906,LOW
ALE-0192,2015-11-17,Phishing,Online Services,89.82,3,2.9,2.81,2.97,2.5,24,0.0,11,4,2015,1,29.93999999002,1.0320284693836197,24.447,0.1041666666623264,2,2,ALE,0,0,-0.05282627450277788,0.28458858513504515,0,0,118.37219682363269,0,0.05189665422893407,28.376858155412354,LOW
OLE-0337,2021-04-22,Tech Failure,Retail Banking,35.27,4,0.83,1.03,1.0,4.0,22,,4,2,2021,3,8.817499997795625,0.8058252419360918,3.4196,0.18181818180991735,4,4,OLE,1,0,-0.04502021125493483,0.9982931388346602,0,0,37.63983267201538,0,0.00027923211169284467,14.843482653168605,LOW
OLE-0048,2017-04-05,Cyber-Fraud,E-Banking,92.06,2,1.05,1.17,1.0,3.3,19,,4,2,2017,2,46.029999976984996,0.8974358966688583,2.457,0.1736842105171745,0,1,OLE,1,0,-0.09230814878622845,0.2552815603818436,0,0,82.23665390758057,0,0.0030915286724280395,15.05673006916366,LOW
ALE-0823,2014-03-20,Data Breach,Payments,263.17,2,1.25,2.94,2.16,3.3,26,0.0,3,1,2014,3,131.5849999342075,0.4251700678825952,7.35,0.12692307691819527,1,3,ALE,0,0,-0.06854614136872805,1.9834349599397176,0,0,224.58123401026887,0,0.07261945313618312,43.722527722685804,MEDIUM
OLE-0107,2020-03-22,Cyber-Fraud,E-Banking,56.02,1,1.48,0.73,1.0,3.1,24,0.0,3,1,2020,6,56.01999994398,2.027397257496716,1.0804,0.12916666666128473,0,1,OLE,1,0,-0.007938203997206128,0.7268106550717451,0,0,64.46210267050787,0,0.010339825070404188,24.966094572091954,LOW
OLE-0350,2021-08-03,System Failure,Retail Banking,85.19,1,1.24,0.75,1.0,3.9,24,0.0,8,3,2021,1,85.18999991480999,1.653333331128889,0.9299999999999999,0.16249999999322917,3,4,OLE,1,0,-0.021673033348161952,0.34516515862045694,0,0,81.24328398333355,0,0.05310555863198413,27.107080189138266,LOW
ALE-0222,2017-06-22,Data Breach,Payments,231.15,3,2.37,2.78,2.72,2.9,23,0.0,6,2,2017,3,77.04999997431666,0.8525179853048497,19.7658,0.1260869565162571,1,3,ALE,0,0,-0.08822086092056053,1.5645015078872575,0,0,198.95022751464722,0,0.029468349833599538,35.20919585295191,MEDIUM
OLE-0239,2023-03-27,Tech Failure,Retail Banking,60.43,1,1.01,0.56,1.0,3.0,22,,3,1,2023,0,60.429999939569996,1.8035714253507653,0.5656000000000001,0.136363636357438,4,4,OLE,1,0,-0.004551475243607439,0.6691124500888799,0,0,64.9730331355045,0,0.06850215065009642,27.584751293695476,LOW
OLE-0214,2022-06-29,Data Breach,Payments,62.99,4,1.04,1.4,1.0,3.8,24,0.0,6,2,2022,2,15.747499996063125,0.7428571423265307,5.824,0.1583333333267361,1,3,OLE,1,0,-0.0883836886782916,0.6356187075137925,0,0,61.13886580599661,0,0.0,12.162993937522165,LOW
ALE-0287,2014-06-24,Phishing,Payments,91.55,5,2.03,2.64,3.04,3.9,27,0.0,6,2,2014,1,18.309999996338,0.7689393936481289,26.795999999999996,0.14444444443909465,2,3,ALE,0,0,-0.05059181500533905,0.26195414191047434,0,0,85.54541030915941,0,0.016790207070544884,22.240766740024462,LOW
ALE-0563,2015-10-12,Tech Failure,Online Services,165.54,1,1.1,2.56,2.51,2.6,29,,10,4,2015,0,165.53999983446,0.4296874998321533,2.8160000000000003,0.08965517241070155,4,2,ALE,0,1,0.030544230272763206,0.7060935194687102,0,1,174.0705871005555,1,0.6927180131867613,72.03745385329545,CRITICAL
ALE-0739,2018-11-15,System Failure,ATM Network,174.77,4,0.89,1.38,0.97,3.7,23,,11,4,2018,3,43.69249998907688,0.6449275357645453,4.9128,0.16086956521039697,3,0,ALE,0,0,-0.08529895969551632,0.8268541616437325,0,0,138.3313629751216,0,0.01724071530729372,25.540836289261428,LOW
OLE-0794,2019-08-06,Cyber-Fraud,Retail Banking,5.0,1,1.48,1.34,1.0,2.6,16,,8,3,2019,1,4.999999995,1.1044776111160612,1.9832,0.16249999998984377,0,4,OLE,1,0,-0.05676694873414012,1.3943304777986811,0,0,11.304829902998055,0,0.011356651944940318,9.289644077906464,LOW
ALE-0239,2018-06-24,System Failure,Online Services,150.55,3,2.13,3.1,2.82,2.9,27,0.0,6,2,2018,6,50.183333316605555,0.6870967739719042,19.809,0.10740740740342936,3,2,ALE,0,0,-0.060344435506576866,0.509971956499742,0,0,170.90904678024734,0,0.011302744135572786,34.22627712372249,MEDIUM
ALE-0477,2017-02-10,System Failure,Online Services,150.55,4,2.99,2.34,2.53,3.3,24,,2,1,2017,4,37.63749999059063,1.277777777231719,27.9864,0.13749999999427082,3,2,ALE,0,0,-0.07233655461428934,0.509971956499742,0,0,158.07009007253575,0,0.006523176692215614,30.234690299185797,MEDIUM
ALE-0609,2014-02-24,System Failure,E-Banking,109.19,5,2.83,1.98,1.72,3.2,16,,2,1,2014,0,21.837999995632398,1.4292929285710643,28.017,0.1999999999875,3,1,ALE,0,0,-0.031490770748110686,0.03116132197901308,0,0,99.07126005528528,0,0.044609317881352674,28.200907052727782,LOW
ALE-0935,2019-10-23,System Failure,Online Services,293.64,2,2.66,2.38,1.76,2.8,22,0.0,10,4,2019,2,146.81999992659,1.11764705835393,12.6616,0.12727272726694214,3,2,ALE,0,0,-0.08277738938184415,2.382088997542417,0,0,241.0071690126166,0,0.11301339897881696,45.650313039987736,MEDIUM
ALE-1034,2018-03-25,Phishing,Online Services,248.76,4,2.22,1.9,1.33,3.4,26,,3,1,2018,6,62.1899999844525,1.1684210520166205,16.872,0.1307692307642012,2,2,ALE,0,0,-0.06892374414928609,1.794901823022917,0,0,207.7964553990241,0,0.011294073541928434,38.84186640824366,MEDIUM
OLE-0524,2014-04-07,Cyber-Fraud,ATM Network,65.64,4,0.91,0.85,1.0,3.1,14,,4,2,2014,0,16.4099999958975,1.0705882340346022,3.094,0.2214285714127551,0,0,OLE,1,0,-0.032962381010193886,0.6009474505512997,0,0,63.172556258025494,0,0.03538647299199235,21.93182483497645,LOW
OLE-0233,2015-05-20,Cyber-Fraud,E-Banking,100.51,3,0.81,0.83,1.0,3.8,20,,5,2,2015,2,33.50333332216556,0.975903613282044,2.0169,0.1899999999905,0,1,OLE,1,0,-0.07733542069571847,0.14472604289766852,0,0,81.6995079118847,0,0.0017021729301311206,17.13928082703552,LOW
OLE-0645,2023-12-22,Cyber-Fraud,Payments,5.0,2,0.62,0.93,1.0,4.0,20,0.0,12,4,2023,4,2.49999999875,0.6666666659498208,1.1532,0.19999999999,0,3,OLE,1,0,-0.04679751483173655,1.3943304777986811,0,0,10.53727568212339,0,0.007625965886835452,10.51268435912744,LOW
ALE-0854,2014-09-22,Cyber-Fraud,Retail Banking,119.53,2,2.64,1.24,0.91,3.9,15,0.0,9,3,2014,0,59.7649999701175,2.1290322563475548,6.5472,0.25999999998266665,0,4,ALE,0,1,0.013183309022674283,0.1041219976406757,0,1,156.90356313023443,1,0.7701362678782498,69.43724139406945,HIGH
OLE-0534,2019-11-04,Cyber-Fraud,E-Banking,35.97,4,0.83,0.98,1.0,2.8,14,,11,4,2019,0,8.992499997751874,0.8469387746459809,3.2535999999999996,0.19999999998571427,0,1,OLE,1,0,-0.03965249295074991,0.9891346935992847,0,0,35.021082526986696,0,0.006711806654151804,15.44550088015141,LOW
ALE-0855,2016-02-21,Cyber-Fraud,Online Services,140.26,1,2.08,2.4,2.33,3.3,22,,2,1,2016,6,140.25999985974,0.8666666663055556,4.992,0.1499999999931818,0,2,ALE,0,0,-0.05997821975448764,0.3753428115397227,0,0,169.1289910788147,0,0.03207533860902631,34.72349522094466,MEDIUM
OLE-0604,2019-12-10,Tech Failure,Payments,62.6,1,0.86,1.36,1.0,3.0,15,,12,4,2019,1,62.5999999374,0.632352940711505,1.1696,0.19999999998666668,4,3,OLE,1,0,-0.06757915716355861,0.640721269859216,0,0,62.04214291463173,0,0.012272382215496234,15.817023445120151,LOW
ALE-1222,2019-07-13,System Failure,Retail Banking,302.99,3,2.25,2.91,2.6,2.6,24,,7,3,2019,5,100.99666663300111,0.7731958760229567,19.642500000000002,0.10833333332881945,3,4,ALE,0,0,-0.04765578932970549,2.5044196589006464,1,1,243.62094364023713,0,0.04493984271412797,48.8849934781124,MEDIUM
ALE-0217,2016-11-23,Tech Failure,E-Banking,169.25,2,2.24,3.4,4.24,2.9,23,,11,4,2016,2,84.62499995768749,0.6588235292179931,15.232000000000001,0.1260869565162571,4,1,ALE,0,0,-0.06662637603265037,0.7546332792162002,0,0,193.1298188705258,0,0.04952992212145665,38.17990357302439,MEDIUM
ALE-0624,2015-09-18,Tech Failure,E-Banking,179.65,3,1.06,1.89,1.28,3.4,22,,9,3,2015,4,59.88333331337222,0.5608465605498166,6.0102,0.15454545453842974,4,1,ALE,0,0,-0.09246759880774913,0.8907016084274926,0,0,172.54845427185,0,0.012289999329345748,29.766215162625887,LOW
OLE-0061,2018-05-06,Data Breach,ATM Network,14.17,5,1.45,0.99,1.0,2.7,24,,5,2,2018,6,2.8339999994332,1.4646464631670237,7.1775,0.1124999999953125,1,0,OLE,1,0,-0.016064901961187372,1.2743548452152629,0,0,24.005108441467133,0,0.03364817401777732,18.122867847034467,LOW
ALE-0574,2015-12-11,Tech Failure,Payments,206.13,1,2.44,1.7,2.02,2.7,29,,12,4,2015,4,206.12999979386998,1.4352941168027682,4.148,0.09310344827265161,4,3,ALE,0,1,0.024164772334061224,1.2371525081885522,0,1,210.79539654702273,1,0.8573365008672571,82.71476171999798,CRITICAL
OLE-0093,2025-08-08,Data Breach,ATM Network,64.4,3,1.22,1.23,1.0,2.9,14,0.0,8,3,2025,4,21.466666659511112,0.9918699178927886,4.5018,0.20714285712806121,1,0,OLE,1,0,-0.0540798195234945,0.6171709821111075,0,0,71.66720362032183,0,0.006522662478759029,19.150402217629704,LOW
OLE-0667,2016-11-11,Tech Failure,Payments,14.16,3,0.56,1.12,1.0,2.6,14,,11,4,2016,4,4.719999998426666,0.4999999995535714,1.8816000000000004,0.18571428570102042,4,3,OLE,1,0,-0.04238262295197903,1.2744856801471969,0,0,19.55970525849874,0,0.06424877012325755,14.587878348463345,LOW
ALE-0404,2018-10-16,Cyber-Fraud,Payments,176.11,1,2.94,1.33,1.11,3.8,20,0.0,10,4,2018,1,176.10999982389,2.2105263141274234,3.9102,0.1899999999905,0,3,ALE,0,1,0.0009711290282550245,0.8443860425228797,0,1,183.11056183579785,1,0.4578917376419542,60.882401593744696,HIGH
ALE-0977,2016-03-22,Phishing,ATM Network,216.84,1,1.03,1.38,1.14,2.8,18,0.0,3,1,2016,1,216.83999978315998,0.7463768110533502,1.4214,0.15555555554691358,2,0,ALE,0,0,-0.015310515786364665,1.3772767202897966,0,0,204.8588166317787,0,0.3219025288939584,57.18247883180031,HIGH
OLE-0281,2015-08-31,Cyber-Fraud,Payments,72.12,5,0.49,0.57,1.0,2.8,18,,8,3,2015,0,14.423999997115201,0.8596491212988613,1.3965,0.15555555554691358,0,3,OLE,1,0,-0.07018055276167456,0.5161664146581099,0,0,58.50798578421254,0,0.0016380828797829755,14.495706195519636,LOW
ALE-0513,2014-01-07,System Failure,Retail Banking,221.34,3,2.06,3.26,2.88,3.9,26,,1,1,2014,1,73.77999997540667,0.6319018402969626,20.1468,0.14999999999423078,3,4,ALE,0,0,-0.04195380905490531,1.4361524396600673,0,0,200.50820095566576,0,0.10282608245642252,44.87571332178153,MEDIUM
OLE-0360,2018-03-25,System Failure,E-Banking,74.39,2,0.56,0.84,1.0,3.2,22,0.0,3,1,2018,6,37.194999981402496,0.666666665873016,0.9408000000000001,0.1454545454479339,3,1,OLE,1,0,-0.06638339394562565,0.48646688510910663,0,0,63.277648727435285,0,0.0002967908593390227,15.772075704380756,LOW
ALE-0424,2015-05-14,Data Breach,E-Banking,238.38,1,2.88,2.11,2.22,3.1,18,,5,2,2015,3,238.37999976161998,1.3649289093057209,6.0767999999999995,0.17222222221265432,1,1,ALE,0,0,-0.032363735673524796,1.6590951636754925,0,0,224.5668481922713,0,0.25661935114610634,55.51746572849052,HIGH
ALE-0612,2015-01-08,Phishing,Retail Banking,139.53,4,1.4,2.57,1.89,2.7,29,,1,1,2015,3,34.882499991279374,0.5447470815000984,14.391999999999998,0.09310344827265161,2,4,ALE,0,0,-0.053076771893010966,0.3657918615085456,0,0,138.15726277765265,0,0.05815637902875979,31.71598276776566,MEDIUM
OLE-0848,2023-12-28,Cyber-Fraud,ATM Network,75.88,4,0.57,1.43,1.0,3.9,16,0.0,12,4,2023,3,18.9699999952575,0.39860139832265634,3.2603999999999997,0.24374999998476563,0,0,OLE,1,0,-0.03433232978931955,0.4669724802509504,0,0,68.8367869164944,0,0.07006259119338384,23.846498826079234,LOW
ALE-0349,2015-06-26,System Failure,Retail Banking,69.1,4,2.54,3.24,3.25,3.2,22,0.0,6,2,2015,4,17.27499999568125,0.7839506170419905,32.918400000000005,0.1454545454479339,3,4,ALE,0,0,-0.041056332512538596,0.5556785641021583,0,0,78.02973454163244,0,0.0449445710962836,23.438727374332,LOW
ALE-0705,2018-12-09,Data Breach,Retail Banking,70.22,1,1.55,2.94,2.49,3.8,25,,12,4,2018,6,70.21999992977999,0.5272108841744181,4.557,0.15199999999392,1,4,ALE,0,0,-0.06074317950580632,0.5410250517255575,0,0,112.47006207531786,0,0.060737062112451515,26.57227040065579,LOW
OLE-0111,2024-12-05,Tech Failure,E-Banking,53.85,4,1.21,1.02,1.0,2.8,18,,12,4,2024,3,13.462499996634374,1.1862745086409072,4.9368,0.15555555554691358,4,1,OLE,1,0,-0.08570223361177687,0.755201835301409,0,0,57.90500292269496,0,0.003370553230295356,12.161953901805703,LOW
OLE-0043,2015-08-13,System Failure,Payments,17.23,5,1.18,1.27,1.0,2.9,18,,8,3,2015,3,3.4459999993108,0.929133857536115,7.492999999999999,0.16111111110216048,3,3,OLE,1,0,-0.08454875876495549,1.2343193560434786,0,0,24.170026592904325,0,0.0029873600771433586,6.9362029082736445,LOW
OLE-0126,2014-01-01,Data Breach,Retail Banking,110.45,4,1.19,0.61,1.0,3.0,21,,1,1,2014,2,27.612499993096876,1.9508196689330826,2.9036,0.14285714285034012,1,4,OLE,1,0,-0.06001945746256626,0.014676120555337211,0,0,82.92639432156773,0,0.0038424235233523074,19.973800214503857,LOW
OLE-0205,2015-02-13,Tech Failure,Payments,5.0,1,0.45,0.91,1.0,3.2,19,0.0,2,1,2015,4,4.999999995,0.4945054939620819,0.40950000000000003,0.1684210526227147,4,3,OLE,1,0,-0.07096283454818336,1.3943304777986811,0,0,17.4839584092234,0,0.011697188768039594,8.185702397757586,LOW
OLE-0053,2024-10-18,Tech Failure,ATM Network,71.77,5,0.32,1.1,1.0,3.0,16,0.0,10,4,2024,4,14.353999997129199,0.29090909064462805,1.7600000000000002,0.18749999998828126,4,0,OLE,1,0,-0.053230033363763085,0.5207456372757977,0,0,58.428140326266266,0,0.040616332034711836,18.356930658484995,LOW
OLE-0546,2015-07-14,Tech Failure,Payments,16.79,1,0.4,0.65,1.0,2.9,14,0.0,7,3,2015,1,16.78999998321,0.6153846144378698,0.26,0.20714285712806121,4,3,OLE,1,0,-0.035618594397757164,1.240076093048572,0,0,37.7768224865356,0,0.058653626471287294,18.300467680801958,LOW
OLE-0069,2017-03-30,Data Breach,Payments,57.07,4,1.23,1.16,1.0,2.8,24,,3,1,2017,3,14.267499996433125,1.0603448266721165,5.707199999999999,0.11666666666180554,1,3,OLE,1,0,-0.0830734125841659,0.713072987218682,0,0,58.17854095559235,0,0.007041213239813096,12.723304086009705,LOW
ALE-0432,2017-04-17,System Failure,Online Services,39.03,5,1.81,3.28,3.02,3.3,16,,4,2,2017,0,7.8059999984388,0.5518292681244423,29.684,0.20624999998710936,3,2,ALE,0,0,-0.018034763957307076,0.9490992044275006,0,0,50.5059104935422,0,0.08736448907613502,23.940037594901863,LOW
ALE-0896,2016-11-23,Phishing,Retail Banking,10.0,2,1.7,1.84,1.5,3.5,15,,11,4,2016,2,4.9999999975,0.9239130429761341,6.256,0.23333333331777778,2,4,ALE,0,0,-0.05294399317827758,1.3289130118317138,0,0,31.376708633033672,0,0.020598897785080804,13.382047277594818,LOW
OLE-0184,2015-02-25,Tech Failure,E-Banking,23.82,3,0.96,1.13,1.0,3.4,15,0.0,2,1,2015,2,7.9399999973533335,0.849557521372073,3.2543999999999995,0.22666666665155555,4,1,OLE,1,0,-0.07313150273834035,1.1480991358990156,0,0,29.621439426886894,0,0.02406972362721477,10.234434261420034,LOW
OLE-0138,2023-01-20,Cyber-Fraud,E-Banking,101.32,4,1.0,1.5,1.0,3.8,18,0.0,1,1,2023,4,25.3299999936675,0.6666666662222221,6.0,0.21111111109938271,0,1,OLE,1,0,-0.06652587288476941,0.13412841341101994,0,0,76.82985862107962,0,0.0064512858923522695,18.12892742826464,LOW
ALE-0042,2018-07-06,Cyber-Fraud,Online Services,153.59,2,1.18,1.81,1.57,2.7,18,,7,3,2018,4,76.7949999616025,0.6519337012972741,4.2716,0.1499999999916667,0,2,ALE,0,0,-0.08037035087570132,0.5497457758076582,0,0,151.644804391989,0,0.06856227475336418,30.191269820659915,MEDIUM
OLE-0797,2018-05-30,Cyber-Fraud,ATM Network,29.23,2,1.45,1.18,1.0,3.9,18,,5,2,2018,2,14.6149999926925,1.2288135582806665,3.4219999999999997,0.21666666665462964,0,0,OLE,1,0,-0.06349346443991066,1.0773174377227568,0,0,46.91955915012843,0,0.017473835063239036,14.190883597135045,LOW
OLE-0133,2022-05-30,Tech Failure,ATM Network,72.16,4,1.48,1.12,1.0,3.3,20,0.0,5,2,2022,0,18.03999999549,1.3214285702487243,6.630400000000001,0.16499999999175,4,0,OLE,1,0,-0.064726795051602,0.5156430749303742,0,0,68.06104640947933,0,0.01747656415284669,17.38193871363512,LOW
OLE-0081,2020-03-22,Tech Failure,Retail Banking,66.97,5,0.41,1.08,1.0,3.8,18,,3,1,2020,6,13.393999997321199,0.37962962927812066,2.214,0.21111111109938271,4,4,OLE,1,0,-0.0328788692585138,0.5835464046040864,0,0,60.35064465667956,0,0.0031621149945757275,20.36604187317893,LOW
ALE-0827,2018-01-24,Phishing,Payments,190.81,2,2.59,3.01,2.12,3.3,26,0.0,1,1,2018,2,95.4049999522975,0.860465115993201,15.591799999999997,0.12692307691819527,2,3,ALE,0,0,-0.08908036128626079,1.0367133924657639,0,0,208.4564480690309,0,0.027645469259686774,36.53505315759533,MEDIUM
ALE-0888,2015-01-20,System Failure,Online Services,211.17,3,2.02,1.88,2.0,3.0,28,,1,1,2015,1,70.38999997653666,1.0744680845348573,11.392800000000001,0.10714285713903061,3,2,ALE,0,0,-0.08101415895941427,1.3030933138832552,0,0,186.96670584546263,0,0.01951177908316822,34.01553123260818,MEDIUM
OLE-0542,2018-11-21,Cyber-Fraud,Payments,75.85,2,0.48,1.1,1.0,3.7,14,0.0,11,4,2018,2,37.924999981037494,0.43636363596694205,1.056,0.2642857142668367,0,3,OLE,1,0,-0.030133896959005813,0.4673649850467522,0,0,66.44366188234221,0,0.18311756698806658,28.043177654268312,LOW
ALE-0948,2014-03-26,Cyber-Fraud,Retail Banking,235.54,3,1.38,1.98,2.26,3.5,15,,3,1,2014,2,78.51333330716221,0.696969696617692,8.197199999999999,0.23333333331777778,0,4,ALE,0,0,-0.04430300861201952,1.6219380430062549,0,0,156.40523044339756,0,0.10399958780879306,37.53140249136291,MEDIUM
ALE-0126,2015-05-02,Data Breach,Online Services,50.45,5,0.95,2.65,1.81,3.3,21,,5,2,2015,5,10.089999997982,0.35849056590245637,12.5875,0.15714285713537415,1,2,ALE,0,0,-0.0927350506921244,0.7996857121589469,0,0,48.68594044811412,0,0.009362440155279029,9.859282108156497,LOW
OLE-0166,2020-03-16,Cyber-Fraud,E-Banking,82.13,5,0.65,1.46,1.0,3.1,19,0.0,3,1,2020,0,16.4259999967148,0.44520547914711955,4.745,0.16315789472825484,0,1,OLE,1,0,-0.06764649634368392,0.38520064779224106,0,0,59.96314164890539,0,0.004046962726149982,15.187415017912143,LOW
OLE-0249,2022-12-08,Tech Failure,E-Banking,63.19,4,1.11,0.94,1.0,3.3,14,,12,4,2022,3,15.797499996050623,1.1808510625735629,4.1736,0.23571428569744896,4,1,OLE,1,0,-0.05130681162158435,0.6330020088751138,0,0,61.509795289074404,0,0.091688343454266,20.92094985767517,LOW
OLE-0447,2015-12-11,Tech Failure,Payments,19.21,4,0.78,1.26,1.0,3.2,24,,12,4,2015,4,4.802499998799375,0.6190476185563114,3.9312,0.13333333332777778,4,3,OLE,1,0,-0.07552229417520195,1.2084140395205598,0,0,21.25322917276442,0,0.0014472289659642086,7.7533377947636986,LOW
ALE-0444,2015-08-19,Tech Failure,Retail Banking,232.17,4,2.29,1.35,1.33,2.9,22,,8,3,2015,2,58.04249998548937,1.6962962950397804,12.366000000000001,0.13181818181219007,4,4,ALE,0,0,-0.04999033146466658,1.5778466709445187,0,0,211.04640196187225,0,0.010839721815191957,42.14787921061044,MEDIUM
ALE-0001,2017-01-05,Tech Failure,Online Services,80.29,4,2.71,1.6,1.15,3.8,25,0.0,1,1,2017,3,20.072499994981875,1.693749998941406,17.344,0.15199999999392,4,2,ALE,0,0,-0.039726398735539514,0.40927427526808496,0,0,83.97147291378553,0,0.0067602935485275165,23.24731955182268,LOW
ALE-1148,2019-06-07,Data Breach,Online Services,249.89,2,2.95,3.02,2.02,3.8,17,,6,2,2019,4,124.94499993752748,0.9768211917295294,17.818,0.22352941175155708,1,2,ALE,0,0,-0.02990017513994825,1.8096861703314515,0,0,230.78460986870243,0,0.22112971801271133,55.632262759119165,HIGH
OLE-0098,2016-08-19,Cyber-Fraud,E-Banking,65.86,4,0.46,0.58,1.0,3.6,15,,8,3,2016,4,16.46499999588375,0.7931034469084425,1.0672,0.239999999984,0,1,OLE,1,0,-0.05299243687199506,0.5980690820487532,0,0,60.16008906728499,0,0.04930223003676447,18.972484932088204,LOW
OLE-0806,2023-04-02,Data Breach,ATM Network,111.01,4,1.41,1.0,1.0,3.5,15,,4,2,2023,6,27.752499993061875,1.4099999985899998,5.64,0.23333333331777778,1,0,OLE,1,0,-0.0292187934521424,0.007349364367036824,0,0,88.64933174654979,0,0.0747377685727874,27.928758344410078,LOW
OLE-0738,2023-06-07,Tech Failure,ATM Network,43.27,2,0.43,1.35,1.0,3.3,21,,6,2,2023,2,21.6349999891825,0.3185185182825788,1.161,0.15714285713537415,4,0,OLE,1,0,-0.06558026076335266,0.8936251932875122,0,0,48.605957189319206,0,0.026550792803650792,14.46870228252743,LOW
ALE-0566,2014-09-10,System Failure,Payments,221.51,2,0.91,2.73,3.21,3.6,19,,9,3,2014,2,110.7549999446225,0.3333333332112332,4.9686,0.18947368420055402,3,3,ALE,0,0,-0.0657356401205626,1.4383766335029442,0,0,159.57181665494062,0,0.10441052285366997,34.87772367129502,MEDIUM
OLE-0103,2021-10-20,Cyber-Fraud,ATM Network,10.59,3,0.72,1.4,1.0,2.5,21,,10,4,2021,2,3.529999998823333,0.5142857139183673,3.024,0.11904761904195012,0,0,OLE,1,0,-0.04640380855995596,1.3211937508476115,0,0,15.906323984929646,0,0.03534850720405083,12.398010792538267,LOW
OLE-0435,2023-04-20,System Failure,E-Banking,36.91,4,0.42,0.68,1.0,4.0,21,,4,2,2023,3,9.227499997693124,0.6176470579152249,1.1424,0.1904761904671202,3,1,OLE,1,0,-0.050576731824598986,0.9768362099974949,0,0,33.30308354939714,0,0.014240568742116731,13.817400698191356,LOW
OLE-0075,2018-05-24,System Failure,E-Banking,25.13,3,0.96,0.89,1.0,2.7,17,,5,2,2018,3,8.376666663874444,1.0786516841812903,2.5632,0.15882352940242214,3,1,OLE,1,0,-0.09191806104960976,1.1309597598156702,0,0,30.493485982809222,0,0.0006637272776673039,6.772803511541578,LOW
ALE-1171,2014-06-12,Tech Failure,E-Banking,237.97,5,1.87,1.7,1.93,3.2,28,,6,2,2014,3,47.5939999904812,1.0999999993529412,15.895000000000001,0.11428571428163266,4,1,ALE,0,0,-0.06881467912073641,1.6537309314662012,0,0,185.2840591730391,0,0.011025414258397526,35.256285435788534,MEDIUM
ALE-0501,2015-06-14,Tech Failure,E-Banking,88.1,4,1.83,1.49,1.19,2.6,21,,6,2,2015,6,22.024999994493747,1.2281879186388,10.9068,0.12380952380362813,4,1,ALE,0,0,-0.04652433573872028,0.3070921934276819,0,0,87.5760877465986,0,0.011460453441493119,22.980501521395784,LOW
ALE-0565,2019-02-25,Data Breach,E-Banking,130.14,2,2.69,2.4,2.57,3.8,27,,2,1,2019,0,65.069999967465,1.1208333328663194,12.911999999999999,0.1407407407355281,1,1,ALE,0,0,-0.06826630189223426,0.24293786042258048,0,0,169.59372164100145,0,0.08164337258417513,35.30538443534595,MEDIUM
ALE-0373,2014-11-21,Phishing,Retail Banking,136.92,5,1.65,2.49,1.83,3.1,15,,11,4,2014,4,27.383999994523197,0.6626506021435137,20.5425,0.20666666665288888,2,4,ALE,0,0,-0.05688063432471013,0.3316439442737884,0,0,115.78765740029323,0,0.006765912082522109,25.78456818416765,LOW
ALE-0061,2016-12-05,Tech Failure,ATM Network,178.41,1,2.24,2.1,2.24,3.6,19,0.0,12,4,2016,0,178.40999982159,1.06666666615873,4.704000000000001,0.18947368420055402,4,0,ALE,0,0,-0.019964590286588035,0.8744780768676845,0,0,179.29531626680867,0,0.23386891549412325,49.3330169588991,MEDIUM
ALE-1080,2015-02-25,Phishing,ATM Network,86.5,5,2.24,3.33,3.42,3.8,29,0.0,2,1,2015,2,17.29999999654,0.6726726724706689,37.29600000000001,0.13103448275410226,2,0,ALE,0,1,0.0025617425920756443,0.32802578253711145,0,1,83.983476094943,1,0.778123779588124,56.50822111359749,HIGH
ALE-1033,2018-02-23,Phishing,Retail Banking,172.63,4,2.19,2.36,2.02,3.9,27,,2,1,2018,4,43.15749998921062,0.9279661013017093,20.673599999999997,0.14444444443909465,2,4,ALE,0,0,-0.06657652745607118,0.7988554862098701,0,0,172.29711835406394,0,0.010962230333477242,33.513119536442815,MEDIUM
ALE-0976,2017-07-10,Phishing,ATM Network,169.84,2,1.67,1.44,1.04,3.3,21,0.0,7,3,2017,0,84.91999995754,1.1597222214168594,4.8096,0.15714285713537415,2,0,ALE,0,0,-0.07964315397648736,0.7623525402003024,0,0,172.8696968905887,0,0.13956557148024576,36.17093336869085,MEDIUM
OLE-0763,2018-04-24,Data Breach,E-Banking,33.38,5,0.75,0.87,1.0,3.3,14,0.0,4,2,2018,1,6.675999998664801,0.8620689645263575,3.2625,0.23571428569744896,1,1,OLE,1,0,-0.051485956656017295,1.0230209409701738,0,0,30.8901278729175,0,0.0526507928638612,14.642099126002893,LOW
ALE-0132,2016-11-11,System Failure,E-Banking,112.45,3,1.7,1.87,2.31,3.4,23,,11,4,2016,4,37.48333332083889,0.9090909086047642,9.536999999999999,0.14782608695009453,3,1,ALE,0,0,-0.11428291109719801,0.011490865831449778,0,0,138.16140447826226,0,0.0046297276940229,20.780911233532347,LOW
OLE-0389,2017-07-10,Tech Failure,Payments,68.31,4,1.13,1.15,1.0,2.8,16,,7,3,2017,0,17.077499995730626,0.9826086947977315,5.1979999999999995,0.1749999999890625,4,3,OLE,1,0,-0.06773282478400006,0.5660145237249391,0,0,64.48676353588165,0,0.0016040112340608445,15.810968768017075,LOW
OLE-0236,2023-01-14,Data Breach,Retail Banking,56.41,4,0.65,1.38,1.0,3.2,21,,1,1,2023,5,14.102499996474373,0.47101449241230836,3.5879999999999996,0.15238095237369614,1,4,OLE,1,0,-0.08670272531413342,0.7217080927263217,0,0,54.73908725379722,0,0.005368879486526546,11.578572152144151,LOW
ALE-0853,2015-06-20,System Failure,Online Services,138.35,3,1.57,2.19,1.59,3.6,15,0.0,6,2,2015,5,46.116666651294445,0.7168949768416005,10.3149,0.239999999984,3,2,ALE,0,0,-0.06640617533980403,0.35035333954034115,0,0,146.14327385003034,0,0.06436365338394748,31.233996074473968,MEDIUM
OLE-0268,2016-07-26,Cyber-Fraud,Retail Banking,45.75,1,0.56,1.23,1.0,3.4,19,,7,3,2016,1,45.74999995424999,0.4552845524753784,0.6888000000000001,0.17894736841163433,0,4,OLE,1,0,-0.06206057407607146,0.8611781301678963,0,0,54.045996242673965,0,0.0006985926900880834,14.953079553882255,LOW
ALE-0485,2016-11-29,Tech Failure,ATM Network,197.81,1,2.27,3.48,2.76,3.6,25,,11,4,2016,1,197.80999980219,0.6522988503872704,7.8996,0.14399999999424,4,0,ALE,0,0,-0.0028177117819897513,1.1282978448195184,0,0,201.02880507062693,1,0.46008245425444966,63.25732610678798,HIGH
OLE-0118,2017-05-17,Data Breach,E-Banking,41.84,4,1.28,0.81,1.0,3.7,19,,5,2,2017,2,10.459999997385001,1.5802469116293247,4.147200000000001,0.19473684209501385,1,1,OLE,1,0,-0.08415062739197815,0.9123345885540648,0,0,40.15545508390925,0,0.0012610940685824819,9.48554300695654,LOW
ALE-0961,2014-11-27,Cyber-Fraud,ATM Network,202.26,3,1.3,1.66,1.16,2.9,22,,11,4,2014,3,67.41999997752666,0.7831325296487154,6.474,0.13181818181219007,0,0,ALE,0,0,-0.09237143487769595,1.1865193895301194,0,0,182.8895635326789,0,0.07960435930126049,33.78659744647724,MEDIUM
OLE-0674,2023-03-21,Tech Failure,Retail Banking,61.41,1,0.92,1.01,1.0,2.7,16,,3,1,2023,1,61.40999993858999,0.9108910882070385,0.9292,0.16874999998945314,4,4,OLE,1,0,-0.05463085060015371,0.6562906267593542,0,0,66.68852557183713,0,0.008188287556683292,18.33265957639955,LOW
OLE-0250,2016-10-06,Tech Failure,Retail Banking,73.37,2,0.5,1.29,1.0,3.6,15,0.0,10,4,2016,3,36.6849999816575,0.38759689892434346,1.29,0.239999999984,4,4,OLE,1,0,-0.04064803952117202,0.49981204816636793,0,0,66.7302231993762,0,0.025180589439291252,21.004365993005358,LOW
ALE-0790,2014-02-12,System Failure,ATM Network,202.6,1,1.33,2.77,3.22,2.9,22,,2,1,2014,2,202.5999997974,0.4801444041587926,3.6841000000000004,0.13181818181219007,3,0,ALE,0,0,-0.042300567254806465,1.190967777215873,0,0,197.53609410048693,0,0.2214203148684359,48.50090760959184,MEDIUM
ALE-1286,2019-06-19,System Failure,Retail Banking,172.05,4,2.38,1.84,1.42,3.3,29,,6,2,2019,2,43.01249998924688,1.2934782601665877,17.5168,0.11379310344435195,3,4,ALE,0,0,-0.05526593950710745,0.7912670601577021,0,0,172.94122407364748,0,0.004875913214868377,35.07754663100579,MEDIUM
OLE-0095,2016-05-27,Tech Failure,Payments,106.54,1,0.98,1.48,1.0,2.7,24,0.0,5,2,2016,4,106.53999989345999,0.6621621617147553,1.4504,0.1124999999953125,4,3,OLE,1,0,-0.035235695215112495,0.06583257894150572,0,0,97.24124399729898,0,0.09476363025704042,29.10980965967825,LOW
OLE-0034,2023-09-29,Tech Failure,ATM Network,58.37,4,1.34,0.72,1.0,2.6,18,,9,3,2023,4,14.592499996351874,1.8611111085262348,3.8592,0.14444444443641977,4,0,OLE,1,0,-0.03512172838162719,0.6960644460672705,0,0,58.95707718285356,0,0.032772089263640516,20.84793590389108,LOW
ALE-0802,2018-06-24,Tech Failure,E-Banking,232.99,2,1.29,1.95,2.05,3.1,21,,6,2,2018,6,116.4949999417525,0.661538461199211,5.031,0.14761904761201813,4,1,ALE,0,0,-0.0675890393233452,1.5885751353631017,0,0,181.6212158769366,0,0.09021941841760694,37.625062504630684,MEDIUM
ALE-1030,2018-07-12,Tech Failure,Online Services,234.37,5,2.35,2.95,2.53,3.9,27,,7,3,2018,3,46.8739999906252,0.7966101692214881,34.6625,0.14444444443909465,4,2,ALE,0,0,-0.022436697072102274,1.6066303559699846,0,0,195.82193208630116,0,0.15188169593660109,48.734608476991745,MEDIUM
OLE-0449,2019-06-07,Cyber-Fraud,Payments,45.76,1,0.91,0.66,1.0,3.5,14,,6,2,2019,4,45.759999954239994,1.3787878766988062,0.6006,0.24999999998214287,0,3,OLE,1,0,-0.02567778129035303,0.8610472952359624,0,0,55.97192453549599,0,0.1574071290960472,26.132107527884486,LOW
OLE-0717,2019-09-11,System Failure,ATM Network,18.62,5,0.56,1.11,1.0,2.6,16,,9,3,2019,2,3.7239999992552,0.5045045040499959,3.1080000000000005,0.16249999998984377,3,0,OLE,1,0,-0.06312458090326717,1.2161333005046617,0,0,17.892469053579937,0,0.005112893213419376,9.18098554900919,LOW
ALE-1088,2016-07-08,Phishing,E-Banking,10.0,2,2.41,3.42,2.5,3.9,26,,7,3,2016,4,4.9999999975,0.7046783623670532,16.4844,0.14999999999423078,2,1,ALE,0,0,-0.04193265548033043,1.3289130118317138,0,0,37.318767312604244,0,0.10926282877864565,19.06382530001264,LOW
ALE-1175,2015-05-26,Data Breach,Payments,166.92,3,2.15,1.36,0.97,2.9,15,0.0,5,2,2015,1,55.63999998145333,1.5808823517787627,8.772,0.19333333332044444,1,3,ALE,0,0,-0.06543267183377288,0.7241487400755932,0,0,175.07353603031478,0,0.02340573569524012,34.56103953638795,MEDIUM
OLE-0001,2020-09-06,Cyber-Fraud,E-Banking,59.71,5,0.82,0.6,1.0,3.1,21,,9,3,2020,6,11.9419999976116,1.366666664388889,2.4599999999999995,0.14761904761201813,0,1,OLE,1,0,-0.05243252622727734,0.6785325651881231,0,0,52.909286844322644,0,0.005556945421794792,16.367283439506615,LOW
ALE-0702,2014-12-09,Phishing,E-Banking,181.19,2,2.71,2.23,1.5,3.9,20,,12,4,2014,1,90.5949999547025,1.2152466362263468,12.086599999999999,0.19499999999025,2,1,ALE,0,0,-0.06451626554407214,0.9108501879453185,0,0,203.66786331826304,0,0.09174162179816216,41.651306729328255,MEDIUM
ALE-0244,2016-11-05,Cyber-Fraud,Online Services,141.65,2,1.93,2.46,2.99,2.8,29,,11,4,2016,5,70.8249999645875,0.7845528452095313,9.4956,0.09655172413460165,0,2,ALE,0,0,-0.0522287982893862,0.39352886707853985,0,0,162.26267001349424,0,0.030861765971930643,34.73274861294179,MEDIUM
ALE-0251,2014-07-24,Cyber-Fraud,E-Banking,229.52,4,2.63,2.63,2.08,2.8,24,,7,3,2014,3,57.379999985655004,0.9999999996197718,27.667599999999997,0.11666666666180554,0,1,ALE,0,0,-0.055901438723309216,1.5431754139820262,0,0,209.68637001706273,0,0.03842237449191281,42.021040353831005,MEDIUM
ALE-0530,2016-05-09,Data Breach,ATM Network,147.56,5,1.42,2.35,2.83,2.8,19,0.0,5,2,2016,0,29.5119999940976,0.6042553188918062,16.685,0.14736842104487533,1,0,ALE,0,0,-0.07865645144478878,0.47085231185149534,0,0,138.71448868769525,0,0.04271723136714132,27.477152765986734,LOW
OLE-0083,2023-11-10,Data Breach,E-Banking,24.33,2,1.09,0.81,1.0,3.6,20,,11,4,2023,4,12.1649999939175,1.345679010684347,1.7658000000000003,0.179999999991,1,1,OLE,1,0,-0.09519500258761232,1.141426554370385,0,0,47.40424695052736,0,0.00040087901481904116,8.976881068508273,LOW
ALE-0602,2019-06-07,System Failure,ATM Network,162.02,2,1.34,3.42,4.24,3.8,24,,6,2,2019,4,81.009999959495,0.39181286538251087,9.1656,0.1583333333267361,3,0,ALE,0,0,-0.052531597899185045,0.6600396234279654,0,0,177.63471677870817,0,0.14654029299041965,41.189597312933806,MEDIUM
OLE-0677,2019-05-08,System Failure,Payments,42.18,4,0.98,1.33,1.0,4.0,18,,5,2,2019,2,10.54499999736375,0.7368421047091411,5.2136000000000005,0.22222222220987653,3,3,OLE,1,0,-0.06233710379689189,0.9078862008683112,0,0,40.18266922056621,0,0.05637989338298936,14.648796164899904,LOW
ALE-0788,2019-02-13,System Failure,Retail Banking,198.39,1,2.12,1.38,1.38,3.0,27,,2,1,2019,2,198.38999980160997,1.5362318829447597,2.9255999999999998,0.11111111110699588,3,4,ALE,0,0,-0.018952098701953468,1.1358862708716864,0,0,198.14445891470518,1,0.41407503732159867,58.79791981649936,HIGH
ALE-0189,2014-07-30,System Failure,Online Services,276.93,3,0.87,1.52,1.24,2.8,22,0.0,7,3,2014,2,92.30999996923,0.5723684206760734,3.9672,0.12727272726694214,3,2,ALE,0,0,-0.09356985338363771,2.163463826280812,0,0,202.07057119979663,0,0.03436289045563189,35.08643903942843,MEDIUM
OLE-0771,2021-02-27,Tech Failure,ATM Network,41.37,2,0.95,0.96,1.0,3.9,20,,2,1,2021,5,20.6849999896575,0.9895833323025174,1.8239999999999998,0.19499999999025,4,0,OLE,1,0,-0.0497206609587344,0.91848383035496,0,0,56.012485413718544,0,0.003970183023902009,17.20845138008479,LOW
ALE-0518,2015-03-27,Cyber-Fraud,Retail Banking,79.19,1,1.2,1.23,0.92,3.8,18,,3,1,2015,4,79.18999992081,0.9756097553043822,1.476,0.21111111109938271,0,4,ALE,0,0,-0.04531433179974176,0.4236661177808179,0,0,113.66602973866584,0,0.055523065168928236,28.865047404552357,LOW
ALE-0594,2015-04-14,Tech Failure,Payments,140.43,4,1.71,2.17,1.68,3.9,27,,4,2,2015,1,35.10749999122313,0.7880184328165813,14.842799999999999,0.14444444443909465,4,3,ALE,0,0,-0.06458323897771046,0.3775670053825998,0,0,138.8845529841974,0,0.030679404991903258,29.166673300072144,LOW
ALE-0933,2018-08-11,System Failure,Online Services,134.79,5,2.7,1.58,1.93,2.6,15,,8,3,2018,5,26.957999994608397,1.7088607584121134,21.330000000000002,0.17333333332177778,3,2,ALE,0,0,-0.029333410920903136,0.3037761037718603,0,0,103.73386437809252,0,0.025151501404092197,28.583322933737403,LOW
ALE-0833,2016-06-26,Phishing,Retail Banking,189.5,5,2.75,1.4,1.26,3.8,19,0.0,6,2,2016,6,37.89999999242,1.964285712882653,19.25,0.19999999998947368,2,4,ALE,0,0,-0.01846246169893373,1.0195740163824185,0,0,180.03092249060234,0,0.016337457747540453,42.05920545225851,MEDIUM
OLE-0405,2016-07-14,Cyber-Fraud,Payments,5.0,5,1.18,1.45,1.0,3.7,24,,7,3,2016,3,0.9999999998,0.8137931028870392,8.555,0.15416666666024306,0,3,OLE,1,0,-0.06717322852720992,1.3943304777986811,0,0,16.46820840687043,0,0.03772063809915473,9.495535263686552,LOW
ALE-1097,2017-07-16,Data Breach,ATM Network,76.81,2,2.43,1.93,1.45,2.5,15,0.0,7,3,2017,6,38.4049999807975,1.259067356860587,9.3798,0.16666666665555555,1,0,ALE,0,0,-0.032185724943946115,0.45480483158109436,0,0,125.86820287868832,0,0.024408895270272922,31.667011790996902,MEDIUM
ALE-0615,2016-01-10,System Failure,ATM Network,126.96,4,1.4,1.64,1.16,3.6,16,,1,1,2016,6,31.739999992065,0.8536585360648423,9.184,0.2249999999859375,3,0,ALE,0,0,-0.050080937152822025,0.20133235206758926,0,0,124.75505501414096,0,0.04786355054460721,29.66069875945508,LOW
ALE-1167,2017-08-15,System Failure,Online Services,57.17,2,2.54,1.84,1.33,3.5,15,,8,3,2017,1,28.5849999857075,1.3804347818584592,9.3472,0.23333333331777778,3,2,ALE,0,0,-0.0592931126429494,0.7117646378993426,0,0,88.13279716635842,0,0.040626162441965125,22.199566168823104,LOW
OLE-0105,2021-09-08,Data Breach,ATM Network,73.83,2,0.53,0.84,1.0,3.0,18,0.0,9,3,2021,2,36.9149999815425,0.6309523802012472,0.8904,0.1666666666574074,1,0,OLE,1,0,-0.08265282825021353,0.49379364129740705,0,0,60.93426477473231,0,0.0019422917819483792,13.046848057969719,LOW
OLE-0689,2016-04-21,System Failure,Retail Banking,33.01,5,0.47,1.16,1.0,3.6,15,,4,2,2016,3,6.6019999986796,0.4051724134438169,2.7259999999999995,0.239999999984,3,4,OLE,1,0,-0.053130786052778545,1.0278618334517293,0,0,31.03214196432268,0,0.02339559793115544,13.397292008976796,LOW
ALE-1281,2017-09-26,Data Breach,Payments,199.92,1,2.36,1.33,1.07,3.6,27,,9,3,2017,1,199.91999980007998,1.774436088891401,3.1388,0.13333333332839506,1,3,ALE,0,0,-0.01172844952036578,1.1559040154575786,0,0,194.67458807917194,1,0.3973046760872503,58.726813809028435,HIGH
OLE-0827,2018-01-24,System Failure,Payments,19.65,5,1.01,1.39,1.0,3.8,19,0.0,1,1,2018,2,3.9299999992139996,0.726618704513224,7.019499999999999,0.19999999998947368,3,3,OLE,1,0,-0.08266027336096277,1.2026573025154665,0,0,21.51773644700558,0,0.005629629629629629,6.885066479580025,LOW
ALE-0383,2019-11-16,Data Breach,Retail Banking,54.07,5,1.26,3.27,2.8,2.7,15,,11,4,2019,5,10.8139999978372,0.385321100799596,20.601,0.179999999988,1,4,ALE,0,0,-0.033279538015889454,0.7523234667988624,0,0,59.25969715936839,0,0.0443933045380525,21.57572609723022,LOW
OLE-0063,2020-09-24,Cyber-Fraud,Retail Banking,85.05,3,0.75,0.89,1.0,3.2,18,,9,3,2020,3,28.34999999055,0.842696628266633,2.0025,0.17777777776790124,0,4,OLE,1,0,-0.09503245902415275,0.346996847667532,0,0,76.92998686034346,0,0.0038998358913312848,13.834863834139293,LOW
ALE-0448,2015-12-11,System Failure,E-Banking,49.02,3,0.87,2.75,2.54,3.2,22,,12,4,2015,4,16.339999994553335,0.31636363624859504,7.177499999999999,0.1454545454479339,3,1,ALE,0,0,-0.09521430357290306,0.8183951074254996,0,0,57.798225423152026,0,0.016330684374925904,11.190144376361717,LOW
OLE-0853,2025-02-27,System Failure,E-Banking,76.35,1,0.39,1.04,1.0,3.8,24,,2,1,2025,3,76.34999992364999,0.37499999963942304,0.4056,0.1583333333267361,3,1,OLE,1,0,-0.05380880795170284,0.46082323845005546,0,0,71.57852469704312,0,0.05264708720976169,20.790732994733762,LOW
ALE-0941,2014-02-06,Cyber-Fraud,Payments,153.11,5,2.58,1.63,1.72,3.0,27,,2,1,2014,3,30.6219999938756,1.5828220849185142,21.026999999999997,0.11111111110699588,0,3,ALE,0,0,-0.057629965668679284,0.5434656990748294,0,0,141.25372670773197,0,0.021428432575473274,30.250455885967543,MEDIUM
ALE-0405,2019-01-02,Data Breach,Payments,158.55,5,1.14,2.12,2.01,3.3,20,,1,1,2019,2,31.709999993658002,0.5377358488029547,12.084,0.16499999999175,1,3,ALE,0,0,-0.10929317175411807,0.61463990204689,0,0,142.04951196849507,0,0.0028900531103365256,22.07924242504959,LOW
OLE-0224,2019-09-05,Cyber-Fraud,Payments,89.51,2,0.87,1.22,1.0,2.9,14,,9,3,2019,3,44.754999977622504,0.7131147535138403,2.1228,0.20714285712806121,0,3,OLE,1,0,-0.061276737110291746,0.28864446802499694,0,0,79.35857470377908,0,0.0030632254161665927,19.19105236358188,LOW
OLE-0146,2018-06-24,Tech Failure,Payments,5.0,1,0.56,0.54,1.0,2.7,23,,6,2,2018,6,4.999999995,1.037037035116598,0.30240000000000006,0.11739130434272213,4,3,OLE,1,0,-0.01681800517761811,1.3943304777986811,0,0,14.52131712197585,0,0.07109386993495338,17.808622922764002,LOW
ALE-0231,2015-10-12,Cyber-Fraud,Online Services,165.34,2,2.25,1.88,1.98,2.7,17,0.0,10,4,2015,0,82.669999958665,1.1968085100016976,8.459999999999999,0.15882352940242214,0,2,ALE,0,0,-0.05594442781026243,0.7034768208300317,0,0,174.8923266337554,0,0.04554762768875801,36.7119377912127,MEDIUM
OLE-0374,2023-08-12,System Failure,Payments,18.3,5,0.89,0.8,1.0,3.4,22,0.0,8,3,2023,5,3.659999999268,1.112499998609375,3.5600000000000005,0.15454545453842974,3,3,OLE,1,0,-0.0818818392287124,1.2203200183265477,0,0,20.11328551673739,0,0.003560213729252651,6.70378370686698,LOW
ALE-0757,2019-01-08,Cyber-Fraud,Online Services,97.65,4,1.11,1.43,1.63,3.4,15,,1,1,2019,1,24.412499993896876,0.7762237756809625,6.349200000000001,0.22666666665155555,0,2,ALE,0,0,-0.06243601253870684,0.1821448334307739,0,0,91.89699659548297,0,0.01121778138155847,21.3055861638681,LOW
ALE-0285,2017-06-04,System Failure,ATM Network,10.0,5,2.22,1.97,1.48,3.5,24,,6,2,2017,6,1.9999999996,1.1269035527274602,21.867,0.14583333332725695,3,0,ALE,0,0,-0.054268770585426895,1.3289130118317138,0,0,47.04887514188561,0,0.011441534531032421,15.366214220959613,LOW
ALE-1201,2017-12-13,Data Breach,Retail Banking,120.95,3,1.8,2.26,2.05,3.3,26,,12,4,2017,2,40.31666665322778,0.7964601766387345,12.203999999999999,0.12692307691819527,1,4,ALE,0,0,-0.09989681847475934,0.12270055797529447,0,0,147.01961369921708,0,0.0017871163394710058,24.224966179211492,LOW
ALE-1009,2014-06-06,Data Breach,ATM Network,154.51,3,1.14,1.77,1.55,3.6,26,,6,2,2014,4,51.50333331616555,0.6440677962462893,6.0534,0.138461538456213,1,0,ALE,0,0,-0.08688823457959122,0.56178258954558,0,0,160.70979071381282,0,0.007188538027047939,28.524647751397907,LOW
ALE-0417,2019-02-19,Data Breach,Payments,70.12,2,1.93,2.21,1.91,3.5,29,,2,1,2019,1,35.05999998247,0.8733031670256546,8.5306,0.12068965516825209,1,3,ALE,0,0,-0.08356252783179396,0.5423334010448968,0,0,109.28429911376026,0,0.000854735593277746,20.58935653826245,LOW
ALE-0408,2019-08-30,Data Breach,Online Services,159.19,1,2.61,2.49,1.69,2.8,17,0.0,8,3,2019,4,159.18999984080997,1.0481927706633762,6.4989,0.1647058823432526,1,2,ALE,0,0,-0.0638309006070305,0.6230133376906616,0,0,174.73093942989627,0,0.15912765477404525,39.49379956462309,MEDIUM
ALE-0955,2014-03-02,Phishing,ATM Network,89.98,4,1.83,2.12,2.37,3.5,15,,3,1,2014,6,22.49499999437625,0.8632075467626379,15.518400000000002,0.23333333331777778,2,0,ALE,0,0,-0.035595773895865435,0.282495226224102,0,0,93.8662046931361,0,0.07065239386321588,27.67404393673801,LOW
ALE-0608,2014-03-26,Phishing,ATM Network,251.47,1,2.36,2.66,2.94,3.6,28,,3,1,2014,2,251.46999974852997,0.8872180447792413,6.2776,0.12857142856683673,2,0,ALE,0,0,-0.011934165920628903,1.830358089577013,0,0,230.55824786916153,1,0.3989637009185418,64.48041349948008,HIGH
OLE-0010,2017-06-28,Data Breach,ATM Network,23.16,2,0.69,1.47,1.0,3.4,21,,6,2,2017,2,11.57999999421,0.46938775478272937,2.0286,0.16190476189705216,1,0,OLE,1,0,-0.08431009009026569,1.1567342414066555,0,0,33.99976299322457,0,0.002148992711540875,8.510738969480956,LOW
OLE-0450,2019-09-23,System Failure,Payments,90.21,4,0.78,0.62,1.0,3.8,16,,9,3,2019,0,22.552499994361874,1.258064514099896,1.9344000000000001,0.23749999998515625,3,3,OLE,1,0,-0.048007390861929844,0.27948602278962165,0,0,74.0167989290664,0,0.11261805816338083,24.137763973000848,LOW
OLE-0709,2025-06-15,Tech Failure,Retail Banking,41.8,5,0.49,1.29,1.0,3.4,14,0.0,6,2,2025,6,8.359999998328,0.37984496094585657,3.1605000000000003,0.2428571428397959,4,4,OLE,1,0,-0.0106915870686759,0.9128579282818007,0,0,39.3695275422778,0,0.1769177822779257,26.384603753895707,LOW
OLE-0256,2020-02-09,Tech Failure,Retail Banking,62.26,4,0.79,0.57,1.0,3.7,15,0.0,2,1,2020,6,15.56499999610875,1.3859649098491846,1.8012,0.24666666665022224,4,4,OLE,1,0,-0.0020702470000484308,0.6451696575449698,0,0,59.04786098103149,0,0.15511504648593277,30.03809228231402,MEDIUM
ALE-0025,2017-12-19,Tech Failure,E-Banking,124.51,5,2.64,1.3,1.35,3.8,22,0.0,12,4,2017,1,24.9019999950196,2.0307692292071007,17.160000000000004,0.17272727271942148,4,1,ALE,0,0,-0.023469426090629075,0.16927779374377536,0,0,107.58089258871985,0,0.030395074036816166,30.248955196590543,MEDIUM
OLE-0390,2023-09-23,Tech Failure,Payments,54.71,4,1.28,1.11,1.0,3.1,24,,9,3,2023,5,13.677499996580625,1.1531531521142764,5.6832,0.12916666666128473,4,3,OLE,1,0,-0.06566753021652277,0.7439500311550906,0,0,60.86343800184729,0,0.00462118292815214,15.644183503743585,LOW
ALE-0632,2017-10-08,Phishing,ATM Network,23.72,2,1.56,3.42,2.99,2.7,20,0.0,10,4,2017,6,11.85999999407,0.45614035074381865,10.6704,0.13499999999325002,2,0,ALE,0,0,-0.046262288454923084,1.1494074852183551,0,0,49.123724024377566,0,0.03345754298653045,17.653315559023024,LOW
ALE-0051,2017-07-28,System Failure,Payments,89.35,5,2.47,2.59,2.16,2.6,25,0.0,7,3,2017,4,17.869999996426,0.9536679532997422,31.986500000000003,0.10399999999584,3,3,ALE,0,0,-0.03314378516584815,0.29073782693594,0,0,82.65684982361311,0,0.02655506736321714,24.704995400461378,LOW
ALE-0067,2017-03-06,Data Breach,ATM Network,219.78,4,2.06,2.13,2.02,2.8,18,,3,1,2017,0,54.94499998626375,0.9671361497806873,17.551199999999998,0.15555555554691358,1,0,ALE,0,0,-0.07086378610851335,1.4157421902783736,0,0,185.4960921061448,0,0.03470829402653339,35.815625788142505,MEDIUM
ALE-1071,2015-12-29,Cyber-Fraud,Online Services,155.37,2,2.3,1.91,1.6,3.9,21,,12,4,2015,1,77.6849999611575,1.2041884810449275,8.786,0.18571428570544218,0,2,ALE,0,0,-0.059178945823096074,0.5730343936918986,0,0,176.96056617517414,0,0.03752338601990606,36.28221144103007,MEDIUM
ALE-0536,2015-07-14,Data Breach,ATM Network,69.37,5,1.01,2.01,1.45,2.6,24,,7,3,2015,1,13.873999997225201,0.502487561939061,10.1505,0.10833333332881945,1,0,ALE,0,0,-0.06513867609677693,0.5521460209399419,0,0,68.1849633571515,0,0.018546145209570073,17.378163699648503,LOW
OLE-0461,2014-05-13,Cyber-Fraud,E-Banking,44.75,4,0.33,0.62,1.0,2.7,20,,5,2,2014,1,11.187499997203124,0.5322580636576484,0.8184,0.13499999999325002,0,1,OLE,1,0,-0.06194176038004107,0.8742616233612898,0,0,35.79720674950474,0,0.0091295467941196,12.35377657893107,LOW
ALE-0580,2018-03-19,Phishing,Payments,128.5,4,1.62,2.66,3.27,3.6,20,0.0,3,1,2018,0,32.12499999196875,0.6090225561620216,17.236800000000002,0.179999999991,2,3,ALE,0,0,-0.07879055685703229,0.22148093158541532,0,0,137.52044428661307,0,0.007234442201475337,26.024864341661097,LOW
ALE-1068,2017-07-28,Tech Failure,E-Banking,143.03,4,1.87,2.22,2.19,4.0,18,0.0,7,3,2017,4,35.75749999106063,0.8423423419629088,16.605600000000003,0.22222222220987653,4,1,ALE,0,0,-0.030709642990191743,0.4115840876854228,0,0,150.07606435512696,0,0.06774780142645714,37.265298477490425,MEDIUM
ALE-0311,2017-07-04,Phishing,ATM Network,244.65,1,2.91,3.09,2.21,2.8,15,0.0,7,3,2017,1,244.64999975535,0.9417475725107614,8.9919,0.1866666666542222,2,0,ALE,0,1,0.0117649400203087,1.7411286659980696,0,1,231.78372711398512,1,0.8077885489175969,82.49376973793136,CRITICAL
ALE-0101,2015-09-18,Phishing,ATM Network,60.86,1,1.93,1.66,1.62,3.4,22,,9,3,2015,4,60.859999939139996,1.1626506017092466,3.2037999999999998,0.15454545453842974,2,0,ALE,0,0,-0.09304835271840017,0.6634865480157206,0,0,115.85044224531964,0,0.005904814685578999,20.409385912798687,LOW
OLE-0502,2021-01-04,Tech Failure,Payments,41.48,3,0.67,0.93,1.0,3.5,18,,1,1,2021,0,13.826666662057777,0.7204301067522257,1.8693000000000004,0.19444444443364198,4,3,OLE,1,0,-0.07197736245654307,0.9170446461036865,0,0,52.46999468931742,0,5.602240896358543e-05,13.21080648762219,LOW
OLE-0740,2015-08-25,System Failure,ATM Network,64.38,4,0.95,0.55,1.0,2.6,24,,8,3,2015,1,16.09499999597625,1.7272727241322312,2.09,0.10833333332881945,3,0,OLE,1,0,-0.01902683395919358,0.6174326519749755,0,0,57.52626172976912,0,0.12261326032415919,26.14710146581716,LOW
OLE-0041,2017-11-25,Cyber-Fraud,Retail Banking,28.85,4,0.41,1.46,1.0,3.5,22,,11,4,2017,5,7.212499998196876,0.2808219176158754,2.3943999999999996,0.15909090908367768,0,4,OLE,1,0,-0.05836086727789802,1.0822891651362463,0,0,27.636476071423875,0,0.02758745224048104,12.227781036260083,LOW
ALE-0011,2018-09-16,Tech Failure,Online Services,85.61,4,2.08,2.73,1.9,3.0,29,0.0,9,3,2018,6,21.402499994649375,0.7619047616256759,22.7136,0.10344827585850179,4,2,ALE,0,0,-0.029242604449059018,0.33967009147923166,0,0,93.14564619993779,0,0.029867403132612946,27.0722515848735,LOW
OLE-0732,2016-07-08,System Failure,ATM Network,47.23,2,1.35,0.85,1.0,3.6,21,,7,3,2016,4,23.614999988192498,1.5882352922491352,2.295,0.17142857142040815,3,0,OLE,1,0,-0.07182543959426019,0.8418145602416739,0,0,61.3091832078672,0,0.0007612393751794016,14.668461500486185,LOW
OLE-0540,2016-11-29,Cyber-Fraud,Retail Banking,81.8,5,0.71,1.13,1.0,2.8,15,0.0,11,4,2016,1,16.359999996728,0.6283185835147623,4.0115,0.1866666666542222,0,4,OLE,1,0,-0.06575814491197118,0.3895182005460609,0,0,62.424937609089405,0,0.0008229128144082078,15.746997564582973,LOW
ALE-0344,2017-11-13,Data Breach,Retail Banking,123.54,4,1.15,2.74,2.06,2.7,27,0.0,11,4,2017,0,30.88499999227875,0.4197080290439021,12.604,0.0999999999962963,1,4,ALE,0,0,-0.05851520021916956,0.15658680534618366,0,0,122.86210106760453,0,0.026197078541014787,27.351518284966737,LOW
ALE-0482,2017-11-13,Phishing,Online Services,178.24,2,1.19,3.19,2.67,3.9,15,0.0,11,4,2017,0,89.11999995544001,0.3730407522341565,7.592199999999999,0.25999999998266665,2,2,ALE,0,1,0.017138268328859896,0.8722538830248079,0,1,171.03177682598258,1,0.814562187995863,73.83218116694627,CRITICAL
OLE-0698,2025-10-31,Tech Failure,ATM Network,37.4,5,0.34,1.04,1.0,2.6,15,,10,4,2025,4,7.479999998504,0.32692307660872777,1.7680000000000002,0.17333333332177778,4,0,OLE,1,0,-0.04216557450140623,0.9704252983327321,0,0,33.05755123711547,0,0.03725666652356551,15.829156536579033,LOW
ALE-0724,2018-08-05,Data Breach,Payments,206.49,3,1.34,3.05,2.48,3.1,20,0.0,8,3,2018,6,68.82999997705667,0.4393442621510347,12.261000000000001,0.15499999999225,1,3,ALE,0,0,-0.07598571288017669,1.241862565738174,0,0,194.43341469508894,0,0.04917245220700345,36.98964669690886,MEDIUM
ALE-0704,2014-05-13,System Failure,Online Services,56.28,5,1.45,2.37,1.87,2.5,29,,5,2,2014,1,11.2559999977488,0.6118143457334116,17.1825,0.08620689654875148,3,2,ALE,0,0,-0.02942989756575709,0.7234089468414628,0,0,63.9726880655806,0,0.21773823567102624,28.964840733573972,LOW
ALE-1154,2016-02-09,Cyber-Fraud,E-Banking,141.11,1,2.92,3.35,2.4,3.9,25,0.0,2,1,2016,1,141.10999985889,0.8716417907845845,9.782,0.15599999999376,0,1,ALE,0,0,-0.018512281527204855,0.3864637807541075,0,0,190.14070388267703,1,0.3819533467475375,56.46161338728477,HIGH
ALE-0288,2018-08-11,Cyber-Fraud,ATM Network,101.11,5,2.04,1.31,1.58,2.9,15,0.0,8,3,2018,5,20.2219999959556,1.5572519072082045,13.362,0.19333333332044444,0,0,ALE,0,0,-0.04191889496659362,0.1368759469816325,0,0,95.00767938415449,0,0.02475223585375886,25.31347113518865,LOW
ALE-0174,2018-02-23,System Failure,E-Banking,63.85,4,1.08,2.76,2.3,3.2,23,,2,1,2018,4,15.962499996009376,0.39130434768431005,11.9232,0.13913043477655956,3,1,ALE,0,0,-0.10136979520482192,0.624366903367474,0,0,63.75807570786885,0,0.00094541759492228,10.691285468997622,LOW
OLE-0373,2025-05-10,Tech Failure,Payments,34.13,1,1.34,1.32,1.0,2.8,14,,5,2,2025,5,34.12999996587,1.015151514382461,1.7688000000000001,0.19999999998571427,4,3,OLE,1,0,-0.04919083503239441,1.0132083210751286,0,0,61.192877678615694,0,0.006165154008611535,18.19036295332939,LOW
OLE-0668,2016-04-03,Data Breach,ATM Network,58.57,2,1.21,1.0,1.0,3.9,24,0.0,4,2,2016,6,29.284999985357498,1.2099999987899999,2.42,0.16249999999322917,1,0,OLE,1,0,-0.043759584438811894,0.6934477474285917,0,0,64.11886197170082,0,0.00314347535308234,19.355668023491564,LOW
ALE-0873,2016-10-06,Cyber-Fraud,Payments,160.96,5,1.02,1.54,1.19,3.6,25,,10,4,2016,3,32.1919999935616,0.6623376619075729,7.853999999999999,0.14399999999424,0,3,ALE,0,0,-0.08856590062645381,0.6461711206429682,0,0,127.33925489987821,0,0.005860255803517789,22.9047885797268,LOW
OLE-0358,2018-03-31,System Failure,Retail Banking,105.58,4,1.1,0.97,1.0,3.7,18,,3,1,2018,5,26.39499999340125,1.1340206173876077,4.268,0.20555555554413582,3,4,OLE,1,0,-0.08236672513956605,0.07839273240716359,0,0,80.45052175279906,0,0.0002844306887637282,16.145413149105924,LOW
ALE-0110,2019-06-01,Data Breach,Payments,186.29,4,1.55,1.22,1.07,2.5,23,0.0,6,2,2019,5,46.572499988356874,1.2704918022373017,7.564,0.10869565216918714,1,3,ALE,0,0,-0.06202108086764291,0.9775760032316253,0,0,163.7745233510485,0,0.0086318213332551,32.74608420329138,MEDIUM
OLE-0784,2025-04-28,Cyber-Fraud,Payments,75.49,1,1.45,1.37,1.0,3.6,19,,4,2,2025,0,75.48999992450999,1.0583941598113908,1.9865000000000002,0.18947368420055402,0,3,OLE,1,0,-0.057015299574091016,0.4720750425963739,0,0,73.7542389153014,0,0.042301976839112576,20.30107572668796,LOW
OLE-0736,2020-10-24,Tech Failure,Retail Banking,54.36,4,1.17,0.62,1.0,3.4,24,0.0,10,4,2020,5,13.589999996602499,1.8870967711498439,2.9015999999999997,0.14166666666076388,4,4,OLE,1,0,-0.032748698247031416,0.7485292537727783,0,0,55.94128752378645,0,0.004542686486797332,19.73002958378588,LOW
ALE-0496,2014-04-19,System Failure,Retail Banking,85.69,1,2.74,2.67,3.15,2.9,23,,4,2,2014,5,85.68999991431,1.0262172280800685,7.3158,0.1260869565162571,3,4,ALE,0,0,-0.08211544725401676,0.3386234120237602,0,0,150.24018838111814,0,0.011901323473826188,27.725618147747177,LOW
ALE-0178,2015-12-05,System Failure,Retail Banking,204.09,5,1.54,1.96,2.41,2.7,16,0.0,12,4,2015,5,40.8179999918364,0.785714285313411,15.092,0.16874999998945314,3,4,ALE,0,0,-0.07178652792700768,1.2104621820740296,0,0,181.98524350407604,0,0.016151921359933933,34.469300070934835,MEDIUM
ALE-0113,2014-09-16,System Failure,Payments,202.75,3,2.57,1.61,1.09,3.1,16,,9,3,2014,1,67.58333331080556,1.5962732909339914,12.4131,0.19374999998789064,3,3,ALE,0,0,-0.06698168044683589,1.1929303011948822,0,0,194.11166919702168,0,0.09692978211678374,39.94296648138827,MEDIUM
ALE-0992,2015-11-05,Tech Failure,Online Services,79.52,2,1.5,1.49,1.31,3.3,27,0.0,11,4,2015,3,39.75999998012,1.006711408720328,4.47,0.12222222221769546,4,2,ALE,0,0,-0.07683729384322463,0.4193485650269981,0,0,113.57529994051288,0,0.015647455457661462,22.78757234244483,LOW
ALE-0864,2014-07-18,System Failure,ATM Network,293.39,3,1.72,1.88,1.66,2.6,20,0.0,7,3,2014,4,97.79666663406778,0.9148936165346311,9.7008,0.1299999999935,3,0,ALE,0,0,-0.0782844494685947,2.3788181242440687,0,0,227.16545330830215,0,0.05431538281980005,42.052379022200945,MEDIUM
ALE-1141,2017-05-11,Data Breach,Retail Banking,38.0,3,2.95,1.37,1.37,2.9,27,0.0,5,2,2017,3,12.666666662444444,2.153284669961106,12.124500000000003,0.10740740740342936,1,4,ALE,0,0,-0.03953503512316836,0.9625752024166959,0,0,60.90207486374735,0,0.07238192846016363,21.8912028087151,LOW
ALE-0934,2017-04-05,Data Breach,Online Services,141.27,4,2.15,1.5,1.21,2.6,17,,4,2,2017,2,35.31749999117063,1.4333333323777777,12.899999999999999,0.1529411764615917,1,2,ALE,0,0,-0.0711399864422208,0.3885571396650504,0,0,148.44992208255366,0,0.011421479394773799,29.04819697215691,LOW
ALE-0871,2019-02-19,Phishing,Online Services,189.52,2,1.04,1.82,2.19,3.1,16,,2,1,2019,1,94.75999995262,0.5714285711145997,3.7856,0.19374999998789064,2,2,ALE,0,0,-0.07506467191779975,1.0198356862462865,0,0,172.9409533731422,0,0.060468200973046345,34.09179480139374,MEDIUM
ALE-0471,2016-12-11,Tech Failure,Payments,41.51,4,2.72,2.84,2.35,2.6,16,,12,4,2016,6,10.377499997405625,0.9577464785360048,30.8992,0.16249999998984377,4,3,ALE,0,0,-0.015372759752609766,0.9166521413078846,0,0,58.027015149295146,0,0.046929085547705314,24.11909039939733,LOW
ALE-0675,2014-01-07,Cyber-Fraud,ATM Network,57.4,4,2.35,3.42,3.39,3.6,26,,1,1,2014,1,14.3499999964125,0.6871345027230601,32.148,0.138461538456213,0,0,ALE,0,1,0.003021693381809021,0.7087554344648621,0,1,65.06131653086054,0,0.2728456995215325,35.87216100565058,MEDIUM
ALE-0835,2014-01-25,Phishing,E-Banking,180.98,5,1.24,1.34,1.39,3.1,17,,1,1,2014,5,36.1959999927608,0.9253731336377812,8.308000000000002,0.18235294116574394,2,1,ALE,0,0,-0.09373836512083705,0.9081026543747057,0,0,151.10587134519167,0,0.008631353525584856,26.028395369595604,LOW
ALE-1001,2019-12-28,Cyber-Fraud,Payments,95.19,1,2.74,2.6,1.85,2.5,29,0.0,12,4,2019,5,95.18999990481,1.0538461534408283,7.1240000000000006,0.08620689654875148,0,3,ALE,0,0,-0.0026379180730369267,0.214330226686522,0,0,169.6348388300145,0,0.25941730245760086,51.25109883736594,HIGH
ALE-0395,2014-10-16,Phishing,Online Services,150.82,1,0.97,2.95,2.44,2.6,23,,10,4,2014,3,150.81999984918,0.32881355921057165,2.8615,0.11304347825595464,2,2,ALE,0,0,-0.05136818464322557,0.513504499661958,0,0,158.42536874196873,0,0.22784722099691204,41.142341543433865,MEDIUM
ALE-1060,2017-11-19,Tech Failure,Retail Banking,161.15,3,1.47,3.18,3.92,2.9,29,,11,4,2017,6,53.71666664876111,0.46226415079803007,14.023800000000001,0.09999999999655172,4,4,ALE,0,0,-0.02049843243811611,0.648656984349713,0,0,182.611369390082,0,0.027556893256038696,42.56220049251885,MEDIUM
ALE-1084,2017-02-28,System Failure,Online Services,131.12,4,2.69,3.2,2.83,3.3,28,0.0,2,1,2017,1,32.779999991805,0.8406249997373046,34.432,0.11785714285293367,3,2,ALE,0,0,-0.031834720207944533,0.25575968375210634,0,0,137.598579897608,0,0.0817109788492681,35.59638351345129,MEDIUM
ALE-0379,2019-01-14,System Failure,Online Services,239.64,1,2.44,1.31,1.37,3.6,27,,1,1,2019,0,239.63999976035996,1.8625954184254994,3.1964,0.13333333332839506,3,2,ALE,0,1,0.0062465509050089185,1.6755803650991683,0,1,214.54542937412816,1,0.7805873309000875,77.97393077238769,CRITICAL
ALE-0028,2014-07-12,Phishing,ATM Network,152.21,4,2.57,1.35,1.05,3.4,29,0.0,7,3,2014,5,38.05249999048688,1.9037037022935523,13.878,0.11724137930630202,2,0,ALE,0,0,-0.02190075268020364,0.5316905552007751,0,0,161.58219737478385,0,0.04503216492722083,39.61055808670749,MEDIUM
OLE-0080,2016-12-11,Cyber-Fraud,E-Banking,59.01,4,1.18,1.04,1.0,3.4,21,,12,4,2016,6,14.752499996311874,1.1346153835244082,4.9088,0.16190476189705216,0,1,OLE,1,0,-0.06555679069101372,0.6876910104234986,0,0,58.92646557190909,0,0.002985346811186428,15.294240860737279,LOW
ALE-0315,2017-03-24,Tech Failure,Retail Banking,203.94,4,2.12,2.3,1.58,2.6,16,,3,1,2017,4,50.98499998725375,0.9217391300340265,19.503999999999998,0.16249999998984377,4,4,ALE,0,0,-0.04551707844313457,1.2084996580950205,0,0,181.8416381785205,0,0.00398761935713512,37.910139871013776,MEDIUM
OLE-0815,2021-02-03,Cyber-Fraud,E-Banking,46.94,3,1.02,1.2,1.0,2.6,24,,2,1,2021,2,15.64666666145111,0.8499999992916667,3.6719999999999997,0.10833333332881945,0,1,OLE,1,0,-0.06554035390910773,0.8456087732677581,0,0,51.465901899626864,0,0.016524679177883576,14.58006131799346,LOW
ALE-0599,2014-11-21,Tech Failure,Online Services,212.02,5,0.87,3.09,2.61,3.0,28,,11,4,2014,4,42.4039999915192,0.2815533979671348,13.441499999999998,0.10714285713903061,4,2,ALE,0,0,-0.04316686987274454,1.31421428309764,0,0,186.75147408011955,0,0.024477014298524592,39.758712708409085,MEDIUM
OLE-0672,2018-10-10,System Failure,E-Banking,5.0,2,1.39,0.67,1.0,4.0,15,0.0,10,4,2018,2,2.49999999875,2.0746268625751836,1.8626,0.2666666666488889,3,1,OLE,1,1,0.02175983054695907,1.3943304777986811,0,1,15.77877108860583,1,0.8659893063907809,51.542525574183415,HIGH
ALE-0879,2017-09-08,Cyber-Fraud,Online Services,162.79,5,2.54,3.04,2.33,2.5,29,,9,3,2017,4,32.557999993488394,0.8355263155146295,38.608,0.08620689654875148,0,2,ALE,0,1,0.022871662375117396,0.6701139131868782,0,1,145.2714753034394,1,0.7187067695057103,67.21554108378234,HIGH
OLE-0058,2021-08-21,System Failure,Retail Banking,34.78,5,0.73,1.03,1.0,3.2,20,0.0,8,3,2021,5,6.9559999986088,0.7087378633895748,3.7595,0.159999999992,3,4,OLE,1,0,-0.09184553153398328,1.004704050499423,0,0,30.901586217762723,0,0.00018034253328370973,6.831744881449025,LOW
OLE-0134,2020-11-17,Cyber-Fraud,ATM Network,68.46,4,1.06,0.95,1.0,2.8,18,0.0,11,4,2020,1,17.11499999572125,1.1157894725096955,4.028,0.15555555554691358,0,0,OLE,1,0,-0.08009346803981365,0.5640519997459301,0,0,62.76688558516768,0,0.004146669222713542,13.795378295303601,LOW
ALE-0283,2018-06-12,Phishing,Retail Banking,235.54,3,1.79,1.23,1.03,3.5,19,0.0,6,2,2018,1,78.51333330716221,1.4552845516623703,6.6051,0.1842105263060942,2,4,ALE,0,0,-0.06736115727343217,1.6219380430062549,0,0,193.0265448367711,0,0.09632770132497237,39.69255316604584,MEDIUM
ALE-0076,2014-09-10,Data Breach,ATM Network,275.42,4,1.62,2.08,1.5,3.5,20,,9,3,2014,2,68.85499998278625,0.7788461534717086,13.4784,0.17499999999125,1,0,ALE,0,0,-0.09023195183900179,2.1437077515587877,0,0,223.87197966334085,0,0.16278954472716342,43.55446133972434,MEDIUM
ALE-1049,2014-11-21,System Failure,Payments,124.06,2,1.63,3.18,3.33,2.7,22,0.0,11,4,2014,4,62.029999968984995,0.512578616191013,10.3668,0.12272727272169422,3,3,ALE,0,0,-0.08568898532405572,0.16339022180674823,0,0,157.31641820557712,0,0.012659272344627963,28.352202672448453,LOW
OLE-0824,2025-06-03,Cyber-Fraud,ATM Network,69.77,5,1.27,0.79,1.0,3.4,20,,6,2,2025,1,13.953999997209198,1.6075949346739304,5.0165,0.1699999999915,0,0,OLE,1,0,-0.06801706697024168,0.5469126236625846,0,0,61.843105527832385,0,0.017186129874963263,15.8924062372053,LOW
ALE-0575,2015-01-02,Cyber-Fraud,Payments,10.0,4,1.83,2.97,3.4,3.7,15,0.0,1,1,2015,4,2.499999999375,0.6161616159541543,21.7404,0.24666666665022224,0,3,ALE,0,0,-0.018307232462717038,1.3289130118317138,0,0,37.483563037235065,0,0.10379133706867566,22.396645649237986,LOW
ALE-0691,2014-09-16,System Failure,Online Services,10.0,2,2.32,2.5,2.93,2.7,28,,9,3,2014,1,4.9999999975,0.9279999996287999,11.6,0.09642857142512756,3,2,ALE,0,0,-0.064858984685983,1.3289130118317138,0,0,31.218555393157544,0,0.007934629636063404,11.149404474206799,LOW
ALE-0357,2016-04-27,Phishing,Payments,99.95,2,0.89,2.55,3.02,3.9,29,,4,2,2016,2,49.9749999750125,0.34901960770626683,4.539,0.13448275861605233,2,3,ALE,0,0,-0.06137367315114334,0.1520527990859689,0,0,127.23228299648021,0,0.019378261242853818,27.386983071657568,LOW
OLE-0505,2017-05-23,Cyber-Fraud,Retail Banking,41.99,3,0.6,0.82,1.0,3.7,23,0.0,5,2,2017,1,13.996666662001111,0.7317073161808447,1.4759999999999998,0.16086956521039697,0,4,OLE,1,0,-0.07184578909695266,0.9103720645750559,0,0,51.1530559155249,0,5.602240896358543e-05,13.020142216369685,LOW
ALE-1151,2019-07-31,System Failure,Online Services,187.33,3,1.08,2.35,1.87,3.8,29,0.0,7,3,2019,2,62.44333331251889,0.45957446788954276,7.614000000000001,0.13103448275410226,3,2,ALE,0,0,-0.07054966247746297,0.9911828361527547,0,0,182.2398077295171,0,0.009444675917233416,34.458300252773356,MEDIUM
OLE-0348,2022-12-02,Tech Failure,E-Banking,12.35,5,1.09,0.64,1.0,3.4,18,,12,4,2022,4,2.469999999506,1.7031249973388674,3.488,0.18888888887839506,4,1,OLE,1,0,-0.05007097091182422,1.298166802827239,0,0,19.282451403089773,0,0.013095962318720226,11.614936687144196,LOW
OLE-0387,2020-02-03,Tech Failure,Payments,49.2,4,0.6,1.15,1.0,3.4,17,0.0,2,1,2020,0,12.299999996925001,0.5217391299810964,2.76,0.19999999998823528,4,3,OLE,1,0,-0.06982222353464046,0.8160400786506887,0,0,51.419184457480476,0,5.602240896358543e-05,13.36222166251037,LOW
ALE-0167,2017-11-01,Phishing,E-Banking,260.86,2,1.47,3.44,2.72,3.1,17,,11,4,2017,2,130.429999934785,0.4273255812711263,10.1136,0.18235294116574394,2,1,ALE,0,0,-0.05463779320735285,1.9532120906629786,0,0,232.19645507733736,0,0.16907278499231787,50.372860008320664,HIGH
ALE-0527,2019-07-01,Cyber-Fraud,ATM Network,30.82,3,1.86,3.0,3.33,3.2,27,,7,3,2019,0,10.273333329908889,0.6199999997933333,16.740000000000002,0.11851851851412895,0,0,ALE,0,0,-0.04571696204872122,1.056514683545261,0,0,41.28267382921465,0,0.027840283868130738,16.28624911069466,LOW
ALE-0037,2019-07-25,Data Breach,ATM Network,157.8,2,1.26,2.35,2.44,3.1,27,,7,3,2019,3,78.89999996055,0.5361702125377998,5.922000000000001,0.11481481481056242,1,0,ALE,0,0,-0.08069846282417437,0.6048272821518449,0,0,171.80731166259392,0,0.03141059363787126,32.059732164057124,MEDIUM
OLE-0829,2019-06-07,Data Breach,Payments,44.59,2,0.31,0.92,1.0,2.7,18,0.0,6,2,2019,4,22.2949999888525,0.33695652137287335,0.5704,0.1499999999916667,1,3,OLE,1,0,-0.07382448961600718,0.8763549822722327,0,0,44.460654708974126,0,0.004057682022273684,11.79931670710587,LOW
ALE-1235,2014-06-24,Data Breach,E-Banking,139.61,4,1.52,3.35,3.12,3.2,22,0.0,6,2,2014,1,34.902499991274375,0.4537313431481399,20.368000000000002,0.1454545454479339,1,1,ALE,0,0,-0.07739052428338883,0.36683854096401725,0,0,144.7165993762662,0,0.006809204531284471,27.365570447573983,LOW
OLE-0476,2024-04-08,Tech Failure,Payments,84.03,2,0.96,0.98,1.0,3.9,15,,4,2,2024,0,42.0149999789925,0.9795918357351103,1.8816,0.25999999998266665,4,3,OLE,1,0,-0.014001584142736778,0.3603420107247933,0,0,79.48507650017272,0,0.2491307532793789,34.82325266316506,MEDIUM
ALE-0811,2018-07-24,System Failure,Payments,186.69,5,1.88,1.65,1.25,2.9,25,,7,3,2018,1,37.337999992532396,1.1393939387033976,15.509999999999996,0.11599999999536,3,3,ALE,0,0,-0.090098107222148,0.9828094005089827,0,0,161.33318536126853,0,0.002789041821599932,27.994881144306532,LOW
ALE-0784,2017-09-14,Data Breach,Retail Banking,31.11,4,2.23,2.28,1.9,3.1,18,,9,3,2017,3,7.7774999980556245,0.9780701750096183,20.3376,0.17222222221265432,1,4,ALE,0,0,-0.0834915089007654,1.052720470519177,0,0,40.73291203793462,0,0.0021103293399828455,9.705002004658269,LOW
ALE-1246,2017-08-09,Data Breach,ATM Network,141.53,5,1.18,1.78,1.26,3.2,19,0.0,8,3,2017,2,28.3059999943388,0.6629213479421789,10.501999999999999,0.1684210526227147,1,0,ALE,0,0,-0.09884510958074733,0.3919588478953326,0,0,121.39888452183722,0,0.014283513533875587,20.729731967849823,LOW
OLE-0653,2017-07-10,System Failure,ATM Network,9.09,2,1.29,1.2,1.0,3.2,18,0.0,7,3,2017,0,4.5449999977274995,1.0749999991041668,3.096,0.17777777776790124,3,0,OLE,1,0,-0.08029003095239978,1.3408189906377017,0,0,16.900092878099095,0,0.000885559499499526,6.333124566009856,LOW
OLE-0173,2023-06-01,Data Breach,E-Banking,33.64,3,0.96,0.56,1.0,3.5,22,,6,2,2023,3,11.213333329595555,1.7142857112244896,1.6128,0.15909090908367768,1,1,OLE,1,0,-0.0736818989426325,1.0196192327398916,0,0,37.65714331717247,0,0.003502370116310143,10.715349714416242,LOW
ALE-0292,2016-08-19,Tech Failure,Payments,215.94,5,0.89,1.85,1.91,3.3,27,,8,3,2016,4,43.187999991362396,0.48108108082103723,8.2325,0.12222222221769546,4,3,ALE,0,0,-0.07965321796402186,1.3655015764157423,0,0,185.77114000727363,0,0.003929381191706178,33.48087319520274,MEDIUM
OLE-0039,2022-05-06,Data Breach,E-Banking,34.37,5,0.63,1.09,1.0,3.5,23,,5,2,2022,4,6.873999998625199,0.5779816508458883,3.4335,0.152173913036862,1,1,OLE,1,0,-0.09114927455869382,1.0100682827087144,0,0,31.045402691608178,0,0.00017247073501889837,6.9575074691407055,LOW
OLE-0714,2015-08-31,System Failure,ATM Network,73.08,5,1.48,1.04,1.0,3.3,22,,8,3,2015,0,14.6159999970768,1.4230769217085797,7.696000000000001,0.1499999999931818,3,0,OLE,1,0,-0.06317982397560645,0.5036062611924521,0,0,66.88542982954081,0,0.017805440023567334,17.434902556010538,LOW
OLE-0091,2015-02-19,Cyber-Fraud,Payments,20.23,5,1.2,1.48,1.0,2.8,17,,2,1,2015,3,4.0459999991908004,0.8108108102629656,8.879999999999999,0.1647058823432526,0,3,OLE,1,0,-0.06782580535295712,1.1950688764632982,0,0,23.912342980929736,0,0.0008229128144082078,9.295361317959012,LOW
OLE-0167,2022-03-19,System Failure,Retail Banking,55.5,2,0.5,0.75,1.0,3.8,16,,3,1,2022,5,27.749999986124998,0.6666666657777778,0.75,0.23749999998515625,3,4,OLE,1,0,-0.040914236953054184,0.7336140715323097,0,0,61.37812907800404,0,0.07798961346447213,21.959228948831388,LOW
ALE-0348,2018-08-05,Data Breach,Online Services,185.65,2,2.37,1.36,0.92,2.5,26,0.0,8,3,2018,6,92.8249999535875,1.742647057542171,6.446400000000001,0.09615384615014792,1,2,ALE,0,0,-0.0012209103189235737,0.9692025675878536,0,0,185.21984925549253,0,0.1508147077093562,50.14672911891475,HIGH
ALE-0018,2019-03-03,Cyber-Fraud,E-Banking,204.71,2,2.85,2.08,1.59,2.5,15,0.0,3,1,2019,6,102.3549999488225,1.3701923070335613,11.856000000000002,0.16666666665555555,0,1,ALE,0,0,-0.0074071593755771215,1.2185739478539337,0,0,200.93338479722482,0,0.076695454000784,49.1440322780786,MEDIUM
ALE-1115,2016-07-08,Cyber-Fraud,Payments,68.14,5,1.24,3.32,2.99,3.6,17,,7,3,2016,4,13.627999997274399,0.37349397579111626,20.584,0.2117647058698962,0,3,ALE,0,0,-0.035443199968485994,0.568238717567816,0,0,68.3997126728772,0,0.05244594866921311,22.995694357626988,LOW
ALE-1040,2019-09-23,Tech Failure,Online Services,278.88,5,1.4,3.47,2.52,4.0,17,,9,3,2019,0,55.775999988844795,0.40345821314021374,24.290000000000003,0.235294117633218,4,2,ALE,0,1,0.03563928549285589,2.188976638007929,0,1,225.18364256243677,0,0.2760187563744489,66.36352657869155,HIGH
ALE-1234,2015-10-18,Tech Failure,ATM Network,229.89,1,2.26,1.56,1.09,2.8,17,,10,4,2015,6,229.88999977010997,1.448717947789283,3.5256,0.1647058823432526,4,0,ALE,0,1,0.016175777535303748,1.5480163064635815,0,1,221.96502982530674,1,0.7194383536743257,78.48781040843737,CRITICAL
ALE-0236,2017-08-09,Data Breach,ATM Network,181.95,2,2.73,2.16,1.5,4.0,24,,8,3,2017,2,90.97499995451248,1.263888888303755,11.793600000000001,0.1666666666597222,1,0,ALE,0,0,-0.03970874407337033,0.9207936427722975,0,0,188.6148849391237,0,0.056705518834379645,41.696073569437544,MEDIUM
ALE-0298,2014-09-04,Phishing,E-Banking,210.15,3,1.61,2.9,2.15,3.6,29,0.0,9,3,2014,3,70.04999997665,0.5551724136016647,14.007,0.12413793103020214,2,1,ALE,0,0,-0.07479855816056136,1.2897481508259943,0,0,194.65378058192817,0,0.04162440543132734,36.936401500893275,MEDIUM
ALE-0467,2015-06-20,Data Breach,ATM Network,167.33,4,0.9,3.14,2.18,3.7,17,,6,2,2015,5,41.83249998954188,0.28662420373037445,11.304,0.21764705881072666,1,0,ALE,0,0,-0.037264722492424185,0.7295129722848849,0,0,166.13839993954394,0,0.048230215567032136,38.17470864297838,MEDIUM
ALE-0689,2016-02-09,System Failure,Online Services,195.02,2,1.09,1.46,1.75,3.4,21,,2,1,2016,1,97.509999951245,0.7465753419544005,3.1828000000000003,0.16190476189705216,3,2,ALE,0,0,-0.09417792513249557,1.0917948988099506,0,0,182.21581655147966,0,0.0618278254272194,32.78943581100292,MEDIUM
ALE-0493,2015-07-02,Cyber-Fraud,Online Services,164.28,2,2.64,3.07,2.62,2.7,17,0.0,7,3,2015,3,82.13999995892999,0.8599348531400864,16.2096,0.15882352940242214,0,2,ALE,0,0,-0.06112438624513766,0.6896083180450345,0,0,207.59732837672496,0,0.0920559409326564,42.791544914825,MEDIUM
OLE-0511,2018-09-16,Tech Failure,Payments,48.06,3,1.45,0.72,1.0,2.6,20,0.0,9,3,2018,6,16.01999999466,2.013888886091821,3.1319999999999997,0.1299999999935,4,3,OLE,1,0,-0.022163834075299982,0.8309552608911573,0,0,54.818912883175166,0,0.0162313015015945,21.52724814117658,LOW
OLE-0500,2024-11-05,System Failure,E-Banking,72.78,5,1.42,0.8,1.0,3.7,20,,11,4,2024,1,14.5559999970888,1.7749999977812498,5.68,0.18499999999075,3,1,OLE,1,0,-0.0634339328336877,0.5075313091504702,0,0,66.0110073512272,0,0.015729826803569085,17.185099746699084,LOW
ALE-1043,2018-04-18,Cyber-Fraud,E-Banking,176.19,5,2.79,2.55,2.68,3.8,17,,4,2,2018,2,35.237999992952396,1.0941176466297577,35.5725,0.22352941175155708,0,1,ALE,0,0,-0.0064647078010721115,0.8454327219783511,0,0,162.00736011715048,1,0.37213251023720917,53.41240456089798,HIGH
ALE-0963,2017-07-16,Phishing,ATM Network,167.89,1,1.25,2.77,2.07,3.8,25,0.0,7,3,2017,6,167.88999983210996,0.45126353774322614,3.4625,0.15199999999392,2,0,ALE,0,0,-0.028169862383515487,0.7368397284731849,0,0,171.16603122818034,0,0.31937693823389085,49.81371086500099,MEDIUM
OLE-0339,2015-03-21,Data Breach,Retail Banking,7.55,5,0.38,0.71,1.0,3.7,15,,3,1,2015,5,1.509999999698,0.5352112668518152,1.349,0.24666666665022224,1,4,OLE,1,0,-0.035423294537372474,1.360967570155528,0,0,13.869602307514452,0,0.09739544581915215,15.870448060519257,LOW
ALE-1004,2015-11-11,Cyber-Fraud,ATM Network,122.76,1,2.09,1.38,1.41,2.6,25,,11,4,2015,2,122.75999987723999,1.51449275252573,2.8841999999999994,0.10399999999584,0,0,ALE,0,0,-0.017845842638127163,0.14638168065533674,0,0,164.9169157143032,0,0.1955919631089053,46.01265330897215,MEDIUM
ALE-0331,2014-10-10,Tech Failure,Online Services,138.6,4,1.26,3.23,2.62,3.1,25,,10,4,2014,4,34.649999991337495,0.39009287913619417,16.2792,0.12399999999504001,4,2,ALE,0,0,-0.06432685213270356,0.35362421283868956,0,0,134.87897292588744,0,0.0036359868127266155,27.61894025729479,LOW
OLE-0029,2020-03-16,Cyber-Fraud,ATM Network,5.0,4,0.81,0.59,1.0,3.7,21,0.0,3,1,2020,0,1.2499999996875,1.372881353605286,1.9116,0.17619047618208616,0,0,OLE,1,0,-0.03860084310267431,1.3943304777986811,0,0,12.023914909271163,0,0.010788334318913436,12.07420691588588,LOW
ALE-0360,2014-01-19,Data Breach,E-Banking,78.41,5,1.59,2.88,1.95,2.7,27,,1,1,2014,6,15.681999996863599,0.5520833331416377,22.896,0.0999999999962963,1,1,ALE,0,0,-0.042816583466773195,0.43387124247166486,0,0,77.27212106005464,0,0.0048485099166326855,21.653845899712987,LOW
ALE-0646,2018-06-12,Phishing,Payments,91.06,5,2.78,1.97,1.96,3.8,18,,6,2,2018,1,18.2119999963576,1.4111675119740266,27.382999999999996,0.21111111109938271,2,3,ALE,0,0,-0.03309187216656795,0.26836505357523704,0,0,89.59320037540965,0,0.05605612943558403,26.852059521562882,LOW
OLE-0795,2016-06-02,Data Breach,ATM Network,64.58,5,1.33,1.18,1.0,2.6,14,,6,2,2016,3,12.9159999974168,1.1271186431126115,7.847,0.18571428570102042,1,0,OLE,1,0,-0.04333149484460763,0.6148159533362968,0,0,60.96090456243083,0,0.013591896785939823,19.28082802911304,LOW
ALE-0088,2014-12-03,Phishing,Payments,213.16,4,1.32,3.37,2.76,2.7,16,,12,4,2014,2,53.2899999866775,0.39169139454252483,17.7936,0.16874999998945314,2,3,ALE,0,0,-0.0574542993576187,1.3291294653381085,0,0,195.94606139250806,0,0.023259510314474992,39.06786533740554,MEDIUM
ALE-0814,2017-04-17,Tech Failure,Retail Banking,182.54,4,0.92,1.21,1.39,3.7,29,0.0,4,2,2017,0,45.63499998859125,0.7603305778840244,4.4528,0.1275862068921522,4,4,ALE,0,0,-0.029611137479929273,0.9285129037563996,0,0,151.2603763546483,0,0.07435392206144212,37.848141442117914,MEDIUM
OLE-0170,2024-03-21,Data Breach,ATM Network,72.44,4,0.78,1.49,1.0,3.8,21,,3,1,2024,3,18.1099999954725,0.5234899325345705,4.6488000000000005,0.18095238094376417,1,0,OLE,1,0,-0.07405849353605731,0.511979696836224,0,0,69.02167841278003,0,0.00047680868641567333,15.558566942249596,LOW
ALE-0737,2017-12-13,Tech Failure,ATM Network,195.52,4,2.98,2.66,2.74,3.2,18,0.0,12,4,2017,2,48.87999998778,1.1203007514585335,31.7072,0.17777777776790124,4,0,ALE,0,0,-0.03777525898279399,1.0983366454066474,0,0,188.5859251275542,0,0.05243738377039122,41.828343246229615,MEDIUM
ALE-0340,2014-03-26,Tech Failure,Online Services,136.19,1,2.07,2.06,1.75,3.8,22,,3,1,2014,2,136.18999986381,1.0048543684442452,4.2642,0.17272727271942148,4,2,ALE,0,0,-0.05302536355450671,0.3220929942426113,0,0,178.08486301022086,0,0.08789512004520743,39.13573865792868,MEDIUM
ALE-0396,2019-05-02,Tech Failure,Retail Banking,38.89,4,2.06,3.33,2.66,3.1,18,0.0,5,2,2019,3,9.722499997569376,0.6186186184328473,27.4392,0.17222222221265432,4,4,ALE,0,0,-0.03514483965915216,0.9509308934745757,0,0,56.64929468235652,0,0.03141467165926342,20.428749154145663,LOW
ALE-0730,2015-02-13,System Failure,Online Services,147.08,5,2.85,3.26,2.43,3.6,21,,2,1,2015,4,29.415999994116802,0.8742331285661862,46.455,0.17142857142040815,3,2,ALE,0,0,-0.018922467416375044,0.46457223511866663,0,0,141.0251733153749,1,0.4674142232362013,51.55459529337863,HIGH
ALE-0055,2015-03-27,Data Breach,ATM Network,110.02,2,2.63,1.88,1.39,2.5,28,,3,1,2015,4,55.009999972494995,1.3989361694686508,9.8888,0.0892857142825255,1,0,ALE,0,0,-0.029792850859026165,0.0203020226284965,0,0,152.7624951904355,0,0.2607816047286796,44.585900151649206,MEDIUM
OLE-0492,2024-03-27,Data Breach,Retail Banking,77.12,2,0.52,0.77,1.0,2.8,20,,3,1,2024,2,38.55999998072,0.6753246744476303,0.8008000000000001,0.139999999993,1,4,OLE,1,0,-0.0759792880259394,0.45074894869114235,0,0,60.25119251097624,0,0.0026224458636332705,13.949752209242797,LOW
ALE-0096,2016-07-14,Tech Failure,E-Banking,230.92,1,1.26,1.92,2.08,3.9,20,,7,3,2016,3,230.91999976907996,0.6562499996582031,2.4192,0.19499999999025,4,1,ALE,0,0,-0.0146794449160349,1.5614923044527769,0,0,214.88253163397385,0,0.21586948528020058,55.16425441967399,HIGH
ALE-0240,2016-09-12,Cyber-Fraud,Payments,200.17,1,1.89,1.9,1.31,3.4,24,0.0,9,3,2016,0,200.16999979982998,0.9947368415817174,3.5909999999999997,0.14166666666076388,0,3,ALE,0,0,-0.024512019229030235,1.1591748887559268,0,0,191.5700687733655,0,0.24964662820006292,51.1706306714482,HIGH
ALE-0175,2015-09-18,Data Breach,Retail Banking,168.22,3,1.04,3.47,2.81,3.5,24,,9,3,2015,4,56.07333331464222,0.29971181547558734,10.826400000000001,0.14583333332725695,1,4,ALE,0,0,-0.06088970829577334,0.7411572812270049,0,0,173.46194732229495,0,0.051003407663903745,35.942435172560685,MEDIUM
OLE-0588,2021-09-02,Cyber-Fraud,Retail Banking,45.65,5,0.46,0.7,1.0,3.7,17,,9,3,2021,3,9.129999998174,0.6571428562040817,1.61,0.21764705881072666,0,4,OLE,1,0,-0.06230530585343663,0.8624864794872358,0,0,35.5539139959149,0,0.0049145455283562695,12.11360181148422,LOW
OLE-0751,2014-10-28,Tech Failure,E-Banking,51.46,4,0.3,1.0,1.0,3.1,23,,10,4,2014,1,12.86499999678375,0.29999999969999996,1.2,0.13478260868979206,4,1,OLE,1,0,-0.05772730717458141,0.7864713840336195,0,0,49.18889783256693,0,0.04064146274734953,16.217619703175146,LOW
OLE-0658,2024-09-06,System Failure,Retail Banking,61.12,1,1.35,0.74,1.0,3.3,19,0.0,9,3,2024,4,61.11999993887999,1.8243243218590215,0.999,0.1736842105171745,3,4,OLE,1,0,-0.05504669075195856,0.6600848397854383,0,0,64.83536300606785,0,0.012325912926982464,18.120195303964145,LOW
OLE-0235,2020-10-12,Data Breach,E-Banking,7.44,1,0.65,1.09,1.0,2.5,22,,10,4,2020,0,7.43999999256,0.5963302746822657,0.7085000000000001,0.11363636363119835,1,1,OLE,1,0,-0.046958602711421715,1.362406754406801,0,0,19.30242050315426,0,0.07210142753152748,14.144137729282374,LOW
OLE-0733,2025-10-25,Cyber-Fraud,Payments,49.14,2,0.54,1.44,1.0,4.0,22,,10,4,2025,5,24.569999987715,0.37499999973958337,1.5552000000000001,0.18181818180991735,0,3,OLE,1,0,-0.040606670147412594,0.8168250882422924,0,0,57.52273321752175,0,0.0022222222222222222,18.737699700336584,LOW
ALE-1283,2018-06-24,Tech Failure,Retail Banking,225.63,1,2.11,2.45,2.52,3.8,22,,6,2,2018,6,225.62999977436996,0.861224489444398,5.1695,0.17272727271942148,4,4,ALE,0,1,0.0005722173928333074,1.4922806254597254,0,1,217.79806579966342,1,0.7064067808520963,75.05648524791766,CRITICAL
ALE-0990,2016-12-23,System Failure,ATM Network,196.24,3,1.64,2.65,2.39,3.4,22,,12,4,2016,4,65.41333331152889,0.6188679242947668,13.038,0.15454545453842974,3,0,ALE,0,0,-0.09960534176931335,1.1077567605058907,0,0,192.21978946257622,0,0.10099726103654603,34.95311649975299,MEDIUM
ALE-0299,2019-04-26,Phishing,ATM Network,104.7,5,1.53,2.94,2.85,2.7,27,,4,2,2019,4,20.939999995812002,0.5204081630882965,22.491,0.0999999999962963,2,0,ALE,0,0,-0.05245828574683087,0.0899062064173498,0,0,98.47945134458281,0,0.011544641254182236,23.844716923497046,LOW
ALE-0810,2014-08-11,System Failure,Payments,269.93,1,0.88,3.46,3.09,3.0,20,0.0,8,3,2014,0,269.92999973007,0.2543352600420996,3.0448,0.1499999999925,3,3,ALE,0,1,0.020417312471301186,2.0718793739270573,0,1,232.1625950782452,1,0.8293056364179215,84.58841119186698,CRITICAL
ALE-0761,2019-01-14,System Failure,Retail Banking,69.3,4,2.15,3.3,3.43,2.7,24,0.0,1,1,2019,0,17.324999995668747,0.6515151513177226,28.38,0.1124999999953125,3,4,ALE,0,0,-0.031380433150422604,0.5530618654634796,0,0,78.58139735343778,0,0.03553587071592927,24.630084683232855,LOW
ALE-0983,2018-01-18,Tech Failure,Payments,323.52,2,1.72,3.07,2.16,2.9,15,,1,1,2018,3,161.75999991912,0.5602605861367229,10.560799999999999,0.19333333332044444,4,3,ALE,0,0,-0.030031147621058296,2.7730237741610146,1,1,200.91236473224728,1,0.7321015191892958,68.73013880472934,HIGH
ALE-0077,2017-11-01,Phishing,Payments,226.68,1,2.08,2.81,2.01,2.7,23,,11,4,2017,2,226.67999977332,0.7402135228682514,5.8448,0.11739130434272213,2,3,ALE,0,0,-0.045690269625347946,1.5060182933127886,0,0,215.33107012999048,0,0.2659289498029774,52.39638660006418,HIGH
ALE-0352,2014-04-07,Cyber-Fraud,Retail Banking,298.44,5,2.64,1.93,1.48,2.7,15,,4,2,2014,0,59.6879999880624,1.36787564695965,25.476000000000003,0.179999999988,0,4,ALE,0,0,-0.01843470502753153,2.4448897648707058,0,0,227.45415936801194,0,0.055108750593487216,50.987685212535474,HIGH
ALE-0208,2015-12-29,Tech Failure,E-Banking,140.74,4,2.9,3.24,3.17,2.7,23,,12,4,2015,1,35.18499999120375,0.895061728118808,37.584,0.11739130434272213,4,1,ALE,0,0,-0.01015009633396935,0.3816228882725518,0,0,150.00872843971587,0,0.18649064353574724,44.45463942726564,MEDIUM
OLE-0109,2024-02-26,System Failure,Retail Banking,63.1,2,1.33,0.96,1.0,3.6,21,,2,1,2024,0,31.549999984225,1.3854166652235245,2.5536,0.17142857142040815,3,4,OLE,1,0,-0.07756563134131417,0.6341795232625191,0,0,72.76724445900065,0,0.0034216855907245125,15.740047846897113,LOW
ALE-0891,2016-08-19,Cyber-Fraud,Online Services,245.58,2,2.59,2.3,1.65,2.9,29,0.0,8,3,2016,4,122.789999938605,1.126086956032136,11.913999999999998,0.09999999999655172,0,2,ALE,0,0,-0.032941195321389616,1.7532963146679257,0,0,210.0941873986355,0,0.07425709379624983,46.73986952141643,MEDIUM
OLE-0569,2015-10-06,Data Breach,E-Banking,55.54,3,1.41,1.26,1.0,3.4,21,0.0,10,4,2015,1,18.513333327162222,1.119047618159486,5.3298,0.16190476189705216,1,1,OLE,1,0,-0.10165108444047916,0.7330907318045741,0,0,60.77873955425575,0,0.003346424697206829,10.25825674613535,LOW
ALE-0310,2019-09-11,Cyber-Fraud,ATM Network,10.0,5,2.85,2.59,2.05,3.1,23,,9,3,2019,2,1.9999999996,1.100386099961241,36.9075,0.13478260868979206,0,0,ALE,0,0,-0.013779226142752066,1.3289130118317138,0,0,53.100969920893824,0,0.14164072372254533,26.88388529515155,LOW
ALE-0317,2019-11-10,Tech Failure,Online Services,215.55,5,2.2,2.43,2.26,2.9,18,,11,4,2019,6,43.109999991378004,0.9053497938661111,26.73,0.16111111110216048,4,2,ALE,0,0,-0.05350622148851625,1.360399014070319,0,0,187.28361817905872,0,0.020402087933639842,38.17014062269436,MEDIUM
ALE-0650,2016-11-17,Data Breach,Retail Banking,145.04,2,1.05,1.36,1.02,3.2,18,,11,4,2016,3,72.51999996373999,0.7720588229617213,2.8560000000000003,0.17777777776790124,1,4,ALE,0,0,-0.08900791595321167,0.4378819090041436,0,0,141.46061438490239,0,0.06769952924262901,27.257077396668933,LOW
ALE-0635,2015-01-02,Cyber-Fraud,Online Services,256.34,4,1.63,3.05,2.24,3.9,24,,1,1,2015,4,64.08499998397875,0.534426229332975,19.886,0.16249999999322917,0,2,ALE,0,0,-0.06000053884048412,1.8940747014288395,0,0,218.89812894410846,0,0.11624570969249597,45.6078662451805,MEDIUM
ALE-0033,2018-01-06,System Failure,E-Banking,133.2,3,1.03,3.41,2.4,2.9,28,,1,1,2018,5,44.3999999852,0.30205278583517514,10.5369,0.10357142856772959,3,1,ALE,0,0,-0.04860009619559913,0.2829733495943646,0,0,161.33012986524255,0,0.03143952381359185,35.14143641154301,MEDIUM
ALE-0090,2016-03-04,Cyber-Fraud,Payments,150.14,3,2.19,2.0,1.99,3.1,25,0.0,3,1,2016,4,50.04666664998444,1.0949999994525,13.14,0.12399999999504001,0,3,ALE,0,0,-0.08797863524742588,0.5046077242904503,0,0,163.23313082816438,0,0.002239307720563837,28.59262983752319,LOW
ALE-0191,2014-05-01,Phishing,Retail Banking,151.47,2,1.76,3.0,3.47,3.3,26,,5,2,2014,3,75.73499996213249,0.5866666664711111,10.56,0.12692307691819527,2,4,ALE,0,0,-0.08984444528796176,0.5220087702376639,0,0,172.17199739828044,0,0.015587960202328794,30.209961377455162,MEDIUM
ALE-1056,2019-02-07,Data Breach,Retail Banking,10.0,2,2.97,3.25,2.43,3.1,28,0.0,2,1,2019,3,4.9999999975,0.9138461535649705,19.305,0.11071428571033164,1,4,ALE,0,0,-0.04510929706514921,1.3289130118317138,0,0,31.5220375011799,0,0.015250567401220246,14.37806628738689,LOW
ALE-0698,2018-02-23,System Failure,ATM Network,32.35,5,1.41,1.53,1.91,3.3,22,,2,1,2018,4,6.469999998706,0.9215686268486478,10.7865,0.1499999999931818,3,0,ALE,0,0,-0.09334481635840652,1.036496938959369,0,0,39.97603367283779,0,0.00830775696530882,8.34223630533549,LOW
ALE-0783,2016-07-20,Phishing,Retail Banking,145.38,5,1.0,2.64,2.3,2.9,20,,7,3,2016,2,29.075999994184798,0.3787878786443985,13.200000000000001,0.14499999999274998,2,4,ALE,0,0,-0.09049770473148322,0.44233029668989743,0,0,135.5344529628531,0,0.016990217028429053,24.316026766093792,LOW
ALE-0027,2016-05-15,Tech Failure,Retail Banking,187.07,4,2.38,3.31,3.05,2.8,18,0.0,5,2,2016,6,46.767499988308124,0.7190332324111681,31.5112,0.15555555554691358,4,4,ALE,0,0,-0.02013672691948487,0.9877811279224722,0,0,181.07937372750484,0,0.08475780413007752,44.373325066013166,MEDIUM
ALE-1035,2016-12-23,Data Breach,Retail Banking,115.63,1,0.97,2.76,2.54,3.6,23,0.0,12,4,2016,4,115.62999988436998,0.35144927523498215,2.6771999999999996,0.1565217391236295,1,4,ALE,0,0,-0.06048813550613952,0.053096374186440996,0,0,152.07289970024163,0,0.09472049726041704,34.118918572061744,MEDIUM
ALE-1251,2019-06-07,System Failure,Payments,185.41,2,2.85,2.38,1.84,3.8,20,0.0,6,2,2019,4,92.7049999536475,1.1974789910934962,13.565999999999999,0.1899999999905,3,3,ALE,0,0,-0.06947977271930472,0.966062529221439,0,0,202.88722583223694,0,0.032812278098130615,38.72930607602672,MEDIUM
OLE-0851,2025-06-27,Tech Failure,Payments,24.96,5,0.9,0.58,1.0,3.4,19,,6,2,2025,4,4.9919999990016,1.5517241352556483,2.61,0.17894736841163433,4,3,OLE,1,0,-0.0634877344156829,1.133183953658547,0,0,21.57151774698093,0,0.0007021909389847114,9.559911349573975,LOW
ALE-0550,2015-08-25,Phishing,ATM Network,10.0,4,1.71,2.29,2.1,3.8,25,,8,3,2015,1,2.499999999375,0.7467248905036136,15.6636,0.15199999999392,2,0,ALE,0,0,-0.06360723283182751,1.3289130118317138,0,0,34.24978727856244,0,0.03350376304204579,12.713357747050418,LOW
OLE-0735,2017-02-04,System Failure,Retail Banking,38.65,5,0.43,0.88,1.0,3.8,14,,2,1,2017,5,7.729999998454,0.48863636308109504,1.892,0.27142857140918364,3,4,OLE,1,0,-0.012254910173314704,0.9540709318409902,0,0,33.8892258293029,1,0.46403388831596676,35.32770142070268,MEDIUM
OLE-0718,2022-07-23,Data Breach,Payments,64.2,5,1.0,0.77,1.0,2.5,19,,7,3,2022,5,12.839999997432,1.2987012970146736,3.85,0.13157894736149583,1,3,OLE,1,0,-0.05805428283170444,0.6197876807497863,0,0,59.89582527718037,0,0.008545342509934172,16.754358296829857,LOW
OLE-0455,2016-02-03,System Failure,Retail Banking,109.66,1,0.78,0.8,1.0,2.7,24,,2,1,2016,2,109.65999989033999,0.97499999878125,0.6240000000000001,0.1124999999953125,3,4,OLE,1,0,-0.02291920260493352,0.02501208017811815,0,0,96.8357708316601,0,0.2431555985872315,36.06243055439011,MEDIUM
OLE-0265,2022-06-29,Data Breach,E-Banking,5.0,2,1.34,1.45,1.0,2.7,23,0.0,6,2,2022,2,2.49999999875,0.9241379303971463,3.886,0.11739130434272213,1,1,OLE,1,0,-0.0798272252445224,1.3943304777986811,0,0,17.965424639734547,0,0.0037522189264175758,6.671977643927862,LOW
OLE-0076,2015-05-20,Cyber-Fraud,E-Banking,56.05,4,0.45,0.7,1.0,3.8,21,0.0,5,2,2015,2,14.012499996496874,0.6428571419387756,1.26,0.18095238094376417,0,1,OLE,1,0,-0.06988036992413538,0.7264181502759434,0,0,54.6661128389957,0,0.0049674790525801,14.043629087450348,LOW
ALE-1019,2018-01-12,System Failure,Retail Banking,102.76,1,2.52,2.94,2.15,2.5,15,,1,1,2018,4,102.75999989724,0.857142856851312,7.4088,0.16666666665555555,3,4,ALE,0,0,-0.037519234631435916,0.11528818321253315,0,0,157.4702921495893,0,0.1099950519819347,38.915615459501915,MEDIUM
OLE-0445,2017-08-21,Cyber-Fraud,ATM Network,34.43,1,1.14,1.27,1.0,3.0,16,0.0,8,3,2017,0,34.42999996557,0.897637794568789,1.4478,0.18749999998828126,0,0,OLE,1,0,-0.059097881878499514,1.0092832731171109,0,0,49.14439074617506,0,0.0028854461048996886,14.686127131184005,LOW
OLE-0396,2019-01-26,Data Breach,Retail Banking,5.0,2,1.31,0.98,1.0,3.3,18,,1,1,2019,5,2.49999999875,1.3367346925135362,2.5676,0.18333333332314813,1,4,OLE,1,0,-0.07617007306346718,1.3943304777986811,0,0,13.001317677192446,0,0.0017562921606252002,6.3514775830572985,LOW
OLE-0177,2021-06-16,System Failure,E-Banking,95.53,5,0.87,1.5,1.0,2.6,14,0.0,6,2,2021,2,19.1059999961788,0.5799999996133333,6.5249999999999995,0.18571428570102042,3,1,OLE,1,0,-0.05713956874323556,0.20988183900076818,0,0,79.87957898535812,0,0.025833913655332587,20.68372081163642,LOW
ALE-0185,2014-08-05,Data Breach,ATM Network,243.53,5,1.59,2.74,3.31,3.1,21,,8,3,2014,1,48.705999990258796,0.5802919705911342,21.783,0.14761904761201813,1,0,ALE,0,0,-0.0784113335536854,1.7264751536214689,0,0,196.5168572097972,0,0.02850057556758389,36.239445985175834,MEDIUM
ALE-1106,2018-10-04,Tech Failure,ATM Network,159.2,5,1.91,2.49,2.4,2.6,28,,10,4,2018,3,31.839999993632,0.7670682727843098,23.7795,0.09285714285382653,4,0,ALE,0,0,-0.019683690460487457,0.6231441726225955,0,0,140.22722796807707,0,0.10957512659936079,38.79018978958242,MEDIUM
ALE-0733,2017-06-22,Tech Failure,ATM Network,199.23,1,2.15,3.45,3.93,2.8,27,,6,2,2017,3,199.22999980076997,0.623188405616467,7.4175,0.10370370369986281,4,0,ALE,0,1,0.0033118184519376204,1.1468764051541371,0,1,201.94445964774292,1,0.7752738489582264,75.34268699633282,CRITICAL
ALE-0857,2014-12-15,Phishing,Retail Banking,69.75,2,1.67,3.33,2.39,3.1,22,,12,4,2014,0,34.8749999825625,0.5015015013509004,11.1222,0.14090909090268594,2,4,ALE,0,0,-0.06639487680979245,0.5471742935264524,0,0,112.51926967285367,0,0.017870190329112374,24.242980735350905,LOW
ALE-0708,2014-06-30,Phishing,Retail Banking,203.03,2,2.4,2.37,2.19,3.1,18,,6,2,2014,0,101.5149999492425,1.0126582274208191,11.376,0.17222222221265432,2,4,ALE,0,0,-0.062283113420871505,1.1965936792890324,0,0,212.69403469824888,0,0.19013237706092767,46.86594346987888,MEDIUM
OLE-0596,2022-10-03,Cyber-Fraud,E-Banking,67.14,4,0.57,0.56,1.0,2.9,23,0.0,10,4,2022,0,16.78499999580375,1.0178571410395407,1.2768,0.1260869565162571,0,1,OLE,1,0,-0.05949717097768209,0.5813222107612095,0,0,54.81249166705681,0,0.006043257355961928,15.641995714851554,LOW
OLE-0062,2019-10-05,Tech Failure,Payments,65.39,5,1.31,0.6,1.0,3.2,17,,10,4,2019,5,13.0779999973844,2.183333329694445,3.93,0.1882352941065744,4,3,OLE,1,0,-0.03811664795515146,0.6042183238496481,0,0,59.84198910412172,0,0.0818227954913616,22.262483331116968,LOW
ALE-0439,2014-01-31,Cyber-Fraud,E-Banking,325.85,5,1.7,1.69,1.49,3.0,21,0.0,1,1,2014,4,65.169999986966,1.0059171591680962,14.365,0.14285714285034012,0,1,ALE,0,0,-0.09631504402415719,2.803508313301622,1,1,237.36470960431606,1,0.509304785021898,56.934869155925064,HIGH
ALE-0015,2017-01-11,Tech Failure,Payments,248.66,3,2.54,2.59,2.26,2.6,28,0.0,1,1,2017,2,82.88666663903777,0.9806949803163341,19.735799999999998,0.09285714285382653,4,3,ALE,0,0,-0.01843681323554902,1.7935934737035772,0,0,211.60245753417644,0,0.1147249247806227,50.54446675825288,HIGH
ALE-0834,2019-12-04,Phishing,E-Banking,216.56,3,1.07,1.48,1.13,3.4,20,0.0,12,4,2019,2,72.18666664260445,0.7229729724844778,4.7508,0.1699999999915,2,1,ALE,0,0,-0.10357028620056624,1.3736133421956465,0,0,178.0457213767321,0,0.07158773621169043,31.074955112841106,MEDIUM
OLE-0217,2019-10-05,Tech Failure,Retail Banking,49.86,1,0.84,0.63,1.0,3.9,24,,10,4,2019,5,49.85999995013999,1.3333333312169313,0.5292,0.16249999999322917,4,4,OLE,1,0,-0.023033582577632217,0.807404973143049,0,0,57.690594560617015,0,0.01787472702180764,21.914228591024916,LOW
OLE-0279,2019-05-14,System Failure,E-Banking,94.97,2,0.33,0.8,1.0,3.3,24,,5,2,2019,1,47.4849999762575,0.412499999484375,0.528,0.13749999999427082,3,1,OLE,1,0,-0.054274197526343104,0.21720859518906854,0,0,62.4449994124437,0,0.0075606105059337885,17.68635378065993,LOW
ALE-0535,2014-10-04,Cyber-Fraud,E-Banking,10.0,3,2.28,1.65,1.3,2.9,26,,10,4,2014,5,3.3333333322222223,1.3818181809807162,11.286,0.11153846153417159,0,1,ALE,0,0,-0.05754430277887801,1.3289130118317138,0,0,29.143738325448286,0,0.007435501777731381,11.883880284821629,LOW
OLE-0037,2019-09-11,Data Breach,E-Banking,67.07,5,0.4,0.59,1.0,3.8,16,0.0,9,3,2019,2,13.413999997317198,0.6779661005458203,1.18,0.23749999998515625,1,1,OLE,1,0,-0.05400491096237292,0.5822380552847471,0,0,58.80372461751207,0,0.08639310918308372,19.904320351745753,LOW
ALE-0862,2014-03-20,Phishing,Retail Banking,139.0,1,1.5,1.32,1.23,2.8,26,,3,1,2014,3,138.999999861,1.1363636355027547,1.98,0.10769230768816568,2,4,ALE,0,0,-0.04795852204992501,0.358857610116047,0,0,155.59671778651833,0,0.16277526639055193,38.918293636770116,MEDIUM
OLE-0663,2021-04-16,Data Breach,ATM Network,85.66,5,1.11,0.71,1.0,3.0,24,,4,2,2021,4,17.131999996573597,1.563380279488197,3.9405,0.12499999999479167,1,0,OLE,1,0,-0.06518539550887725,0.339015916819562,0,0,69.21162499702474,0,0.004513803127743155,17.043939816462917,LOW
ALE-1189,2019-10-05,Data Breach,E-Banking,100.8,2,2.36,2.41,2.08,2.6,26,0.0,10,4,2019,5,50.3999999748,0.9792531116268658,11.3752,0.09999999999615385,1,1,ALE,0,0,-0.07647776363811887,0.1409318298715845,0,0,144.4286556875981,0,0.005463446628038289,27.40766656041444,LOW
ALE-1285,2019-01-14,Phishing,Retail Banking,55.52,5,2.88,1.53,1.07,2.6,16,,1,1,2019,0,11.1039999977792,1.8823529399461743,22.031999999999996,0.16249999998984377,2,4,ALE,0,0,-0.010769078602605675,0.7333524016684418,0,0,59.84574910332586,0,0.049793969220248396,25.191208536559905,LOW
ALE-0120,2015-06-07,Cyber-Fraud,Online Services,108.94,5,2.57,3.26,2.8,3.2,22,0.0,6,2,2015,6,21.787999995642398,0.7883435580403854,41.891,0.1454545454479339,0,2,ALE,0,0,-0.009676734706476897,0.03443219527736145,0,0,105.40317573035433,0,0.307389522468348,41.63843299396562,MEDIUM
ALE-0923,2014-10-28,Data Breach,Payments,219.56,5,0.91,3.36,3.61,2.8,23,,10,4,2014,1,43.9119999912176,0.2708333332527282,15.287999999999998,0.1217391304294896,1,3,ALE,0,0,-0.0619365893495506,1.412863821775827,0,0,189.2627237654928,0,0.03713671852257406,37.82344400254422,MEDIUM
OLE-0739,2018-03-01,Data Breach,E-Banking,33.14,2,0.33,0.9,1.0,4.0,24,,3,1,2018,3,16.569999991715,0.36666666625925926,0.5940000000000001,0.1666666666597222,1,1,OLE,1,0,-0.046480033102679674,1.0261609793365882,0,0,40.45940731208623,0,0.005206349206349207,15.249710130927726,LOW
OLE-0192,2014-10-04,Data Breach,Retail Banking,51.96,3,0.63,0.9,1.0,2.7,14,,10,4,2014,5,17.319999994226666,0.6999999992222222,1.701,0.19285714284336736,1,4,OLE,1,0,-0.05487858314434657,0.7799296374369227,0,0,57.913929002997584,0,0.023582042231250752,17.434589807722514,LOW
ALE-0062,2016-02-21,Phishing,Retail Banking,202.15,1,2.07,1.63,1.14,3.5,26,,2,1,2016,6,202.14999979785,1.269938649527645,3.3740999999999994,0.1346153846102071,2,4,ALE,0,0,-0.01466352431732254,1.1850802052788463,0,0,200.8073646808007,0,0.2865825251847368,55.395579148175145,HIGH
OLE-0457,2020-05-27,Tech Failure,Payments,118.14,4,1.24,0.78,1.0,3.9,14,,5,2,2020,2,29.53499999261625,1.5897435877054569,3.8688000000000002,0.2785714285515306,4,3,OLE,1,1,0.004080006927176805,0.08593594210185873,0,1,88.76743615599761,1,0.8163886082929153,58.835668718657466,HIGH
ALE-0560,2019-02-13,System Failure,Retail Banking,127.75,2,1.36,2.95,2.47,3.0,24,,2,1,2019,2,63.8749999680625,0.46101694899626544,8.024000000000001,0.12499999999479167,3,4,ALE,0,0,-0.08934984555394943,0.2116683116903702,0,0,156.7782551764061,0,0.04202907497863151,28.752236472132868,LOW
OLE-0676,2014-01-19,System Failure,Retail Banking,39.69,2,0.45,0.87,1.0,2.8,17,,1,1,2014,6,19.844999990077497,0.5172413787158145,0.783,0.1647058823432526,3,4,OLE,1,0,-0.049261631947534745,0.9404640989198609,0,0,48.112119000510155,0,0.0011500395029806795,15.91704146798521,LOW
OLE-0761,2017-05-23,Data Breach,E-Banking,65.69,5,1.49,1.2,1.0,2.9,20,,5,2,2017,1,13.137999997372399,1.2416666656319444,8.94,0.14499999999274998,1,1,OLE,1,0,-0.08536685601889882,0.6002932758916301,0,0,63.544449553386855,0,0.003966045661780305,13.132345106907847,LOW
ALE-1267,2014-09-22,Phishing,ATM Network,273.97,3,1.52,2.81,2.54,2.9,28,,9,3,2014,0,91.32333330289222,0.5409252667114145,12.813600000000001,0.10357142856772959,2,0,ALE,0,0,-0.048133366664923294,2.1247366864283674,0,0,226.89477452857375,0,0.06308205080773331,46.78024768463574,MEDIUM
ALE-0956,2014-03-26,System Failure,Payments,148.66,1,1.75,1.47,1.69,3.6,22,0.0,3,1,2014,2,148.65999985134,1.1904761896663427,2.5725,0.1636363636289256,3,3,ALE,0,0,-0.0692265850594106,0.48524415436422813,0,0,174.3293547815945,0,0.09580713506035925,36.414604597449454,MEDIUM
OLE-0729,2018-02-05,Cyber-Fraud,E-Banking,64.59,4,0.66,1.17,1.0,3.0,14,0.0,2,1,2018,0,16.147499995963127,0.5641025636204252,3.0888,0.21428571427040816,0,1,OLE,1,0,-0.04080250945567554,0.6146851184043628,0,0,59.098806973074645,0,0.010298146240491388,19.24285640749322,LOW
ALE-1176,2019-06-01,Data Breach,Online Services,92.04,3,2.74,1.35,0.96,3.1,25,,6,2,2019,5,30.679999989773336,2.0296296281262003,11.097000000000001,0.12399999999504001,1,2,ALE,0,0,-0.0629025652539989,0.2555432302457114,0,0,143.97257614148242,0,0.012483786888119927,29.59057157754681,LOW
ALE-0542,2015-11-05,System Failure,Online Services,167.42,2,1.95,2.47,2.85,2.7,21,,11,4,2015,3,83.70999995814499,0.7894736838909012,9.633000000000001,0.12857142856530612,3,2,ALE,0,0,-0.10151826444257228,0.73069048667229,0,0,179.00118218787347,0,0.027604513378402196,29.99183250024588,LOW
OLE-0413,2022-05-06,Data Breach,Retail Banking,11.19,4,0.45,0.61,1.0,3.5,17,,5,2,2022,4,2.7974999993006247,0.7377049168234346,1.098,0.20588235292906573,1,4,OLE,1,0,-0.06287913451487226,1.3133436549315756,0,0,12.910300690517296,0,0.005337825951636693,8.430189720426736,LOW
ALE-0241,2019-07-13,Phishing,Online Services,121.83,4,1.9,1.46,1.32,3.2,18,,7,3,2019,5,30.457499992385625,1.3013698621223493,11.096,0.17777777776790124,2,2,ALE,0,0,-0.0931713116475053,0.13421403198548068,0,0,128.2233864282112,0,0.005763583183526483,22.360600733143137,LOW
ALE-0659,2016-10-18,Tech Failure,ATM Network,97.83,1,1.02,2.23,1.7,2.8,19,,10,4,2016,1,97.82999990216999,0.45739910293390174,2.2746,0.14736842104487533,4,0,ALE,0,0,-0.05092299938735256,0.17978980465596317,0,0,134.66179780271554,0,0.17825329486723668,35.68049160485322,MEDIUM
ALE-0667,2019-06-07,Tech Failure,Online Services,156.53,5,1.74,2.94,2.43,3.9,16,,6,2,2019,4,31.3059999937388,0.5918367344925726,25.577999999999996,0.24374999998476563,4,2,ALE,0,0,-0.009306955028909547,0.588211245796235,0,0,134.51259505519417,0,0.17596998967866886,41.73851969711978,MEDIUM
OLE-0826,2016-12-17,Data Breach,ATM Network,22.45,4,0.9,0.94,1.0,2.8,23,,12,4,2016,5,5.612499998596875,0.957446807492078,3.384,0.1217391304294896,1,0,OLE,1,0,-0.06860364552612574,1.1660235215739647,0,0,23.377885328849008,0,0.0004693906435892924,9.082535559323146,LOW
ALE-1215,2015-03-21,Data Breach,ATM Network,177.61,4,0.84,2.94,2.79,3.6,24,,3,1,2015,5,44.40249998889938,0.285714285617104,9.8784,0.14999999999375,1,0,ALE,0,0,-0.06558493093365203,0.86401128231297,0,0,169.88200282915489,0,0.032729289931827214,34.03640185152965,MEDIUM
OLE-0617,2021-09-02,System Failure,E-Banking,105.7,1,0.56,1.37,1.0,3.9,20,0.0,9,3,2021,3,105.69999989429999,0.4087591237892269,0.7672000000000001,0.19499999999025,3,1,OLE,1,0,-0.03654913602175669,0.07682271322395631,0,0,87.69223479951776,0,0.08258056287198025,26.965186465795952,LOW
OLE-0115,2024-09-18,Tech Failure,Payments,34.18,4,1.25,1.08,1.0,3.5,20,0.0,9,3,2024,2,8.54499999786375,1.1574074063357338,5.4,0.17499999999125,4,3,OLE,1,0,-0.09188090598026649,1.012554146415459,0,0,36.415941607495306,0,0.0007021909389847114,7.724703341646421,LOW
OLE-0418,2017-10-26,System Failure,ATM Network,71.37,5,0.82,0.78,1.0,2.7,18,,10,4,2017,3,14.2739999971452,1.0512820499342537,3.198,0.1499999999916667,3,0,OLE,1,0,-0.08138556629811894,0.525979034553155,0,0,60.6816910253832,0,0.003881878525379485,13.262063401901012,LOW
ALE-1245,2015-06-14,Data Breach,ATM Network,120.39,4,1.89,1.53,1.71,2.9,16,0.0,6,2,2015,6,30.097499992475626,1.235294116839677,11.566799999999999,0.18124999998867186,1,0,ALE,0,0,-0.058346040619153605,0.11537380178699409,0,0,125.04003379684424,0,0.008211338199048875,27.094598442486234,LOW
ALE-0112,2015-09-18,Cyber-Fraud,ATM Network,10.0,5,0.92,2.14,2.32,2.7,27,,9,3,2015,4,1.9999999996,0.42990654185518384,9.844000000000001,0.0999999999962963,0,0,ALE,0,0,-0.04794589134872307,1.3289130118317138,0,0,43.98250458649807,0,0.01913521588005543,16.08236691524485,LOW
OLE-0605,2025-06-21,System Failure,Payments,38.21,4,1.47,0.7,1.0,2.5,18,,6,2,2025,5,9.552499997611875,2.0999999970000003,4.116,0.13888888888117285,3,3,OLE,1,0,-0.0324517895472799,0.9598276688460834,0,0,38.71229980654125,0,0.04486384792706852,18.435983777979953,LOW
ALE-1249,2019-04-08,Cyber-Fraud,Retail Banking,142.75,2,2.96,3.31,2.54,3.1,16,,4,2,2019,0,71.3749999643125,0.8942598184609486,19.5952,0.19374999998789064,0,4,ALE,0,0,-0.019560172310627677,0.40792070959127263,0,0,192.57408821168465,0,0.15823126067902163,48.864485280224365,MEDIUM
OLE-0090,2021-09-26,Cyber-Fraud,Retail Banking,126.75,2,1.02,1.1,1.0,2.5,16,0.0,9,3,2021,6,63.374999968312494,0.9272727264297519,2.244,0.15624999999023437,0,4,OLE,1,0,-0.01997946782579285,0.1985848184969767,0,0,95.32435571039377,0,0.063989775993626,29.985711525135628,LOW
OLE-0849,2020-06-26,Cyber-Fraud,Retail Banking,50.61,1,1.39,1.13,1.0,2.6,19,0.0,6,2,2020,4,50.609999949389994,1.2300884944866473,1.5706999999999998,0.1368421052559557,0,4,OLE,1,0,-0.0531415340235144,0.7975923532480039,0,0,60.39216031856331,0,0.01046522780596868,17.628146089539502,LOW
ALE-0867,2017-03-24,Cyber-Fraud,E-Banking,185.08,1,0.81,2.37,1.99,3.7,24,,3,1,2017,4,185.07999981492,0.3417721517545265,1.9197000000000002,0.15416666666024306,0,1,ALE,0,0,-0.03415451274818715,0.9617449764676194,0,0,179.71642791351312,0,0.2246914666519657,46.97801603893388,MEDIUM
ALE-1248,2015-01-20,Tech Failure,Payments,105.55,5,1.05,1.97,1.92,2.7,16,,1,1,2015,1,21.109999995778,0.5329949235873123,10.3425,0.16874999998945314,4,3,ALE,0,0,-0.056347393823002245,0.0787852372029654,0,0,88.04566031648334,0,0.013790431848351412,21.682559920514553,LOW
OLE-0754,2025-09-13,Cyber-Fraud,Retail Banking,23.55,4,0.41,1.06,1.0,3.8,24,,9,3,2025,5,5.887499998528125,0.3867924524652901,1.7384,0.1583333333267361,0,4,OLE,1,0,-0.058668321018670255,1.151631679061232,0,0,25.642623006267826,0,0.0,10.89853682155162,LOW
OLE-0499,2025-05-28,System Failure,Payments,16.02,1,1.21,0.81,1.0,3.1,20,,5,2,2025,2,16.01999998398,1.493827158649596,0.9801000000000001,0.15499999999225,3,3,OLE,1,0,-0.10146378121969907,1.250150382807485,0,0,37.77743381375978,0,0.0009880503014742502,6.533104047858859,LOW
ALE-0419,2017-03-06,Tech Failure,Online Services,200.26,2,2.01,2.33,1.95,3.6,21,,3,1,2017,0,100.129999949935,0.8626609438357676,9.3666,0.17142857142040815,4,2,ALE,0,0,-0.07237880539944813,1.1603524031433323,0,0,212.0415770527778,0,0.25296431926376517,47.466160380573626,MEDIUM
ALE-0468,2014-07-18,Phishing,Online Services,260.78,2,1.37,2.87,2.0,2.9,29,0.0,7,3,2014,4,130.389999934805,0.4773519162099819,7.863800000000001,0.09999999999655172,2,2,ALE,0,0,-0.039904662824997494,1.9521654112075066,0,0,222.69709970880032,0,0.09436724315129393,48.42375996147323,MEDIUM
OLE-0012,2019-03-03,Data Breach,ATM Network,58.79,4,1.11,1.47,1.0,2.6,21,0.0,3,1,2019,6,14.697499996325625,0.7551020403026517,6.526800000000001,0.12380952380362813,1,0,OLE,1,0,-0.044139819833965976,0.6905693789260452,0,0,62.78302042821577,0,0.003631445979557672,19.103286993228064,LOW
OLE-0397,2019-03-27,Data Breach,Payments,5.0,3,0.97,1.33,1.0,3.6,17,,3,1,2019,2,1.6666666661111111,0.7293233077223132,3.8703000000000003,0.2117647058698962,1,3,OLE,1,0,-0.09399773796545136,1.3943304777986811,0,0,11.875143820391084,0,0.00319327731092437,3.5824687113744793,LOW
OLE-0285,2024-03-09,System Failure,ATM Network,52.58,1,0.68,1.4,1.0,2.6,16,,3,1,2024,5,52.57999994741999,0.48571428536734695,0.952,0.16249999998984377,3,0,OLE,1,0,-0.04456131771660088,0.7718178716570188,0,0,56.834828193536985,0,0.004048594611142775,18.106320233908452,LOW
ALE-1161,2016-05-21,Tech Failure,Payments,10.0,2,1.87,1.33,0.91,3.4,23,,5,2,2016,5,4.9999999975,1.4060150365368307,4.974200000000001,0.14782608695009453,4,3,ALE,0,0,-0.06179769697488291,1.3289130118317138,0,0,29.11437646354132,0,0.020936524283572393,11.721964979090542,LOW
ALE-0209,2019-06-01,System Failure,Retail Banking,111.95,4,1.3,1.23,1.38,3.0,17,,6,2,2019,5,27.987499993003127,1.0569105682464142,6.396,0.1764705882249135,3,4,ALE,0,0,-0.07889811307127059,0.0049491192347530305,0,0,97.54679072075854,0,0.0050852906475184236,19.5550819414727,LOW
ALE-0334,2014-01-19,Data Breach,E-Banking,132.44,2,2.33,1.99,1.55,3.8,23,,1,1,2014,6,66.21999996689,1.1708542707684149,9.2734,0.16521739129716445,1,1,ALE,0,0,-0.07730446980256761,0.27302989476738565,0,0,163.28865858762163,0,0.04033755975745077,31.51536691076857,MEDIUM
ALE-0583,2018-05-06,System Failure,E-Banking,72.96,1,1.56,3.18,2.27,2.5,18,,5,2,2018,6,72.95999992703999,0.49056603758158296,4.960800000000001,0.13888888888117285,3,1,ALE,0,0,-0.043916840944429714,0.5051762803756594,0,0,116.18294083622507,0,0.06316749958331186,29.741143913345162,LOW
ALE-1116,2017-10-14,Data Breach,Retail Banking,125.53,3,2.28,3.4,2.54,3.4,18,,10,4,2017,5,41.84333331938556,0.6705882350968858,23.256,0.18888888887839506,1,4,ALE,0,0,-0.054133502366294994,0.18262295680103666,0,0,158.31920610914798,0,0.0318376700807482,33.85562847729902,MEDIUM
ALE-0593,2015-06-01,Data Breach,E-Banking,129.43,5,1.74,3.34,3.34,3.1,24,,6,2,2015,0,25.8859999948228,0.5209580836763599,29.057999999999996,0.12916666666128473,1,1,ALE,0,0,-0.043916432897317614,0.23364858025527135,0,0,114.6669629343112,0,0.05617206449211108,29.254457944547617,LOW
OLE-0691,2016-02-15,Cyber-Fraud,Retail Banking,88.96,3,1.5,0.97,1.0,3.7,18,,2,1,2016,0,29.653333323448887,1.5463917509831013,4.365,0.20555555554413582,0,4,OLE,1,0,-0.04746260785178047,0.2958403892813635,0,0,84.85179308804061,0,0.006558940492685297,22.235307672527966,LOW
ALE-0988,2017-02-10,Tech Failure,Online Services,117.75,3,1.84,2.94,2.08,3.9,23,,2,1,2017,4,39.24999998691666,0.6258503399231802,16.2288,0.16956521738393193,4,2,ALE,0,0,-0.0628158863288148,0.08083337975643526,0,0,158.7882312232779,0,0.013832972865726715,32.014776293503786,MEDIUM
ALE-0711,2015-03-09,Data Breach,ATM Network,138.77,4,2.39,2.72,2.45,3.5,20,,3,1,2015,0,34.692499991326876,0.8786764702651925,26.003200000000003,0.17499999999125,1,0,ALE,0,0,-0.05319780627179427,0.35584840668156664,0,0,152.31947226108912,0,0.0373058205370044,33.22817100494594,MEDIUM
ALE-1227,2016-05-09,Phishing,E-Banking,34.72,2,0.86,2.8,1.9,2.8,20,,5,2,2016,0,17.35999999132,0.3071428570331633,4.816,0.139999999993,2,1,ALE,0,0,-0.07169466459432566,1.0054890600910267,0,0,50.23516937352951,0,0.02104238905187429,13.630572733830759,LOW
OLE-0690,2020-08-07,System Failure,Retail Banking,74.95,5,1.31,0.95,1.0,3.6,21,,8,3,2020,4,14.989999997002,1.3789473669695294,6.2225,0.17142857142040815,3,4,OLE,1,0,-0.07904025749110605,0.47914012892080626,0,0,67.88142043240265,0,0.006384648553687475,14.84577956652001,LOW
OLE-0852,2020-07-08,Tech Failure,Retail Banking,36.06,3,0.82,0.69,1.0,2.8,21,,7,3,2020,2,12.019999995993334,1.188405795379122,1.6973999999999998,0.1333333333269841,4,4,OLE,1,0,-0.07175192373137451,0.9879571792118792,0,0,43.42394671936768,0,0.0036534318352094263,11.926607510794302,LOW
ALE-0641,2015-05-08,Phishing,ATM Network,232.21,5,1.88,1.93,1.86,3.0,27,,5,2,2015,4,46.4419999907116,0.9740932637439931,18.141999999999996,0.11111111110699588,2,0,ALE,0,0,-0.08197641495390273,1.5783700106722547,0,0,194.98934199216924,0,0.02243024008161313,35.25538420109251,MEDIUM
OLE-0160,2022-11-08,Cyber-Fraud,Payments,39.63,1,1.44,0.84,1.0,3.3,15,,11,4,2022,1,39.62999996037,1.714285712244898,1.2096,0.21999999998533332,0,3,OLE,1,0,-0.04943347891326244,0.9412491085114644,0,0,56.17834853987611,0,0.029270970310223986,18.162966615581592,LOW
ALE-0038,2016-09-06,Data Breach,Online Services,173.61,5,1.87,2.3,2.04,2.8,23,0.0,9,3,2016,1,34.721999993055604,0.8130434779073725,21.505000000000003,0.1217391304294896,1,2,ALE,0,0,-0.09357355016326352,0.811677309539396,0,0,151.62818375347436,0,0.006313124436275668,26.055006103138396,LOW
ALE-0927,2016-08-19,Data Breach,Payments,171.77,2,2.14,1.31,0.93,3.1,23,,8,3,2016,4,85.8849999570575,1.6335877850125284,5.606800000000001,0.13478260868979206,1,3,ALE,0,0,-0.0832753274837526,0.7876036820635519,0,0,171.55420009971357,0,0.04034450107403005,31.950494073913525,MEDIUM
OLE-0258,2020-02-09,Data Breach,Payments,87.07,3,1.24,1.1,1.0,4.0,21,,2,1,2020,6,29.023333323658886,1.1272727262479336,4.092,0.1904761904671202,1,3,OLE,1,0,-0.047230162894722705,0.32056819141687726,0,0,81.45863757407376,0,0.005231259968102074,21.68180578129368,LOW
OLE-0336,2014-09-22,Data Breach,ATM Network,44.11,3,1.25,0.92,1.0,2.8,24,,9,3,2014,0,14.703333328432223,1.35869565069707,3.45,0.11666666666180554,1,0,OLE,1,0,-0.053253430432764426,0.8826350590050617,0,0,51.05682716096795,0,0.012634306859897372,16.197847520016555,LOW
ALE-1229,2019-07-13,System Failure,ATM Network,87.59,1,0.94,1.64,1.93,3.8,20,,7,3,2019,5,87.58999991241,0.5731707313578227,1.5415999999999999,0.1899999999905,3,0,ALE,0,0,-0.053354653297808086,0.3137647749563125,0,0,146.28943513399253,0,0.033841466186713,32.121476286310404,MEDIUM
ALE-0182,2015-06-14,Tech Failure,Online Services,143.11,3,1.49,1.88,1.43,3.8,20,,6,2,2015,6,47.703333317432225,0.7925531910677909,8.403599999999999,0.1899999999905,4,2,ALE,0,0,-0.06709436753571629,0.41263076714089447,0,0,159.36068340635492,0,0.010465373260412405,31.354776870068225,MEDIUM
OLE-0516,2022-01-12,Tech Failure,Retail Banking,76.93,3,1.06,1.36,1.0,2.7,21,0.0,1,1,2022,2,25.64333332478556,0.7794117641327855,4.324800000000001,0.12857142856530612,4,4,OLE,1,0,-0.06576699757394155,0.4532348123978871,0,0,74.21242757966262,0,0.006299074033233347,17.818294393001615,LOW
ALE-0491,2016-09-30,Data Breach,Online Services,234.13,1,1.09,2.84,2.57,2.9,26,,9,3,2016,4,234.12999976586997,0.38380281676626665,3.0956,0.11153846153417159,1,2,ALE,0,0,-0.023587899835280424,1.60349031760357,0,0,207.61375053501445,1,0.46894901054965343,61.54314780323096,HIGH
ALE-0158,2018-07-18,Tech Failure,E-Banking,113.17,3,1.79,1.43,1.1,2.5,22,,7,3,2018,2,37.72333332075889,1.2517482508729034,7.6791,0.11363636363119835,4,1,ALE,0,0,-0.05692216050845311,0.020910980930693077,0,0,134.69434568129003,0,0.018131785651852625,29.193185054493508,LOW
OLE-0769,2019-07-19,Cyber-Fraud,ATM Network,84.79,4,0.39,0.77,1.0,4.0,14,,7,3,2019,4,21.197499994700625,0.5064935058357227,1.2012,0.2857142856938775,0,0,OLE,1,1,0.014005903045364532,0.3503985558978142,0,1,68.45205056156618,1,0.8800322818406929,59.2910976903446,HIGH
ALE-1118,2016-11-29,Cyber-Fraud,Payments,144.15,5,1.2,3.33,3.82,3.3,15,,11,4,2016,1,28.829999994234,0.360360360252144,19.98,0.21999999998533332,0,3,ALE,0,0,-0.024035273385140332,0.4262376000620236,0,0,132.9399927434425,0,0.10308089701911519,36.755756311617915,MEDIUM
OLE-0762,2018-03-07,Tech Failure,ATM Network,46.16,2,0.67,1.28,1.0,3.2,24,,3,1,2018,2,23.07999998846,0.5234374995910644,1.7152,0.13333333332777778,4,0,OLE,1,0,-0.06706100933215653,0.8558138979586051,0,0,53.62278457220429,0,0.009176436692452578,14.441897632830816,LOW
ALE-0389,2019-09-29,Data Breach,E-Banking,65.14,2,1.57,2.74,2.19,3.9,26,0.0,9,3,2019,6,32.569999983715,0.5729927005208055,8.6036,0.14999999999423078,1,1,ALE,0,0,-0.07131631280520734,0.6074891971479964,0,0,105.44314987341963,0,0.007012643142859576,22.00514549679504,LOW
ALE-0346,2016-12-29,Tech Failure,E-Banking,198.92,1,2.51,1.86,1.34,3.1,16,0.0,12,4,2016,3,198.91999980107997,1.3494623648658801,4.6686,0.19374999998789064,4,1,ALE,0,0,-0.02820488425559564,1.142820522264185,0,0,197.48323835962188,1,0.4061657433112211,57.04559751265638,HIGH
ALE-0808,2014-01-31,System Failure,Retail Banking,260.19,1,2.14,1.61,1.51,3.2,16,,1,1,2014,4,260.18999973981,1.3291925457582654,3.4454000000000002,0.1999999999875,3,4,ALE,0,0,-0.008432903285611304,1.9444461502234047,0,0,213.33468215172059,1,0.5624809212879088,67.97353780633489,HIGH
ALE-0266,2014-03-26,Cyber-Fraud,ATM Network,202.69,2,2.88,1.3,1.13,3.4,28,0.0,3,1,2014,2,101.3449999493275,2.215384613680473,7.4879999999999995,0.12142857142423469,0,0,ALE,0,0,-0.01705843626758685,1.1921452916032786,0,0,206.31157335845546,0,0.281175464064884,55.73004895631672,HIGH
OLE-0522,2015-04-26,System Failure,ATM Network,66.26,5,0.55,0.92,1.0,2.8,22,,4,2,2015,6,13.251999997349602,0.5978260863067109,2.5300000000000002,0.12727272726694214,3,0,OLE,1,0,-0.051925630510216036,0.5928356847713957,0,0,59.38933129290044,0,0.0032764081874489415,17.396543972794603,LOW
OLE-0023,2022-03-25,Cyber-Fraud,E-Banking,45.5,3,1.22,1.31,1.0,3.6,24,,3,1,2022,4,15.16666666161111,0.9312977092127497,4.7946,0.14999999999375,0,1,OLE,1,0,-0.08520065429134399,0.8644490034662446,0,0,54.546356846219616,0,0.001115625057970208,11.621353605042877,LOW
OLE-0357,2023-03-15,System Failure,E-Banking,43.51,3,0.34,0.7,1.0,3.0,21,,3,1,2023,2,14.503333328498888,0.48571428502040825,0.714,0.14285714285034012,3,1,OLE,1,0,-0.0815067777109727,0.8904851549210977,0,0,43.1666896618933,0,0.008266168302033522,10.602679920948125,LOW
ALE-0420,2017-11-25,Phishing,E-Banking,203.37,5,1.47,1.97,1.65,3.7,29,,11,4,2017,5,40.6739999918652,0.7461928930222371,14.4795,0.1275862068921522,2,1,ALE,0,0,-0.07281390066779353,1.2010420669747863,0,0,178.0321404155649,0,0.023191045744718364,33.932753888933135,MEDIUM
ALE-0455,2019-04-14,System Failure,Online Services,157.9,5,1.49,2.45,2.84,3.5,17,0.0,4,2,2019,6,31.579999993684,0.6081632650578924,18.2525,0.20588235292906573,3,2,ALE,0,0,-0.07252830435938146,0.6061356314711841,0,0,144.28351447111302,0,0.008102490242898896,28.0616373511309,LOW
ALE-1047,2016-12-23,Phishing,E-Banking,92.2,2,2.89,2.67,2.01,3.6,16,0.0,12,4,2016,4,46.09999997695,1.0823970033399262,15.4326,0.2249999999859375,2,1,ALE,0,0,-0.06370273354664252,0.2534498713347685,0,0,148.466251993064,0,0.03197608662936873,30.871388088594166,MEDIUM
OLE-0341,2016-12-17,Tech Failure,Payments,28.83,3,0.3,0.67,1.0,3.8,14,,12,4,2016,5,9.609999996796667,0.44776119336155046,0.603,0.27142857140918364,4,3,OLE,1,1,0.002839147243199447,1.0825508350001143,0,1,32.683504805133126,1,0.5166910908271343,39.2131607660537,MEDIUM
OLE-0432,2024-06-07,System Failure,Retail Banking,5.0,3,0.3,1.21,1.0,3.0,16,,6,2,2024,4,1.6666666661111111,0.2479338840926166,1.089,0.18749999998828126,3,4,OLE,1,0,-0.048838403711084166,1.3943304777986811,0,0,11.780909138039924,0,0.05501895749383503,12.067708973961382,LOW
OLE-0474,2014-03-14,Tech Failure,ATM Network,13.85,4,0.51,0.6,1.0,3.9,21,,3,1,2014,4,3.462499999134375,0.8499999985833334,1.224,0.18571428570544218,4,0,OLE,1,0,-0.035247369080122826,1.2785415630371488,0,0,17.243295662701247,0,0.018098890150320807,13.659460203504803,LOW
OLE-0218,2017-09-08,Data Breach,ATM Network,73.19,5,1.44,1.46,1.0,3.4,19,,9,3,2017,4,14.637999997072399,0.9863013691874647,10.511999999999999,0.17894736841163433,1,0,OLE,1,0,-0.0807527208979314,0.5021670769411789,0,0,68.6567251033357,0,0.0029219395714442566,14.594750265832964,LOW
ALE-0054,2018-06-05,System Failure,Retail Banking,142.54,5,2.93,3.04,2.45,2.9,27,0.0,6,2,2018,1,28.507999994298398,0.9638157891566396,44.536,0.10740740740342936,3,4,ALE,0,0,-0.0011684167168477533,0.4051731760206599,0,0,126.81469481512572,0,0.14496384749883268,40.629950603564446,MEDIUM
ALE-0370,2018-08-11,Data Breach,Online Services,185.56,5,1.3,2.33,2.22,3.7,18,,8,3,2018,5,37.1119999925776,0.557939913923631,15.145,0.20555555554413582,1,2,ALE,0,0,-0.08703793025779266,0.9680250532004482,0,0,163.6164834846739,0,0.013732119872528526,29.195332846036788,LOW
ALE-1265,2014-01-31,Phishing,ATM Network,214.45,4,2.02,1.77,1.82,4.0,29,0.0,1,1,2014,4,53.61249998659687,1.1412429372083372,14.3016,0.13793103447800237,2,0,ALE,0,0,-0.026644099692405332,1.346007171557586,0,0,193.62408023140324,0,0.03453893453498261,43.65394215236791,MEDIUM
ALE-0154,2016-02-09,Tech Failure,ATM Network,102.11,2,2.57,1.83,1.4,2.8,21,,2,1,2016,1,51.054999974472494,1.4043715839320372,9.4062,0.1333333333269841,4,0,ALE,0,0,-0.06881694635933527,0.123792453788239,0,0,175.17401462634294,0,0.03198227362801205,34.37616958974069,MEDIUM
ALE-0100,2018-03-25,Phishing,Online Services,179.94,2,2.17,1.33,1.63,3.2,23,,3,1,2018,6,89.969999955015,1.6315789461416697,5.7722,0.13913043477655956,2,2,ALE,0,0,-0.06125057829489888,0.8944958214535766,0,0,182.15700305845937,0,0.036332742185824905,36.7630097779528,MEDIUM
OLE-0094,2014-06-12,Data Breach,Retail Banking,9.04,4,0.9,0.68,1.0,3.5,24,,6,2,2014,3,2.2599999994349997,1.323529409818339,2.4480000000000004,0.14583333332725695,1,4,OLE,1,0,-0.07059462235999947,1.3414731652973715,0,0,15.592944087568043,0,0.0004229588272918667,7.5438714552490165,LOW
ALE-0151,2015-01-02,Cyber-Fraud,E-Banking,158.4,3,1.8,3.29,3.77,3.6,24,,1,1,2015,4,52.7999999824,0.5471124618397835,17.766000000000002,0.14999999999375,0,1,ALE,0,0,-0.06493098545026826,0.6126773780678809,0,0,182.3001176646507,0,0.04598451761427076,36.57873064446415,MEDIUM
ALE-0213,2018-04-12,Phishing,ATM Network,199.42,1,2.33,2.22,1.52,2.7,23,,4,2,2018,3,199.41999980057997,1.0495495490767794,5.172600000000001,0.11739130434272213,2,0,ALE,0,0,-0.04284819587449551,1.1493622688608818,0,0,192.07574144864793,0,0.3174333433913297,50.908966550224946,HIGH
ALE-0235,2015-11-05,Cyber-Fraud,E-Banking,203.9,2,2.73,2.32,1.87,2.6,22,0.0,11,4,2015,3,101.949999949025,1.1767241374238258,12.6672,0.11818181817644628,0,1,ALE,0,0,-0.060149667588462075,1.207976318367285,0,0,209.18507104385645,0,0.05024388926892316,41.725799575051894,MEDIUM
ALE-0938,2018-03-01,Cyber-Fraud,Retail Banking,10.0,3,1.9,2.29,2.61,3.3,21,,3,1,2018,3,3.3333333322222223,0.8296943227817928,13.052999999999999,0.15714285713537415,0,4,ALE,0,0,-0.0815224255233602,1.3289130118317138,0,0,28.68150255472356,0,0.009473734341942062,8.33121164531409,LOW
ALE-0451,2015-11-23,Data Breach,ATM Network,261.33,4,1.12,1.42,1.75,3.1,27,,11,4,2015,0,65.33249998366686,0.7887323938107519,6.3616,0.11481481481056242,1,0,ALE,0,0,-0.06906268573312685,1.9593613324638732,0,0,200.46720566240737,0,0.10036696447574178,40.769309693384145,MEDIUM
OLE-0697,2014-05-01,Data Breach,ATM Network,15.35,5,0.83,0.57,1.0,3.4,18,,5,2,2014,3,3.069999999386,1.456140348322561,2.3654999999999995,0.18888888887839506,1,0,OLE,1,0,-0.06379501560114664,1.2589163232470586,0,0,17.436700351490426,0,0.0069754173540632625,9.07418055105847,LOW
ALE-1173,2018-07-18,Cyber-Fraud,Online Services,177.55,5,2.02,1.25,1.43,3.0,29,,7,3,2018,2,35.509999992898,1.6159999987072,12.625,0.10344827585850179,0,2,ALE,0,0,-0.046540792616269644,0.8632262727213663,0,0,153.56118997282076,0,0.06157681024003694,35.26144816809297,MEDIUM
ALE-0139,2018-08-05,System Failure,E-Banking,66.28,4,1.88,3.23,2.97,3.3,15,,8,3,2018,6,16.5699999958575,0.5820433434730515,24.2896,0.21999999998533332,3,1,ALE,0,0,-0.013339330452858844,0.5925740149075279,0,0,73.66984269577647,0,0.18290789561667986,31.675564356283537,MEDIUM
ALE-0601,2016-12-05,Tech Failure,Retail Banking,76.75,3,1.46,1.85,1.51,3.7,28,,12,4,2016,0,25.583333324805555,0.7891891887626004,8.103,0.13214285713813775,4,4,ALE,0,0,-0.04598415795130695,0.455589841172698,0,0,85.46238379973575,0,0.02402547791400399,23.162971230270912,LOW
OLE-0154,2022-01-06,Data Breach,E-Banking,44.95,2,0.47,0.62,1.0,2.7,16,,1,1,2022,3,22.4749999887625,0.7580645149063475,0.5828,0.16874999998945314,1,1,OLE,1,0,-0.07198449199364365,0.8716449247226111,0,0,50.240876238752065,0,0.0002967908593390227,12.862475040818566,LOW
ALE-0242,2019-08-30,Data Breach,Online Services,52.14,2,1.14,3.22,2.92,3.1,25,0.0,8,3,2019,4,26.069999986964998,0.3540372669707958,7.3416,0.12399999999504001,1,2,ALE,0,0,-0.07667864094105958,0.7775746086621119,0,0,67.84227441735231,0,0.017306132571605716,15.571450462108805,LOW
ALE-1087,2016-08-19,System Failure,Payments,116.42,4,2.19,2.75,2.9,3.8,25,0.0,8,3,2016,4,29.10499999272375,0.7963636360740496,24.09,0.15199999999392,3,3,ALE,0,0,-0.06677867550627514,0.06343233380922193,0,0,123.09869527227005,0,0.00035794183445190153,25.2613959097313,LOW
ALE-1289,2014-09-04,System Failure,E-Banking,264.42,2,0.91,3.49,2.65,2.6,25,0.0,9,3,2014,3,132.209999933895,0.2607449855986404,6.351800000000001,0.10399999999584,3,1,ALE,0,0,-0.029566319811388797,1.9997893264314595,0,0,174.95258509785174,0,0.209392427650066,46.361715105534024,MEDIUM
OLE-0790,2019-05-08,Cyber-Fraud,ATM Network,71.58,1,0.44,1.03,1.0,2.7,16,,5,2,2019,2,71.57999992842,0.4271844656046752,0.4532,0.16874999998945314,0,0,OLE,1,0,-0.044792048394449724,0.5232315009825423,0,0,69.67423465319473,0,0.13437215409382225,24.6822797111067,LOW
OLE-0581,2021-01-04,System Failure,Payments,49.33,1,0.96,0.66,1.0,2.6,16,0.0,1,1,2021,0,49.32999995066999,1.4545454523415977,0.6336,0.16249999998984377,3,3,OLE,1,0,-0.0372801761525664,0.8143392245355476,0,0,57.470348246308504,0,0.040258606096611194,20.55314116213407,LOW
ALE-0613,2014-01-25,Data Breach,Payments,160.24,2,2.49,2.19,1.65,3.1,29,,1,1,2014,5,80.11999995994,1.1369863008506913,10.9062,0.10689655172045184,1,3,ALE,0,0,-0.058957341140396524,0.636751005543725,0,0,168.66423518368373,0,0.015137469422100152,34.20766148884501,MEDIUM
OLE-0704,2016-11-29,Cyber-Fraud,Retail Banking,30.64,2,1.48,1.17,1.0,2.9,14,,11,4,2016,1,15.31999999234,1.2649572638761049,3.4631999999999996,0.20714285712806121,0,4,OLE,1,0,-0.05181698242702959,1.058869712320072,0,0,53.98466237402962,0,0.000547278951611991,16.454682503527646,LOW
ALE-0355,2015-09-30,Data Breach,Payments,151.69,5,1.17,3.11,2.59,3.4,20,,9,3,2015,2,30.3379999939324,0.376205787660384,18.193499999999997,0.1699999999915,1,3,ALE,0,0,-0.08221155474885461,0.5248871387402104,0,0,142.76203692509822,0,0.001020024849476093,26.137246495723826,LOW
ALE-0438,2015-08-25,Data Breach,ATM Network,139.28,3,2.62,2.08,1.72,3.6,15,0.0,8,3,2015,1,46.42666665119111,1.2596153840098003,16.3488,0.239999999984,1,0,ALE,0,0,-0.027627401184475597,0.3625209882101972,0,0,155.301442244774,0,0.1115270035495795,40.08775218665726,MEDIUM
ALE-1028,2014-01-25,System Failure,E-Banking,126.5,3,2.96,1.96,1.39,3.8,29,0.0,1,1,2014,5,42.16666665261111,1.5102040808621406,17.404799999999998,0.13103448275410226,3,1,ALE,0,0,-0.04504576952649386,0.19531394519862832,0,0,163.03293609848532,0,0.018469887479494466,35.48547818367978,MEDIUM
ALE-0403,2018-06-05,Data Breach,Payments,102.24,1,2.59,1.39,1.12,2.5,26,,6,2,2018,1,102.23999989775999,1.8633093511774752,3.6000999999999994,0.09615384615014792,1,3,ALE,0,0,-0.015272537194095381,0.1220915996730979,0,0,171.52492297933128,0,0.29950409989593935,51.08503322195767,HIGH
OLE-0488,2018-12-27,Data Breach,E-Banking,42.16,3,0.64,1.23,1.0,2.5,15,,12,4,2018,3,14.053333328648888,0.5203252028290039,2.3615999999999997,0.16666666665555555,1,1,OLE,1,0,-0.07344562221173795,0.9081478707321791,0,0,51.59927189554741,0,0.0031038084031986715,12.96114347754461,LOW
ALE-0767,2015-07-14,System Failure,E-Banking,113.98,2,1.28,1.35,1.02,2.8,21,,7,3,2015,1,56.989999971505,0.9481481474458161,3.4560000000000004,0.1333333333269841,3,1,ALE,0,0,-0.09624364527184054,0.03150861041734184,0,0,141.3670496232788,0,0.023541548678035012,24.625281740360457,LOW
OLE-0560,2023-12-16,Cyber-Fraud,E-Banking,75.44,2,1.47,0.74,1.0,3.5,15,,12,4,2023,5,37.71999998114,1.9864864838020453,2.1755999999999998,0.23333333331777778,0,1,OLE,1,0,-0.017646851291657217,0.4727292172560435,0,0,80.38972161729723,0,0.08284981929650284,28.608049806565006,LOW
ALE-0284,2014-08-29,Data Breach,E-Banking,102.24,3,2.01,2.76,2.25,3.1,27,0.0,8,3,2014,4,34.07999998864,0.7282608693013547,16.642799999999998,0.11481481481056242,1,1,ALE,0,0,-0.09680584964357558,0.1220915996730979,0,0,123.04500206657535,0,0.00094541759492228,20.82750806370283,LOW
ALE-1095,2016-06-14,Tech Failure,Online Services,162.37,2,1.58,3.25,2.82,3.5,19,,6,2,2016,1,81.1849999594075,0.48615384600426037,10.27,0.1842105263060942,4,2,ALE,0,0,-0.05960975974158794,0.664618846045653,0,0,174.4872238421102,0,0.11347967095310642,38.482220483469035,MEDIUM
ALE-0262,2014-01-25,System Failure,ATM Network,247.43,3,1.88,1.98,2.19,3.3,22,,1,1,2014,5,82.47666663917444,0.9494949490154065,11.1672,0.1499999999931818,3,0,ALE,0,0,-0.0977014321844149,1.7775007770757039,0,0,207.47492302612875,0,0.03525558790639059,35.36833187599795,MEDIUM
OLE-0802,2015-01-20,Tech Failure,Retail Banking,72.84,4,0.61,0.53,1.0,2.9,14,,1,1,2015,1,18.2099999954475,1.1509433940548237,1.2932000000000001,0.20714285712806121,4,4,OLE,1,0,-0.03693438903858559,0.5067462995588665,0,0,63.34938788485587,0,0.03196338726879267,21.252130830331375,LOW
OLE-0513,2020-01-16,System Failure,ATM Network,124.56,3,1.25,1.48,1.0,3.9,16,,1,1,2020,3,41.51999998616,0.8445945940239226,5.55,0.24374999998476563,3,0,OLE,1,0,-0.03569467329879261,0.169931968403445,0,0,97.44877303745507,0,0.062046539427336594,27.929869918642613,LOW
OLE-0634,2025-10-13,Tech Failure,Retail Banking,78.07,3,1.26,0.74,1.0,2.6,19,,10,4,2025,0,26.023333324658886,1.7027027004017532,2.7972,0.1368421052559557,4,4,OLE,1,0,-0.026774272739738425,0.4383196301574187,0,0,72.66256661847711,0,0.03364474094845359,24.301418258926738,LOW
ALE-1182,2015-02-13,Tech Failure,Retail Banking,187.99,3,2.42,2.46,1.68,2.8,16,0.0,2,1,2015,4,62.66333331244556,0.9837398369984797,17.8596,0.1749999999890625,4,4,ALE,0,0,-0.051012009889126464,0.9998179416603944,0,0,192.3384065352667,0,0.02899862748946378,39.646915101886705,MEDIUM
ALE-0807,2016-11-29,Tech Failure,E-Banking,10.0,4,2.0,2.64,1.81,2.9,16,,11,4,2016,1,2.499999999375,0.757575757288797,21.12,0.18124999998867186,4,1,ALE,0,0,-0.05683522420758258,1.3289130118317138,0,0,35.7915285281385,0,0.01446148610984413,13.295572021249596,LOW
ALE-1166,2015-12-17,Cyber-Fraud,Payments,256.32,1,2.65,1.22,0.87,3.2,28,,12,4,2015,3,256.31999974368,2.172131145760548,3.2329999999999997,0.11428571428163266,0,3,ALE,0,1,0.030556827031688716,1.893813031564972,0,1,206.8598366718775,1,0.6014482639614921,74.07709209229448,CRITICAL
ALE-1207,2018-02-23,Data Breach,Online Services,111.13,5,1.44,2.57,1.97,3.2,18,,2,1,2018,4,22.225999995554798,0.5603112838286727,18.503999999999998,0.17777777776790124,1,2,ALE,0,0,-0.09297996308193646,0.005779345183829731,0,0,101.28482913077212,0,0.0015595628761729031,17.943178099121532,LOW
ALE-0293,2018-11-15,System Failure,E-Banking,107.41,1,2.35,2.66,1.79,2.7,19,,11,4,2018,3,107.40999989259,0.883458646284414,6.251,0.14210526315041552,3,1,ALE,0,0,-0.08984737694131639,0.05444993986325351,0,0,149.82187357197546,0,0.08509706410738523,29.075913644873463,LOW
OLE-0791,2014-11-03,Tech Failure,Payments,120.17,3,1.46,0.61,1.0,2.9,17,,11,4,2014,0,40.056666653314444,2.393442619027143,2.6717999999999997,0.17058823528408304,4,3,OLE,1,0,-0.023420165194126374,0.11249543328444754,0,0,91.94073214531252,0,0.11295627611616091,30.650174405521145,MEDIUM
OLE-0117,2021-02-27,Cyber-Fraud,ATM Network,73.67,3,1.48,0.64,1.0,2.8,21,0.0,2,1,2021,5,24.55666665848111,2.3124999963867188,2.8415999999999997,0.1333333333269841,0,0,OLE,1,0,-0.028590664017436374,0.4958870002083499,0,0,67.64482855940598,0,0.09545613165774149,25.39519288407055,LOW
ALE-0640,2015-09-06,System Failure,Payments,132.92,1,2.05,2.84,2.04,3.2,21,0.0,9,3,2015,6,132.91999986707998,0.7218309856613271,5.821999999999999,0.15238095237369614,3,3,ALE,0,0,-0.07458090516338833,0.2793099715002144,0,0,163.9432599760672,0,0.0690112133766183,33.02665646666056,MEDIUM
OLE-0741,2025-02-15,Tech Failure,E-Banking,69.49,3,1.1,0.99,1.0,3.9,15,,2,1,2025,5,23.16333332561222,1.1111111099887767,3.2670000000000003,0.25999999998266665,4,1,OLE,1,0,-0.021700099542191542,0.5505760017567348,0,0,73.90879897443732,0,0.35382743164808395,36.457966936475316,MEDIUM
ALE-1057,2015-05-08,Tech Failure,E-Banking,118.81,1,1.11,1.71,1.5,2.6,25,,5,2,2015,4,118.80999988119,0.6491228066379399,1.8981000000000001,0.10399999999584,4,1,ALE,0,0,-0.04249169525172247,0.0947018825414324,0,0,146.98021118037062,0,0.09265342982666902,35.89851348833388,MEDIUM
ALE-0224,2015-09-18,Data Breach,Retail Banking,209.97,2,0.85,2.22,1.65,3.5,22,0.0,9,3,2015,4,104.98499994750749,0.38288288271041304,3.774,0.15909090908367768,1,4,ALE,0,0,-0.0753741381645383,1.2873931220511832,0,0,182.67312584245582,0,0.06581608915274367,35.786123510468755,MEDIUM
ALE-0770,2018-01-24,System Failure,Retail Banking,91.51,3,1.48,1.9,1.5,3.6,21,,1,1,2018,2,30.503333323165556,0.7789473680110803,8.435999999999998,0.17142857142040815,3,4,ALE,0,0,-0.0960106898585823,0.26247748163820994,0,0,121.18903902008802,0,0.011266876895427737,21.010334101677312,LOW
OLE-0831,2014-08-23,System Failure,E-Banking,55.26,1,1.32,1.24,1.0,3.8,22,,8,3,2014,5,55.259999944739995,1.0645161281737774,1.6368,0.17272727271942148,3,1,OLE,1,0,-0.07734198703256012,0.7367541098987243,0,0,61.29562489245061,0,0.0003448566058554557,13.83493388036049,LOW
OLE-0120,2018-07-18,System Failure,E-Banking,57.24,2,0.81,0.66,1.0,2.5,22,,7,3,2018,2,28.61999998569,1.2272727254132232,1.0692000000000002,0.11363636363119835,3,1,OLE,1,0,-0.05405810737926986,0.7108487933758051,0,0,59.16663300162368,0,0.051381692861970196,18.728954080915443,LOW
OLE-0657,2024-03-21,System Failure,ATM Network,49.86,2,1.1,1.32,1.0,2.9,24,,3,1,2024,3,24.929999987535,0.8333333327020201,2.9040000000000004,0.12083333332829861,3,0,OLE,1,0,-0.07913079410221507,0.807404973143049,0,0,58.26261396525146,0,0.0004693906435892924,13.090457648099857,LOW
ALE-1017,2016-12-05,Data Breach,E-Banking,230.26,3,1.98,2.91,2.99,2.8,18,,12,4,2016,0,76.75333330774889,0.6804123709002019,17.2854,0.15555555554691358,1,1,ALE,0,0,-0.07514290680208674,1.5528571989451372,0,0,203.74522491363464,0,0.13595492417637772,41.63771587521739,MEDIUM
ALE-1244,2016-07-26,Phishing,E-Banking,117.25,5,0.83,3.22,3.55,3.8,21,0.0,7,3,2016,1,23.449999995309998,0.2577639750752285,13.363,0.18095238094376417,2,1,ALE,0,0,-0.04671358584352536,0.07429163315973851,0,0,98.72085586852215,0,0.07827765001814622,27.069464804144655,LOW
OLE-0636,2016-11-11,Cyber-Fraud,Payments,5.0,3,1.06,1.49,1.0,3.7,15,,11,4,2016,4,1.6666666661111111,0.7114093954956984,4.7382,0.24666666665022224,0,3,OLE,1,0,-0.04838062438017532,1.3943304777986811,0,0,16.74201324904507,0,0.04044081621476381,12.416902222562168,LOW
OLE-0370,2015-08-01,Cyber-Fraud,E-Banking,58.95,1,1.2,1.25,1.0,3.4,16,0.0,8,3,2015,5,58.949999941049995,0.9599999992319999,1.5,0.21249999998671876,0,1,OLE,1,0,-0.06111141598538611,0.6884760200151021,0,0,63.56166387220533,0,0.004287371982294452,16.737645910920413,LOW
OLE-0269,2021-04-04,Data Breach,Payments,24.07,3,0.4,1.31,1.0,3.8,17,0.0,4,2,2021,6,8.02333333065889,0.305343511217295,1.5720000000000003,0.22352941175155708,1,3,OLE,1,0,-0.042593878668575114,1.1448282626006672,0,0,31.91143919953104,0,0.0887810476729316,17.386208051916164,LOW
OLE-0656,2014-06-30,Data Breach,Retail Banking,66.05,2,1.16,0.77,1.0,3.0,24,0.0,6,2,2014,0,33.0249999834875,1.5064935045370214,1.7864,0.12499999999479167,1,4,OLE,1,0,-0.04958323298624978,0.5955832183420084,0,0,73.49567068501713,0,0.006536844941177981,20.10844229894892,LOW
ALE-0078,2016-09-12,Tech Failure,Payments,109.99,5,1.78,1.99,2.22,3.2,21,0.0,9,3,2016,0,21.9979999956004,0.8944723613595617,17.711000000000002,0.15238095237369614,4,3,ALE,0,0,-0.07215706692823842,0.020694527424298323,0,0,99.8289080135611,0,0.01424642127419196,21.2379736838159,LOW
OLE-0823,2015-01-02,System Failure,Retail Banking,30.77,2,1.26,1.06,1.0,3.6,16,0.0,1,1,2015,4,15.384999992307499,1.1886792441616232,2.6712000000000002,0.2249999999859375,3,4,OLE,1,0,-0.07653902918374939,1.057168858204931,0,0,47.552645308010035,0,0.008580726985060023,12.049095417509228,LOW
ALE-0009,2015-08-25,Phishing,ATM Network,157.8,1,2.86,3.12,2.24,3.0,21,0.0,8,3,2015,1,157.7999998422,0.9166666663728632,8.9232,0.14285714285034012,2,0,ALE,0,0,-0.05650650866505946,0.6048272821518449,0,0,185.97155046358418,0,0.33431768870204603,48.503590315311804,MEDIUM
OLE-0047,2022-12-26,System Failure,E-Banking,60.96,4,1.32,0.71,1.0,3.9,23,,12,4,2022,0,15.23999999619,1.859154926958937,3.7488,0.16956521738393193,3,1,OLE,1,0,-0.027215759136768436,0.6621781986963813,0,0,59.67336788748688,0,0.036375082667836886,22.258913053265157,LOW
ALE-0516,2014-05-19,Cyber-Fraud,Payments,69.57,5,2.04,2.28,2.74,3.8,16,0.0,5,2,2014,0,13.913999997217198,0.8947368417128347,23.255999999999997,0.23749999998515625,0,3,ALE,0,0,-0.01750998234605272,0.5495293223012634,0,0,68.88441244981665,0,0.0592569593838693,25.966650744698384,LOW
ALE-1076,2015-04-08,Phishing,Online Services,339.25,2,1.97,1.51,1.04,3.8,16,,4,2,2015,2,169.6249999151875,1.3046357607254067,5.9494,0.23749999998515625,2,2,ALE,0,0,-0.016537188083190935,2.978827122093094,1,1,232.2203157031361,1,0.6962855095044558,74.4703622925021,CRITICAL
ALE-0134,2015-01-20,System Failure,Payments,115.88,1,1.52,2.6,1.84,2.5,18,,1,1,2015,1,115.87999988411998,0.5846153843905325,3.9520000000000004,0.13888888888117285,3,3,ALE,0,0,-0.05779580076558821,0.056367247484789364,0,0,148.45883195425904,0,0.09586601940512594,33.98094363203352,MEDIUM
ALE-0019,2016-04-27,System Failure,Payments,229.11,5,1.47,2.28,2.3,3.2,15,,4,2,2016,2,45.8219999908356,0.6447368418224838,16.758,0.2133333333191111,3,3,ALE,0,0,-0.07992957205925094,1.537811181772735,0,0,185.9354922346454,0,0.0054566124681377495,33.51963462113784,MEDIUM
OLE-0774,2019-07-01,System Failure,Retail Banking,119.18,3,0.93,1.22,1.0,3.4,18,,7,3,2019,0,39.726666653424445,0.7622950813423811,3.4038,0.18888888887839506,3,4,OLE,1,0,-0.07927568957960612,0.09954277502298804,0,0,80.8744071577643,0,5.602240896358543e-05,16.6627234081301,LOW
ALE-0362,2018-11-09,Data Breach,Online Services,224.78,2,0.9,2.11,1.93,3.2,26,,11,4,2018,4,112.389999943805,0.4265402841580378,3.798,0.12307692307218936,1,2,ALE,0,0,-0.0818565821693446,1.4811596562453408,0,0,199.29887276033259,0,0.03612688893070659,36.44018585321849,MEDIUM
ALE-0269,2014-11-03,System Failure,E-Banking,70.05,5,0.94,2.52,2.04,3.3,24,,11,4,2014,0,14.009999997198,0.3730158728678508,11.843999999999998,0.13749999999427082,3,1,ALE,0,0,-0.07982750416057671,0.5432492455684345,0,0,65.24028833088926,0,0.018163616223759806,14.720033994260989,LOW
OLE-0005,2015-04-14,Data Breach,Payments,45.1,3,1.44,0.75,1.0,3.0,22,,4,2,2015,1,15.033333328322222,1.91999999744,3.24,0.136363636357438,1,3,OLE,1,0,-0.07097795629001574,0.869682400743602,0,0,53.19295264005392,0,0.01572700989604882,14.022628209870502,LOW
ALE-1162,2016-10-30,Cyber-Fraud,Retail Banking,194.49,2,2.64,1.28,1.3,3.2,26,,10,4,2016,6,97.2449999513775,2.0624999983886716,6.758400000000001,0.12307692307218936,0,4,ALE,0,0,-0.018062825982093855,1.084860647417452,0,0,197.0673998306644,0,0.09876057556270351,47.72171366936478,MEDIUM
ALE-0146,2014-11-09,Data Breach,Retail Banking,233.38,2,2.74,3.5,3.61,3.6,18,0.0,11,4,2014,6,116.68999994165499,0.7828571426334694,19.18,0.1999999999888889,1,4,ALE,0,0,-0.018588872570110326,1.593677697708525,0,0,209.0705502072524,0,0.1897221752529561,52.74283726223557,HIGH
ALE-1031,2017-01-29,Tech Failure,Online Services,132.5,5,0.88,3.35,2.77,2.9,29,,1,1,2017,6,26.4999999947,0.2626865670857652,14.740000000000002,0.09999999999655172,4,2,ALE,0,0,-0.009720059596586506,0.2738149043589893,0,0,103.22518753053704,0,0.0407858495482671,31.953345851885906,MEDIUM
ALE-1093,2016-09-24,System Failure,ATM Network,261.29,3,2.04,3.24,2.56,3.5,21,0.0,9,3,2016,5,87.09666663763444,0.6296296294352994,19.8288,0.16666666665873014,3,0,ALE,0,0,-0.060734068471727964,1.958837992736138,0,0,228.9421565649775,0,0.07523671424576048,45.66667942854553,MEDIUM
OLE-0264,2025-04-28,System Failure,E-Banking,31.16,3,0.75,1.06,1.0,3.2,19,0.0,4,2,2025,0,10.386666663204444,0.7075471691438233,2.3850000000000002,0.1684210526227147,3,1,OLE,1,0,-0.09901077431819649,1.0520662958595075,0,0,32.97584162246382,0,0.0002967908593390227,6.1059119083171645,LOW
ALE-0921,2016-01-04,Data Breach,Retail Banking,85.24,2,2.93,2.75,3.03,2.7,16,,1,1,2016,0,42.61999997869,1.0654545450671076,16.115000000000002,0.16874999998945314,1,4,ALE,0,0,-0.04631283748135362,0.3445109839607873,0,0,138.72944614301173,0,0.005034706507739979,30.949509361543026,MEDIUM
OLE-0613,2023-11-28,Cyber-Fraud,E-Banking,29.73,1,1.01,1.32,1.0,3.1,21,,11,4,2023,1,29.729999970269997,0.7651515145718548,1.3332000000000002,0.14761904761201813,0,1,OLE,1,0,-0.09416519636237175,1.07077569112606,0,0,46.46190069911015,0,0.004374568864559141,9.11806415653655,LOW
OLE-0444,2017-06-10,Data Breach,E-Banking,72.69,3,1.27,1.08,1.0,3.6,21,,6,2,2017,5,24.229999991923332,1.1759259248371055,4.114800000000001,0.17142857142040815,1,1,OLE,1,0,-0.10044427435074171,0.5087088235378756,0,0,71.07246367253607,0,0.0012610940685824819,12.00653298656466,LOW
ALE-0145,2018-06-05,Cyber-Fraud,E-Banking,197.05,2,2.89,1.35,1.1,2.6,17,,6,2,2018,1,98.5249999507375,2.1407407391550066,7.803000000000001,0.1529411764615917,0,1,ALE,0,0,-0.032781901160378824,1.1183543899925394,0,0,200.95518301632896,0,0.24049057238912297,51.12330632245248,HIGH
ALE-0220,2016-03-22,System Failure,E-Banking,113.26,1,1.17,1.93,1.76,3.0,20,,3,1,2016,1,113.25999988673999,0.6062176162662084,2.2580999999999998,0.1499999999925,3,1,ALE,0,0,-0.09203402658978543,0.022088495318098537,0,0,140.93931295867858,0,0.11648607623630028,28.433370127706244,LOW
OLE-0838,2025-08-14,Cyber-Fraud,ATM Network,5.0,1,0.96,1.33,1.0,3.0,14,0.0,8,3,2025,3,4.999999995,0.7218045107354852,1.2768,0.21428571427040816,0,0,OLE,1,0,-0.04761294532344151,1.3943304777986811,0,0,14.18386534373187,0,0.01303006347395661,11.162983627278757,LOW
ALE-1220,2014-12-27,Phishing,Payments,167.27,4,2.16,2.73,1.85,2.7,18,0.0,12,4,2014,5,41.817499989545624,0.7912087909189712,23.587200000000003,0.1499999999916667,2,3,ALE,0,0,-0.07828923384558328,0.7287279626932812,0,0,170.94314710109794,0,0.0018431937010722776,31.243692649620165,MEDIUM
OLE-0305,2022-07-29,Data Breach,Retail Banking,5.0,2,1.24,1.25,1.0,3.7,23,0.0,7,3,2022,4,2.49999999875,0.9919999992063999,3.1,0.16086956521039697,1,4,OLE,1,0,-0.08266381767102216,1.3943304777986811,0,0,11.87941694188128,0,5.602240896358543e-05,5.151468868450064,LOW
ALE-0508,2018-02-05,Tech Failure,Retail Banking,237.25,4,2.04,1.68,1.15,3.0,16,,2,1,2018,0,59.312499985171875,1.2142857135629253,13.7088,0.18749999998828126,4,4,ALE,0,0,-0.04733685180367653,1.6443108163669578,0,0,202.02994933783341,0,0.01741804783959736,41.33223532286094,MEDIUM
ALE-0908,2014-03-08,Cyber-Fraud,E-Banking,225.99,1,2.98,2.42,1.89,2.9,17,0.0,3,1,2014,5,225.98999977401,1.2314049581688409,7.2116,0.17058823528408304,0,1,ALE,0,0,-0.007484762621768892,1.4969906830093471,0,0,217.83726516696822,0,0.22056344172566203,56.86529138065196,HIGH
OLE-0314,2025-12-24,Cyber-Fraud,Payments,13.02,4,0.74,0.93,1.0,2.5,19,,12,4,2025,2,3.25499999918625,0.7956989238755925,2.7528,0.13157894736149583,0,3,OLE,1,0,-0.06104273965599,1.2894008623876654,0,0,18.527605334138848,0,0.014601055204201083,9.922662021037217,LOW
OLE-0150,2015-08-25,Tech Failure,Retail Banking,32.29,5,0.61,1.17,1.0,2.9,23,,8,3,2015,1,6.4579999987084,0.5213675209219081,3.5685,0.1260869565162571,4,4,OLE,1,0,-0.06586945890286561,1.0372819485509728,0,0,28.442935506988132,0,0.0052990740332333475,10.464638729486985,LOW
ALE-0291,2014-06-30,Cyber-Fraud,Online Services,55.65,3,1.05,2.43,2.79,3.8,16,,6,2,2014,0,18.549999993816666,0.4320987652542803,7.654500000000001,0.23749999998515625,0,2,ALE,0,0,-0.030123183302807277,0.7316515475533008,0,0,63.57205947755944,0,0.05500802034266648,23.10270524990034,LOW
ALE-0356,2018-05-30,Data Breach,Online Services,10.0,3,2.9,1.69,1.45,3.6,28,0.0,5,2,2018,2,3.3333333322222223,1.715976330345576,14.702999999999998,0.12857142856683673,1,2,ALE,0,0,-0.050599108902797285,1.3289130118317138,0,0,32.97040177087009,0,0.03168160519480717,14.371437406044366,LOW
OLE-0575,2022-03-31,Tech Failure,Retail Banking,121.72,1,0.81,0.57,1.0,2.7,23,,3,1,2022,3,121.71999987827999,1.421052629085873,0.4617,0.11739130434272213,4,4,OLE,1,1,0.002481293719391764,0.13277484773420742,0,1,98.17423464782132,1,0.6350591074047806,53.753480144736,HIGH
ALE-0831,2019-06-19,Data Breach,Payments,10.0,4,2.38,2.48,2.95,2.8,27,,6,2,2019,2,2.499999999375,0.959677418967872,23.6096,0.10370370369986281,1,3,ALE,0,0,-0.06564125603638216,1.3289130118317138,0,0,37.52670092820214,0,0.00588075786192411,11.968291636374403,LOW
OLE-0051,2018-03-25,Data Breach,Payments,49.25,5,0.68,1.45,1.0,3.7,18,,3,1,2018,6,9.84999999803,0.46896551691795485,4.930000000000001,0.20555555554413582,1,3,OLE,1,0,-0.06554159818724675,0.8153859039910191,0,0,42.08020090553992,0,5.602240896358543e-05,12.505788116127539,LOW
ALE-0903,2015-05-20,System Failure,ATM Network,246.1,2,2.56,2.69,3.35,2.9,25,0.0,5,2,2015,2,123.049999938475,0.9516728620997499,13.7728,0.11599999999536,3,0,ALE,0,0,-0.06476427695327003,1.76009973112849,0,0,229.49626106808344,0,0.06627587544685674,44.84474861617536,MEDIUM
OLE-0727,2015-01-14,Tech Failure,ATM Network,56.15,2,0.7,0.61,1.0,2.9,18,,1,1,2015,2,28.0749999859625,1.1475409817253426,0.854,0.16111111110216048,4,0,OLE,1,0,-0.06708192513902006,0.725109800956604,0,0,53.920611643194725,0,0.0051850991834175375,14.346628557891691,LOW
OLE-0834,2024-01-21,Tech Failure,E-Banking,44.5,5,0.64,1.29,1.0,3.9,17,0.0,1,1,2024,6,8.89999999822,0.49612403062315963,4.128,0.22941176469238753,4,1,OLE,1,0,-0.028196416248119305,0.8775324966596382,0,0,42.37080739939286,0,0.06330677759880085,20.295336965880946,LOW
ALE-0520,2018-08-29,Cyber-Fraud,Payments,191.66,1,2.66,1.91,1.28,2.6,16,,8,3,2018,2,191.65999980834,1.3926701563389163,5.0806000000000004,0.16249999998984377,0,3,ALE,0,0,-0.014544421191424295,1.0478343616801484,0,0,193.0357370726619,0,0.2806466927020018,53.96533302066937,HIGH
ALE-0258,2016-03-28,Tech Failure,E-Banking,207.26,1,2.8,3.15,2.76,2.6,21,,3,1,2016,0,207.25999979273996,0.8888888886067019,8.819999999999999,0.12380952380362813,4,1,ALE,0,0,-0.006376287785885282,1.2519368554970869,0,0,208.96352038866,1,0.4120199820866659,62.31440062300744,HIGH
ALE-0309,2015-08-13,Phishing,Payments,233.0,1,1.21,2.66,1.94,3.5,26,,8,3,2015,3,232.999999767,0.4548872178741025,3.2186,0.1346153846102071,2,3,ALE,0,0,-0.03495662012098466,1.5887059702950355,0,0,224.61065660208877,0,0.22657237165148625,54.08890450109949,HIGH
OLE-0471,2014-04-01,System Failure,Retail Banking,36.36,4,1.48,1.3,1.0,3.6,22,0.0,4,2,2014,1,9.0899999977275,1.1384615375857987,7.696,0.1636363636289256,3,4,OLE,1,0,-0.07808232015724542,0.9840321312538612,0,0,38.44039624312445,0,0.0002844306887637282,10.076171415137551,LOW
ALE-0114,2015-01-26,Cyber-Fraud,E-Banking,140.83,5,2.81,1.68,1.33,2.6,26,0.0,1,1,2015,0,28.165999994366803,1.672619046623441,23.604,0.09999999999615385,0,1,ALE,0,0,-0.012642121164292752,0.3828004026599573,0,0,122.10396901712312,0,0.119610709764423,37.292076485353775,MEDIUM
OLE-0654,2017-07-10,Tech Failure,E-Banking,62.58,2,0.86,1.28,1.0,3.9,15,,7,3,2017,0,31.289999984355,0.6718749994750975,2.2016,0.25999999998266665,4,1,OLE,1,0,-0.010372532085596409,0.6409829397230838,0,0,71.39553954796556,0,0.3069063240609797,36.09186637171342,MEDIUM
OLE-0400,2023-10-11,Cyber-Fraud,E-Banking,44.8,1,0.82,0.8,1.0,2.8,23,,10,4,2023,2,44.79999995519999,1.02499999871875,0.656,0.1217391304294896,0,1,OLE,1,0,-0.0629358873787435,0.8736074487016202,0,0,60.155105876967085,0,0.0017794813848688831,15.83614699672683,LOW
OLE-0512,2018-03-19,System Failure,Payments,52.19,3,1.3,1.05,1.0,2.8,17,0.0,3,1,2018,0,17.396666660867776,1.2380952369160996,4.095000000000001,0.1647058823432526,3,3,OLE,1,0,-0.08614822592080207,0.7769204340024423,0,0,58.374737720219336,0,0.0018324195138609875,12.117040801755433,LOW
OLE-0321,2021-04-22,Tech Failure,ATM Network,19.05,3,0.31,1.44,1.0,3.1,23,,4,2,2021,3,6.349999997883334,0.21527777762827932,1.3392,0.13478260868979206,4,0,OLE,1,0,-0.036812002281133904,1.2105073984315027,0,0,22.683235502329715,0,0.03925046364583448,15.036159459739713,LOW
OLE-0020,2020-07-08,Tech Failure,E-Banking,19.14,4,0.96,1.1,1.0,3.3,16,,7,3,2020,2,4.78499999880375,0.8727272719338841,4.224,0.20624999998710936,4,1,OLE,1,0,-0.08163584246968747,1.2093298840440971,0,0,20.466247335078002,0,0.006236455517732409,6.890197407799759,LOW
OLE-0685,2014-04-13,Cyber-Fraud,Retail Banking,73.76,1,1.27,0.58,1.0,3.1,14,0.0,4,2,2014,6,73.75999992624,2.189655168638526,0.7365999999999999,0.2214285714127551,0,4,OLE,1,1,0.03235918215244482,0.4947094858209445,0,1,70.12644949981804,1,0.6627292079060418,54.67009775429999,HIGH
OLE-0036,2014-12-09,Tech Failure,Payments,30.71,3,1.02,1.18,1.0,3.2,20,0.0,12,4,2014,1,10.236666663254445,0.8644067789284688,3.6108,0.159999999992,4,3,OLE,1,0,-0.09938624212102298,1.0579538677965346,0,0,36.55542420826626,0,0.0067809091489273885,6.848461241566733,LOW
ALE-0045,2018-05-24,Data Breach,ATM Network,92.91,4,1.43,3.24,3.06,2.7,20,,5,2,2018,3,23.227499994193124,0.44135802455513634,18.5328,0.13499999999325002,1,0,ALE,0,0,-0.06923098543017214,0.24416059116745917,0,0,97.30167490939647,0,0.02031691347953217,21.480409018371954,LOW
ALE-1155,2015-06-20,Tech Failure,ATM Network,275.34,1,1.68,2.3,1.55,3.0,19,,6,2,2015,5,275.33999972465995,0.7304347822911154,3.8639999999999994,0.157894736833795,4,0,ALE,0,0,-0.008534882998607163,2.1426610721033157,0,0,241.00580592056116,1,0.4425082678356655,68.17490537149654,HIGH
OLE-0828,2020-04-09,Data Breach,Retail Banking,74.31,5,1.02,0.59,1.0,3.0,14,,4,2,2020,3,14.8619999970276,1.7288135563918416,3.0089999999999995,0.21428571427040816,1,4,OLE,1,0,-0.03549028145116406,0.4875135645645781,0,0,64.21240774852917,0,0.03101247954900875,21.570379398731994,LOW
ALE-1178,2017-12-01,Data Breach,Payments,156.02,3,1.76,2.03,1.7,2.9,15,,12,4,2017,4,52.006666649331116,0.8669950734645345,10.718399999999999,0.19333333332044444,1,3,ALE,0,0,-0.08740826031142462,0.5815386642676044,0,0,168.57115031813063,0,0.015345434717045317,29.987588374989244,LOW
OLE-0408,2020-03-10,Data Breach,E-Banking,19.37,5,0.41,0.69,1.0,2.6,18,,3,1,2020,1,3.8739999992252003,0.594202897689561,1.4144999999999999,0.14444444443641977,1,1,OLE,1,0,-0.07116035418321714,1.2063206806096167,0,0,17.652690555462,0,0.003708591159385553,7.903781103899665,LOW
ALE-0063,2016-02-27,Cyber-Fraud,Online Services,21.73,1,0.97,2.41,2.23,3.4,23,,2,1,2016,5,21.729999978269998,0.4024896263890084,2.3377,0.14782608695009453,0,2,ALE,0,0,-0.07869712010637325,1.175443636673208,0,0,47.62090109812034,0,0.005209418720254633,11.622460149077337,LOW
OLE-0538,2018-09-16,System Failure,Retail Banking,23.06,5,0.78,1.29,1.0,2.8,14,,9,3,2018,6,4.611999999077599,0.6046511623219758,5.031000000000001,0.19999999998571427,3,4,OLE,1,0,-0.031040575341990895,1.1580425907259946,0,0,23.321873719589366,0,0.04645432767970489,16.244731521586253,LOW
OLE-0759,2019-06-01,System Failure,E-Banking,54.16,5,0.98,1.26,1.0,3.6,14,,6,2,2019,5,10.831999997833599,0.7777777771604938,6.174,0.2571428571244898,3,1,OLE,1,0,-0.034812451553910995,0.7511459524114571,0,0,47.90209010508699,0,0.18264911188239683,24.375368136060125,LOW
ALE-0848,2014-01-13,Data Breach,Retail Banking,119.3,2,1.43,1.65,1.11,3.0,16,,1,1,2014,0,59.649999970174996,0.8666666661414141,4.718999999999999,0.18749999998828126,1,4,ALE,0,0,-0.06661017547580528,0.10111279420619514,0,0,135.76025747567525,0,0.008679132711277732,27.598004567064315,LOW
ALE-1243,2017-08-21,Tech Failure,Online Services,146.15,5,2.16,2.63,3.18,2.9,22,,8,3,2017,0,29.229999994154,0.8212927753531207,28.404,0.13181818181219007,4,2,ALE,0,0,-0.053098070013658516,0.4524045864488106,0,0,135.42385561508002,0,0.02473993330399778,30.107081127163077,MEDIUM
ALE-0205,2017-09-20,Phishing,ATM Network,95.89,3,2.07,2.02,2.03,3.7,19,0.0,9,3,2017,2,31.96333332267889,1.0247524747402215,12.544199999999998,0.19473684209501385,2,0,ALE,0,0,-0.08072651808048315,0.2051717814511465,0,0,121.2925673240204,0,0.01720640363678513,23.49774176122443,LOW
ALE-0342,2015-08-13,Cyber-Fraud,E-Banking,244.51,1,2.48,2.44,2.74,3.3,17,,8,3,2015,3,244.50999975548996,1.016393442206396,6.0512,0.19411764704740483,0,1,ALE,0,0,-0.015358482514209015,1.7392969769509947,0,0,224.76881269811065,0,0.2723154774501273,58.61688858498222,HIGH
OLE-0246,2023-01-20,System Failure,ATM Network,5.0,1,0.51,1.47,1.0,3.2,15,,1,1,2023,4,4.999999995,0.3469387752741913,0.7497,0.2133333333191111,3,0,OLE,1,0,-0.03924857860901476,1.3943304777986811,0,0,16.750573180776346,0,0.014529259828650097,12.863472067659787,LOW
ALE-0559,2014-05-19,Tech Failure,ATM Network,64.16,4,2.43,2.23,1.53,3.6,26,,5,2,2014,0,16.039999995989998,1.08968609816606,21.675600000000003,0.138461538456213,4,0,ALE,0,0,-0.029653788467194242,0.6203110204775222,0,0,71.02205228917192,0,0.03148410835957948,23.537670874122213,LOW
ALE-0270,2018-08-23,Cyber-Fraud,E-Banking,146.13,4,0.83,2.8,2.56,3.3,27,0.0,8,3,2018,3,36.532499990866874,0.29642857132270406,9.296,0.12222222221769546,0,1,ALE,0,0,-0.0686976081613348,0.45214291658494254,0,0,139.1224547874579,0,0.030972916766924322,28.605726970239882,LOW
OLE-0785,2019-04-20,Data Breach,Retail Banking,16.95,5,0.95,1.47,1.0,3.2,24,,4,2,2019,5,3.389999999322,0.6462585029617288,6.9825,0.13333333332777778,1,4,OLE,1,0,-0.0643940797942733,1.2379827341376288,0,0,20.96361095451628,0,0.00018034253328370973,9.310447087804622,LOW
ALE-1113,2019-04-20,Data Breach,Online Services,110.22,3,2.0,3.14,3.42,3.0,22,,4,2,2019,5,36.73999998775333,0.6369426749563877,18.84,0.136363636357438,1,2,ALE,0,0,-0.09394358942409292,0.017685323989817765,0,0,142.12903435689006,0,0.005545605738920128,24.457565155087888,LOW
OLE-0490,2025-02-27,Cyber-Fraud,Payments,11.02,1,0.54,0.52,1.0,3.8,24,,2,1,2025,3,11.019999988979999,1.0384615364644971,0.28080000000000005,0.1583333333267361,0,3,OLE,1,0,-0.059068906701749135,1.3155678487744524,0,0,26.10908304597804,0,0.013715214953605047,11.39369136154085,LOW
OLE-0155,2023-06-19,Cyber-Fraud,ATM Network,51.75,2,0.31,0.92,1.0,2.9,14,,6,2,2023,0,25.8749999870625,0.33695652137287335,0.5704,0.20714285712806121,0,0,OLE,1,0,-0.00864886827533684,0.7826771710075353,0,0,52.080421750059166,0,0.0484956399935737,24.220568173030184,LOW
ALE-0805,2015-03-15,Data Breach,Retail Banking,154.59,1,1.18,1.33,1.06,3.8,18,,3,1,2015,6,154.58999984540998,0.8872180444457005,1.5694,0.21111111109938271,1,4,ALE,0,0,-0.017061961572523154,0.5628292690010517,0,0,158.5281832506554,0,0.22153606398195208,46.017303163534265,MEDIUM
ALE-0104,2019-07-19,Tech Failure,Retail Banking,303.99,1,0.87,2.87,2.07,3.1,27,0.0,7,3,2019,4,303.98999969601,0.3031358883961199,2.4969,0.11481481481056242,4,4,ALE,0,1,0.022626263418389247,2.51750315209404,1,1,245.45460874714962,1,0.8593011162062264,88.0863348700809,CRITICAL
ALE-0829,2016-07-20,Phishing,E-Banking,201.99,5,2.72,1.69,1.54,3.9,21,,7,3,2016,2,40.3979999919204,1.6094674546689542,22.984,0.18571428570544218,2,1,ALE,0,0,-0.046304593777949044,1.1829868463679034,0,0,185.9035879743306,0,0.01874601874814969,38.95825231942076,MEDIUM
OLE-0854,2025-03-17,Cyber-Fraud,Retail Banking,26.89,4,0.73,0.65,1.0,3.3,22,,3,1,2025,0,6.722499998319375,1.1230769213491125,1.898,0.1499999999931818,0,4,OLE,1,0,-0.053944820372631486,1.1079328117952976,0,0,26.509053167894937,0,0.002197063510487459,11.813061861899904,LOW
ALE-0454,2015-12-11,Phishing,E-Banking,77.54,5,2.18,3.44,3.33,2.7,16,,12,4,2015,4,15.5079999968984,0.633720930048337,37.496,0.16874999998945314,2,1,ALE,0,0,-0.00830905101744328,0.4452538815499171,0,0,77.73066260785514,1,0.47720082207442194,43.368598928146895,MEDIUM
OLE-0626,2019-06-07,Data Breach,ATM Network,61.31,4,0.69,1.39,1.0,2.7,19,,6,2,2019,4,15.327499996168125,0.4964028773407173,3.8363999999999994,0.14210526315041552,1,0,OLE,1,0,-0.0802375964348423,0.6575989760786936,0,0,57.07464655133618,0,0.006890321261241222,12.961749735466269,LOW
OLE-0686,2020-01-16,Data Breach,Payments,32.88,4,1.22,1.13,1.0,4.0,22,,1,1,2020,3,8.219999997945001,1.079646016743676,5.514399999999999,0.18181818180991735,1,3,OLE,1,0,-0.06801989683522047,1.0295626875668704,0,0,34.57722620394793,0,0.005090909090909091,11.117810038367992,LOW
ALE-0913,2015-02-19,System Failure,ATM Network,84.54,3,2.99,3.37,2.65,3.6,17,,2,1,2015,3,28.179999990606667,0.88724035581981,30.228900000000003,0.2117647058698962,3,0,ALE,0,0,-0.01723458822843338,0.3536694291961626,0,0,103.60065224821288,0,0.2929604640399087,39.72675497331608,MEDIUM
OLE-0570,2024-12-29,Tech Failure,Retail Banking,76.68,3,0.88,0.52,1.0,2.9,15,,12,4,2024,6,25.55999999148,1.6923076890532545,1.3728,0.19333333332044444,4,4,OLE,1,0,-0.008541694370172714,0.45650568569623545,0,0,67.91507674890295,0,0.05095199610646096,26.849161237591773,LOW
OLE-0566,2017-03-12,Data Breach,Payments,67.12,2,1.1,0.94,1.0,3.9,23,,3,1,2017,6,33.55999998322,1.1702127647125398,2.068,0.16956521738393193,1,3,OLE,1,0,-0.06278919235138014,0.5815838806250773,0,0,69.83474650050931,0,0.002807017543859649,17.43842094690319,LOW
ALE-0901,2016-11-17,Tech Failure,ATM Network,129.21,5,1.66,3.41,3.3,3.7,28,,11,4,2016,3,25.8419999948316,0.4868035189188259,28.302999999999997,0.13214285713813775,4,0,ALE,0,0,-0.006370209374550129,0.2307702117527248,0,0,114.01943277249624,0,0.15327420852328086,38.108872576980026,MEDIUM
OLE-0018,2014-09-04,Cyber-Fraud,E-Banking,34.77,2,1.21,1.3,1.0,3.2,24,0.0,9,3,2014,3,17.384999991307502,0.9307692300532543,3.146,0.13333333332777778,0,1,OLE,1,0,-0.09699848464606609,1.004834885431357,0,0,47.992863570104724,0,0.0013784733208184708,8.837995980049845,LOW
OLE-0128,2018-06-18,System Failure,Payments,42.23,1,0.56,0.86,1.0,2.6,22,0.0,6,2,2018,0,42.22999995776999,0.6511627899405085,0.48160000000000003,0.11818181817644628,3,3,OLE,1,0,-0.04230356630899279,0.9072320262086414,0,0,60.669905127994014,0,0.07121925309233819,21.403547511912414,LOW
ALE-0489,2015-04-02,Data Breach,ATM Network,138.73,1,1.73,2.26,2.78,2.5,22,,4,2,2015,3,138.72999986127,0.765486725325006,3.9097999999999997,0.11363636363119835,1,0,ALE,0,0,-0.04466715032004498,0.35532506695383065,0,0,155.221520681998,0,0.0661647647313118,35.96438236930087,MEDIUM
ALE-0422,2019-06-19,Tech Failure,E-Banking,185.77,4,1.77,3.39,2.77,2.8,29,,6,2,2019,2,46.44249998838938,0.5221238936512909,24.0012,0.09655172413460165,4,1,ALE,0,0,-0.022445991423277967,0.9707725867710608,0,0,177.55847545687948,0,0.06222274567821085,42.680850473464815,MEDIUM
ALE-1273,2017-01-11,System Failure,Retail Banking,175.03,2,2.88,1.46,1.31,2.8,17,,1,1,2017,2,87.51499995624249,1.9726027383749294,8.4096,0.1647058823432526,3,4,ALE,0,0,-0.05793342744560992,0.8302558698740147,0,0,189.15608512913013,0,0.059086626930068095,39.1673902722136,MEDIUM
ALE-0070,2015-12-23,System Failure,Retail Banking,248.19,5,1.21,2.7,2.99,3.3,29,0.0,12,4,2015,2,49.6379999900724,0.4481481479821673,16.335,0.11379310344435195,3,4,ALE,0,0,-0.07057434048665628,1.7874442319026829,0,0,185.6473058373839,0,0.0004967937588258444,34.68520848970497,MEDIUM
ALE-0123,2016-03-04,Data Breach,ATM Network,76.14,1,0.88,1.48,0.99,3.0,26,0.0,3,1,2016,4,76.13999992385999,0.5945945941928414,1.3024,0.11538461538017751,1,0,ALE,0,0,-0.06552155078480454,0.46357077202066804,0,0,122.59166900953399,0,0.046182687702197085,26.9704876350805,LOW
OLE-0253,2017-11-19,Data Breach,ATM Network,55.61,4,1.05,0.82,1.0,3.7,22,0.0,11,4,2017,6,13.902499996524375,1.2804878033164784,3.444,0.16818181817417355,1,0,OLE,1,0,-0.05369517293107118,0.7321748872810365,0,0,55.9664960135284,0,0.0007612393751794016,16.50032582823093,LOW
OLE-0191,2015-07-20,System Failure,E-Banking,15.33,2,0.78,0.66,1.0,3.8,21,,7,3,2015,0,7.6649999961674995,1.1818181800275482,1.0296,0.18095238094376417,3,1,OLE,1,0,-0.06146838690313361,1.2591779931109264,0,0,21.473699283626523,0,0.009602673414645919,10.154807750853651,LOW
ALE-0282,2015-04-02,System Failure,ATM Network,118.96,2,2.04,1.98,1.93,3.5,19,,4,2,2015,3,59.479999970259996,1.0303030297826752,8.0784,0.1842105263060942,3,0,ALE,0,0,-0.09316351124195416,0.09666440652044131,0,0,149.14725266841307,0,0.0093989259398832,25.827835582211428,LOW
ALE-0135,2019-08-30,Data Breach,Retail Banking,120.04,2,1.81,2.46,1.73,2.7,20,,8,3,2019,4,60.01999996999,0.7357723574244828,8.9052,0.13499999999325002,1,4,ALE,0,0,-0.09246599623836149,0.11079457916930645,0,0,155.21063396540697,0,0.006992949978411642,26.814441852476513,LOW
OLE-0700,2015-03-15,System Failure,ATM Network,107.05,2,1.16,1.09,1.0,3.2,23,0.0,3,1,2015,6,53.5249999732375,1.0642201825098896,2.5288,0.13913043477655956,3,0,OLE,1,0,-0.05647244302512133,0.059159997412875164,0,0,90.36318066887979,0,0.0063469329608729875,21.773331544253033,LOW
ALE-1018,2015-05-14,Phishing,E-Banking,233.0,1,1.11,2.51,1.91,3.3,29,0.0,5,2,2015,3,232.999999767,0.44223107552102353,2.7861,0.11379310344435195,2,1,ALE,0,0,-0.020272198014447795,1.5887059702950355,0,0,223.52286368296458,0,0.2862585299301571,58.17854380945573,HIGH
OLE-0607,2021-03-23,System Failure,Retail Banking,47.85,2,1.15,1.48,1.0,2.6,21,0.0,3,1,2021,1,23.9249999880375,0.7770270265020087,3.404,0.12380952380362813,3,4,OLE,1,0,-0.0675600339694899,0.83370279446177,0,0,67.74796484703535,0,0.00791337637951603,16.57777354677052,LOW
OLE-0181,2021-12-01,System Failure,ATM Network,78.59,3,1.19,1.33,1.0,3.6,18,0.0,12,4,2021,2,26.196666657934443,0.8947368414325285,4.7481,0.1999999999888889,3,0,OLE,1,0,-0.08572419986877494,0.43151621369685395,0,0,73.21202125604559,0,0.0005328310953792587,14.501937958185446,LOW
OLE-0302,2018-03-13,Data Breach,E-Banking,60.68,5,0.84,0.57,1.0,3.6,21,,3,1,2018,1,12.1359999975728,1.473684207940905,2.3939999999999997,0.17142857142040815,1,1,OLE,1,0,-0.08123724928383969,0.6658415767905315,0,0,53.379817636812724,0,0.009694256743268912,12.322289279023646,LOW
OLE-0497,2023-11-28,Data Breach,Payments,24.99,1,1.36,0.55,1.0,2.8,22,,11,4,2023,1,24.989999975009997,2.472727268231405,0.7480000000000001,0.12727272726694214,1,3,OLE,1,0,-0.033968113317010884,1.1327914488627453,0,0,41.31232672330471,0,0.04912707524146615,18.77557587274653,LOW
ALE-1063,2017-07-16,Phishing,Payments,213.3,5,1.52,1.33,0.96,2.6,19,0.0,7,3,2017,6,42.659999991468,1.1428571419978517,10.108,0.1368421052559557,2,3,ALE,0,0,-0.06750227377197343,1.3309611543851838,0,0,176.5080498953703,0,0.0028967494841615803,33.76570260012131,MEDIUM
ALE-1078,2015-05-20,Phishing,Payments,146.33,2,1.98,2.48,2.84,3.9,23,,5,2,2015,2,73.1649999634175,0.7983870964522632,9.8208,0.16956521738393193,2,3,ALE,0,0,-0.09000613319327433,0.45475961522362146,0,0,171.82118352061073,0,0.025631388617011915,30.481561815073597,MEDIUM
ALE-1023,2015-07-26,Tech Failure,Payments,142.09,4,0.85,2.65,2.19,4.0,28,0.0,7,3,2015,6,35.522499991119375,0.32075471686009255,9.01,0.14285714285204082,4,3,ALE,0,0,-0.013449801277011453,0.39928560408363295,0,0,136.70246791692037,0,0.039197500689404134,36.68752500553373,MEDIUM
ALE-1142,2015-09-30,Data Breach,ATM Network,154.25,1,2.76,2.49,2.38,3.4,22,,9,3,2015,2,154.24999984574998,1.1084337344946047,6.8724,0.15454545453842974,1,0,ALE,0,0,-0.060701142486387194,0.5583808813152978,0,0,172.99450399066205,0,0.11887515852791547,38.27127545773318,MEDIUM
ALE-0997,2019-12-04,Tech Failure,Retail Banking,97.97,5,1.89,2.94,2.52,2.9,15,,12,4,2019,2,19.593999996081198,0.6428571426384839,27.782999999999998,0.19333333332044444,4,4,ALE,0,0,-0.026053743613390745,0.17795811560888808,0,0,93.35504872043929,0,0.05686673369294955,28.522791648265265,LOW
OLE-0518,2014-05-01,Cyber-Fraud,Retail Banking,51.18,5,0.8,0.56,1.0,3.1,15,0.0,5,2,2014,3,10.2359999979528,1.428571426020408,2.24,0.20666666665288888,0,4,OLE,1,0,-0.05279512189381674,0.7901347621277697,0,0,41.90696225942973,0,0.012387179356218277,14.797002731928252,LOW
ALE-0539,2015-09-18,Data Breach,ATM Network,130.5,4,1.08,2.8,2.43,2.5,25,0.0,9,3,2015,4,32.62499999184375,0.38571428557653065,12.096,0.099999999996,1,0,ALE,0,0,-0.05364759775232608,0.2476479179722023,0,0,128.24021573630566,0,0.0156498906651077,28.561264670304652,LOW
ALE-0212,2019-10-17,Phishing,Retail Banking,30.33,2,1.2,2.78,2.33,3.8,28,0.0,10,4,2019,3,15.1649999924175,0.4316546761037213,6.672,0.13571428570943878,2,4,ALE,0,0,-0.050322941580749125,1.062925595210024,0,0,49.18392374131316,0,0.011359914661550355,16.288276524215473,LOW
OLE-0477,2018-02-17,Tech Failure,Payments,85.42,3,0.69,1.19,1.0,3.9,21,0.0,2,1,2018,5,28.473333323842223,0.5798319322858555,2.4633,0.18571428570544218,4,3,OLE,1,0,-0.06367223417167794,0.3421559551859764,0,0,76.50084072881117,0,0.0030862496555524935,18.38116471597945,LOW
OLE-0158,2016-12-29,System Failure,Payments,39.94,4,0.57,0.88,1.0,3.2,22,,12,4,2016,3,9.98499999750375,0.6477272719912189,2.0063999999999997,0.1454545454479339,3,3,OLE,1,0,-0.10262497301118473,0.9371932256215125,0,0,36.32530625068676,0,0.00018034253328370973,6.101188475633064,LOW
ALE-0386,2015-02-07,Tech Failure,Retail Banking,234.13,5,2.41,1.37,1.1,3.7,27,0.0,2,1,2015,5,46.8259999906348,1.7591240863072086,16.5085,0.1370370370319616,4,4,ALE,0,0,-0.018521199890615625,1.60349031760357,0,0,193.73534205198783,0,0.01930612524730039,44.34124028351539,MEDIUM
ALE-0338,2019-11-16,Phishing,E-Banking,297.57,2,2.57,3.02,2.5,3.7,22,,11,4,2019,5,148.78499992560748,0.8509933772016577,15.522799999999998,0.16818181817417355,2,1,ALE,0,0,-0.05386130370122155,2.4335071257924534,0,0,246.37482278062228,0,0.1717613743140813,52.8443859292351,HIGH
OLE-0017,2019-01-20,Cyber-Fraud,Payments,42.14,3,1.35,0.9,1.0,3.0,19,,1,1,2019,6,14.046666661984444,1.4999999983333334,3.645000000000001,0.157894736833795,0,3,OLE,1,0,-0.06273800880801983,0.9084095405960468,0,0,52.60249982842429,0,0.0011898492327364891,14.639631021963705,LOW
ALE-0678,2015-05-14,Phishing,Payments,163.09,2,2.53,2.26,1.51,3.8,28,,5,2,2015,3,81.5449999592275,1.1194690260533322,11.435599999999997,0.13571428570943878,2,3,ALE,0,0,-0.07535557365550677,0.6740389611448964,0,0,172.64998667664682,0,0.014653086231842583,32.398764454425866,MEDIUM
ALE-0215,2019-09-11,Data Breach,ATM Network,313.57,5,1.36,2.2,1.89,2.9,20,,9,3,2019,2,62.7139999874572,0.6181818179008264,14.960000000000003,0.14499999999274998,1,0,ALE,0,0,-0.09847375045182277,2.6428430168867494,1,1,234.7057892700631,1,0.5249698277289608,56.73923673262888,HIGH
ALE-1275,2018-10-28,Phishing,Retail Banking,298.62,2,2.35,1.55,1.44,2.6,27,,10,4,2018,6,149.30999992534498,1.5161290312799167,7.285,0.09629629629272977,2,4,ALE,0,1,0.0018648335299645824,2.447244793645517,0,1,235.66620419788944,1,0.7610954742971964,80.01321403688338,CRITICAL
OLE-0547,2018-11-03,System Failure,Payments,40.44,4,0.45,0.81,1.0,3.9,18,,11,4,2018,5,10.1099999974725,0.5555555548696844,1.4580000000000002,0.21666666665462964,3,3,OLE,1,0,-0.061430601542837804,0.9306514790248158,0,0,35.114178015219025,0,0.011265306122448979,12.395219724495266,LOW
ALE-0682,2018-05-18,Data Breach,ATM Network,265.93,1,0.83,3.06,2.1,3.7,22,,5,2,2018,4,265.92999973407,0.2712418299767183,2.5398,0.16818181817417355,1,0,ALE,0,1,0.008898867468230653,2.0195454011534837,0,1,239.23464358439728,1,0.8889568072055942,86.09925294282485,CRITICAL
OLE-0659,2021-08-15,Tech Failure,Payments,71.6,5,1.21,0.55,1.0,3.8,15,0.0,8,3,2021,6,14.319999997135998,2.199999996,3.3275,0.2533333333164444,4,3,OLE,1,1,0.015413891786663858,0.5229698311186746,0,1,60.39495615252457,1,0.8088133274917769,55.72122496879467,HIGH
ALE-0981,2018-07-06,System Failure,Retail Banking,95.43,3,0.84,3.42,3.78,3.7,19,0.0,7,3,2018,4,31.80999998939667,0.24561403501590232,8.6184,0.19473684209501385,3,4,ALE,0,0,-0.04632073812744708,0.21119018832010744,0,0,105.85321895916243,0,0.06377952247823769,27.758314666888474,LOW
ALE-0162,2016-05-15,Data Breach,Retail Banking,192.29,2,2.14,2.55,2.41,3.2,21,,5,2,2016,6,96.14499995192749,0.8392156859454057,10.914,0.15238095237369614,1,4,ALE,0,0,-0.07852693993440185,1.0560769623919861,0,0,200.6341814539704,0,0.04284936916613414,37.38154253106153,MEDIUM
ALE-1194,2015-08-31,Data Breach,E-Banking,160.97,3,2.42,2.89,3.4,3.8,17,,8,3,2015,0,53.65666664878111,0.8373702419247853,20.9814,0.22352941175155708,1,1,ALE,0,0,-0.03210713504398277,0.6463019555749021,0,0,183.00630717637148,0,0.03467655967089004,41.15560243279277,MEDIUM
ALE-0647,2017-03-06,Data Breach,E-Banking,67.6,5,1.65,3.12,2.13,3.7,27,,3,1,2017,0,13.519999997295999,0.5288461536766518,25.740000000000002,0.1370370370319616,1,1,ALE,0,0,-0.040480859271795566,0.5753038038922486,0,0,68.08830688588088,0,0.04932737154305941,22.090967212580757,LOW
ALE-0102,2017-02-04,System Failure,E-Banking,105.22,5,2.76,2.51,1.83,3.7,26,0.0,2,1,2017,5,21.0439999957912,1.0996015931874097,34.63799999999999,0.14230769230221893,3,1,ALE,0,0,-0.03701427137964486,0.08310278995678523,0,0,101.81782129926134,0,0.049228038392793216,27.98301366806195,LOW
ALE-1231,2016-02-09,Phishing,Retail Banking,165.19,4,1.8,1.49,1.09,3.3,25,0.0,2,1,2016,1,41.29749998967562,1.2080536904643935,10.728,0.13199999999471998,2,4,ALE,0,0,-0.08974744056322514,0.7015142968510226,0,0,166.0362983514114,0,0.0028245144908796162,28.798523662065627,LOW
OLE-0284,2022-04-12,Cyber-Fraud,Payments,25.24,5,0.67,1.41,1.0,3.9,17,,4,2,2022,1,5.0479999989904,0.4751773046275339,4.7235,0.22941176469238753,0,3,OLE,1,0,-0.05582407301246484,1.129520575564397,0,0,22.016722896400985,0,0.054627038814537246,12.653019435094725,LOW
ALE-0775,2018-11-15,Cyber-Fraud,Online Services,162.5,5,1.36,1.41,1.65,3.1,20,,11,4,2018,3,32.4999999935,0.9645390064081284,9.588000000000001,0.15499999999225,0,2,ALE,0,0,-0.09913373712077167,0.6663197001607941,0,0,143.91433741760952,0,0.01763554745417143,24.39713243496848,LOW
OLE-0798,2024-02-26,Data Breach,E-Banking,30.23,5,1.33,0.73,1.0,2.7,19,0.0,2,1,2024,0,6.0459999987908,1.8219178057234005,4.8545,0.14210526315041552,1,1,OLE,1,0,-0.04546144202609104,1.0642339445293634,0,0,30.358786119735935,0,0.01709095109468534,14.204719228722729,LOW
ALE-0982,2019-11-16,Tech Failure,Payments,127.51,5,2.1,2.44,2.13,3.3,28,0.0,11,4,2019,5,25.501999994899602,0.8606557373521903,25.62,0.11785714285293367,4,3,ALE,0,0,-0.04547639546110205,0.20852827332395582,0,0,112.21393863264763,0,5.602240896358543e-05,26.667993773093663,LOW
OLE-0226,2024-12-17,Tech Failure,Retail Banking,64.17,4,1.41,0.73,1.0,3.5,21,,12,4,2024,1,16.042499995989374,1.9315068466691687,4.1171999999999995,0.16666666665873014,4,4,OLE,1,0,-0.042928646712654506,0.6201801855455882,0,0,61.29104257754127,0,0.00976537176687142,19.259226592336525,LOW
OLE-0027,2024-08-25,System Failure,E-Banking,95.44,1,1.47,1.32,1.0,3.3,20,,8,3,2024,6,95.43999990456,1.1136363627926995,1.9404000000000001,0.16499999999175,3,1,OLE,1,0,-0.056416139265755394,0.21105935338817364,0,0,89.83543916966441,0,0.04913646599127909,23.195089388931144,LOW
ALE-1147,2014-05-31,Data Breach,ATM Network,10.0,3,2.16,3.31,2.94,2.7,24,,5,2,2014,5,3.3333333322222223,0.6525679756336653,21.448800000000002,0.1124999999953125,1,0,ALE,0,0,-0.05217961903080026,1.3289130118317138,0,0,49.31164309071133,0,0.051573698895827406,17.44123601782619,LOW
ALE-0942,2019-12-28,Data Breach,ATM Network,53.68,3,1.35,1.67,1.87,3.1,25,,12,4,2019,5,17.89333332736889,0.8083832330488724,6.7635000000000005,0.12399999999504001,1,0,ALE,0,0,-0.08541291656270222,0.7574260291442859,0,0,67.80814306655378,0,0.0070109125502771635,13.912457604552694,LOW
OLE-0438,2015-01-14,Tech Failure,Retail Banking,5.0,3,1.19,1.17,1.0,2.7,17,0.0,1,1,2015,2,1.6666666661111111,1.017094016224706,4.1769,0.15882352940242214,4,4,OLE,1,0,-0.06931327373680557,1.3943304777986811,0,0,13.423331995800922,0,0.00821186949047758,7.659995051349769,LOW
ALE-1263,2017-05-17,Tech Failure,Retail Banking,284.08,2,0.96,1.67,1.93,2.6,26,,5,2,2017,2,142.03999992898,0.5748502990569758,3.2064,0.09999999999615385,4,4,ALE,0,0,-0.014476987759596827,2.2570108026135753,0,0,211.10160616258838,0,0.13735977301550326,51.84306451372348,HIGH
ALE-0531,2019-10-11,Cyber-Fraud,Payments,86.41,1,2.09,2.01,1.77,3.4,23,,10,4,2019,4,86.40999991358998,1.0398009945075617,4.200899999999999,0.14782608695009453,0,3,ALE,0,0,-0.08663620473183326,0.3292032969245169,0,0,122.87875113180382,0,0.028123167830742125,23.25793783074472,LOW
OLE-0230,2022-11-14,Tech Failure,Payments,57.26,5,0.6,1.06,1.0,3.0,17,0.0,11,4,2022,0,11.4519999977096,0.5660377353150586,3.18,0.1764705882249135,4,3,OLE,1,0,-0.07550975829648965,0.7105871235119372,0,0,50.114416174846475,0,0.001465483095532706,12.361242142951072,LOW
OLE-0038,2017-01-23,Data Breach,Retail Banking,98.85,1,0.57,0.85,1.0,2.6,14,,1,1,2017,0,98.84999990114999,0.6705882345051903,0.48449999999999993,0.18571428570102042,1,4,OLE,1,1,0.004224483815722158,0.16644464159870184,0,1,89.42660660632143,1,0.61803171687618,52.01975355568543,HIGH
ALE-0836,2017-01-05,Cyber-Fraud,Online Services,146.91,5,2.74,3.37,3.83,3.8,26,0.0,1,1,2017,3,29.3819999941236,0.8130563795806954,46.169000000000004,0.14615384614822485,0,2,ALE,0,1,0.004707760380240011,0.4623480412757895,0,1,136.94130774886486,1,0.8145762614880709,66.55233733336806,HIGH
OLE-0750,2018-08-23,System Failure,E-Banking,5.0,4,0.36,0.68,1.0,3.9,23,,8,3,2018,3,1.2499999996875,0.5294117639273356,0.9792000000000001,0.16956521738393193,3,1,OLE,1,0,-0.051426969990377214,1.3943304777986811,0,0,13.75651171919301,0,0.010836987046594035,10.453320807268717,LOW
ALE-0188,2015-07-26,Phishing,Payments,186.86,1,2.33,1.99,2.27,2.6,24,0.0,7,3,2015,6,186.85999981314,1.1708542707684149,4.6367,0.10833333332881945,2,3,ALE,0,0,-0.02194606828974388,0.9850335943518598,0,0,188.88508834776493,0,0.2925335582584762,52.6231477994054,HIGH
ALE-0541,2016-07-20,Tech Failure,Retail Banking,255.55,1,2.06,3.25,2.59,3.2,16,0.0,7,3,2016,2,255.54999974445,0.6338461536511243,6.695,0.1999999999875,4,4,ALE,0,1,0.010554539222029091,1.8837387418060592,0,1,219.28481745944043,1,0.6834957492735223,75.96984356101899,CRITICAL
OLE-0470,2014-10-04,System Failure,ATM Network,50.25,2,0.52,1.04,1.0,3.5,14,,10,4,2014,5,25.124999987437498,0.49999999951923074,1.0816000000000001,0.24999999998214287,3,0,OLE,1,0,-0.027169704965269048,0.8023024107976257,0,0,60.45079865729435,0,0.15796541166891517,26.64544886772726,LOW
ALE-1059,2017-08-09,Cyber-Fraud,E-Banking,201.9,4,2.29,2.71,2.85,2.7,15,0.0,8,3,2017,2,50.47499998738125,0.8450184498726869,24.8236,0.179999999988,0,1,ALE,0,0,-0.04248372927379673,1.1818093319804979,0,0,196.04714321998117,0,0.03933835786500341,41.86332636365787,MEDIUM
ALE-1272,2014-01-13,Cyber-Fraud,Retail Banking,206.55,2,1.15,2.7,2.69,4.0,24,,1,1,2014,0,103.2749999483625,0.4259259257681755,6.21,0.1666666666597222,0,4,ALE,0,0,-0.011769420218355808,1.2426475753297777,0,0,187.87216275044702,0,0.18098322064135489,50.06402664412533,HIGH
OLE-0688,2014-05-19,System Failure,E-Banking,24.52,2,1.48,1.13,1.0,3.1,20,,5,2,2014,0,12.25999999387,1.3097345121152792,3.3447999999999998,0.15499999999225,3,1,OLE,1,0,-0.09318800183566656,1.1389406906636403,0,0,40.79121038829554,0,0.0011044986275295632,8.24341911474229,LOW
ALE-0199,2017-09-14,Data Breach,Retail Banking,196.36,2,2.22,3.11,3.73,3.8,15,,9,3,2017,3,98.17999995091,0.7138263663299594,13.8084,0.2533333333164444,1,4,ALE,0,0,-0.004648079674088645,1.109326779689098,0,0,181.96843951057508,1,0.520864159317407,62.072195780752374,HIGH
OLE-0640,2023-10-17,Tech Failure,Retail Banking,30.63,2,1.06,1.02,1.0,2.6,24,0.0,10,4,2023,1,15.314999992342498,1.0392156852556709,2.1624000000000003,0.10833333332881945,4,4,OLE,1,0,-0.0460820677202225,1.059000547252006,0,0,49.71364519803741,0,0.027631067723640483,17.570207086118625,LOW
ALE-1081,2015-05-14,Tech Failure,Online Services,173.17,1,1.24,2.41,2.05,3.2,20,,5,2,2015,3,173.16999982682998,0.5145228213632684,2.9884,0.159999999992,4,2,ALE,0,0,-0.056260651314192556,0.8059205725343025,0,0,175.37233506995747,0,0.18864377726024448,41.75007780222554,MEDIUM
ALE-0361,2015-08-07,Cyber-Fraud,ATM Network,272.6,1,0.87,2.56,2.75,3.0,21,,8,3,2015,4,272.5999997274,0.3398437498672485,2.2272,0.14285714285034012,0,0,ALE,0,1,0.0086797397002083,2.1068123007534183,0,1,234.60065475536044,1,0.7635702650221083,80.938829108932,CRITICAL
ALE-0301,2014-12-27,Tech Failure,Retail Banking,223.15,5,2.72,1.86,2.16,3.9,18,,12,4,2014,5,44.629999991074,1.4623655906116313,25.296000000000003,0.21666666665462964,4,4,ALE,0,0,-0.009019926285746438,1.4598335623401095,0,0,202.10138866803666,0,0.07677033952726828,49.094243457992604,MEDIUM
ALE-0558,2018-12-27,Tech Failure,Online Services,92.22,2,2.81,1.41,1.08,2.7,15,,12,4,2018,3,46.109999976945,1.99290780000503,7.9242,0.179999999988,4,2,ALE,0,0,-0.03771985220006735,0.25318820147090065,0,0,167.21043405821203,0,0.02465533718868844,37.45326610248041,MEDIUM
ALE-0670,2015-07-20,Cyber-Fraud,Retail Banking,102.08,2,1.29,3.47,3.42,2.7,19,,7,3,2015,0,51.03999997448,0.3717579249649112,8.9526,0.14210526315041552,0,4,ALE,0,0,-0.029655843292335504,0.12418495858404081,0,0,140.15190853629204,0,0.04373612290589783,34.99730957929494,MEDIUM
ALE-1016,2019-07-19,System Failure,Retail Banking,89.71,5,2.78,1.9,1.65,3.1,27,,7,3,2019,4,17.9419999964116,1.4631578939667589,26.409999999999997,0.11481481481056242,3,4,ALE,0,0,-0.038789777854176144,0.2860277693863184,0,0,81.48855184373667,0,0.016901334147296145,23.344731601177713,LOW
ALE-0443,2017-01-17,Data Breach,Payments,173.87,4,1.76,1.66,1.9,3.2,23,0.0,1,1,2017,1,43.467499989133124,1.0602409632167222,11.686399999999999,0.13913043477655956,1,3,ALE,0,0,-0.11035030607755764,0.8150790177696782,0,0,166.8519919895153,0,0.0025848566886997994,25.86979650232545,LOW
ALE-1199,2019-12-04,Cyber-Fraud,ATM Network,156.58,5,0.9,2.43,1.88,2.7,27,0.0,12,4,2019,2,31.315999993736803,0.37037037021795455,10.935,0.0999999999962963,0,0,ALE,0,0,-0.05600396521803497,0.5888654204559048,0,0,136.28935546006895,0,0.02109051797570405,29.687207815592352,LOW
OLE-0801,2017-12-31,Cyber-Fraud,ATM Network,15.56,2,0.83,0.83,1.0,3.3,17,0.0,12,4,2017,6,7.77999999611,0.9999999987951808,1.3778,0.19411764704740483,0,0,OLE,1,0,-0.04677394517286837,1.256168789676446,0,0,29.152634425232385,0,0.002809318751663902,13.318063466721174,LOW
ALE-0746,2015-05-26,System Failure,ATM Network,148.27,4,1.4,2.53,1.96,3.5,27,,5,2,2015,1,37.067499990733126,0.5533596835757472,14.167999999999997,0.12962962962482852,3,0,ALE,0,0,-0.07881684135983719,0.48014159201880485,0,0,153.25593208899954,0,0.013730181085102208,28.759251480789732,LOW
OLE-0161,2018-04-24,Data Breach,Retail Banking,33.13,3,0.67,1.18,1.0,3.4,15,,4,2,2018,1,11.043333329652222,0.567796609688308,2.3718000000000004,0.22666666665155555,1,4,OLE,1,0,-0.07384252755278281,1.026291814268522,0,0,35.98260653525566,0,5.602240896358543e-05,10.303737000408548,LOW
ALE-0847,2018-03-07,Cyber-Fraud,Retail Banking,85.32,3,2.09,1.83,2.22,3.7,23,,3,1,2018,2,28.439999990519997,1.1420765021081547,11.4741,0.16086956521039697,0,4,ALE,0,0,-0.07783786071570103,0.34346430450531584,0,0,107.61556195208593,0,0.0028703426185279633,21.241225986523975,LOW
ALE-0099,2019-10-05,System Failure,Payments,168.71,4,0.89,2.41,1.7,3.8,17,,10,4,2019,5,42.177499989455626,0.36929460565589434,8.579600000000001,0.22352941175155708,3,3,ALE,0,0,-0.06759684387849879,0.7475681928917678,0,0,160.6642952765359,0,0.04357391777593695,32.64719699684074,MEDIUM
ALE-0886,2016-05-09,System Failure,Retail Banking,165.95,5,1.48,2.37,1.69,3.1,24,0.0,5,2,2016,0,33.189999993361994,0.6244725735761718,17.538,0.12916666666128473,3,4,ALE,0,0,-0.08296646415238063,0.7114577516780015,0,0,133.3726002040867,0,0.005261863814218481,24.675655411118527,LOW
ALE-0329,2017-06-22,Tech Failure,E-Banking,275.55,2,1.89,3.23,3.0,2.9,19,,6,2,2017,3,137.7749999311125,0.5851393187042911,12.209399999999999,0.15263157893933518,4,1,ALE,0,0,-0.0630757641394491,2.145408605673929,0,0,226.66460666791758,0,0.18349778378407297,48.745669876566645,MEDIUM
OLE-0822,2020-01-16,System Failure,E-Banking,5.0,2,0.78,0.8,1.0,3.5,16,,1,1,2020,3,2.49999999875,0.97499999878125,1.2480000000000002,0.21874999998632813,3,1,OLE,1,0,-0.07247552437358695,1.3943304777986811,0,0,9.94369120803439,0,0.0035433221058702694,6.473137064670767,LOW
ALE-0872,2018-01-06,Cyber-Fraud,Payments,25.12,1,1.26,2.2,1.76,2.9,18,,1,1,2018,5,25.11999997488,0.5727272724669421,2.7720000000000002,0.16111111110216048,0,3,ALE,0,0,-0.08281277185158475,1.131090594747604,0,0,57.04172660722162,0,0.01569264407449538,12.883292499724512,LOW
ALE-1046,2018-04-24,System Failure,Retail Banking,98.17,5,2.38,1.44,1.49,2.8,26,,4,2,2018,1,19.6339999960732,1.6527777766300153,17.135999999999996,0.10769230768816568,3,4,ALE,0,0,-0.048484800120191074,0.17534141697020933,0,0,87.21226848008813,0,0.008643678413078629,22.533589222791434,LOW
ALE-0020,2015-10-18,Phishing,ATM Network,147.3,1,1.69,2.26,2.79,2.9,28,0.0,10,4,2015,6,147.2999998527,0.7477876102885895,3.8193999999999995,0.10357142856772959,2,0,ALE,0,0,-0.02461235494642411,0.46745060362121316,0,0,164.1644279267397,0,0.11027989428373808,41.90479271715053,MEDIUM
ALE-0056,2018-01-30,Tech Failure,ATM Network,165.87,1,1.47,2.03,2.4,4.0,20,,1,1,2018,1,165.86999983413,0.7241379306777646,2.9840999999999998,0.19999999999,4,0,ALE,0,0,-0.00022821157323071883,0.7104110722225303,0,0,171.41956194013486,0,0.1864845966878424,49.34003005837834,MEDIUM
OLE-0153,2022-07-29,Data Breach,Payments,65.36,5,1.11,0.86,1.0,3.4,23,,7,3,2022,4,13.0719999973856,1.2906976729177935,4.773000000000001,0.14782608695009453,1,3,OLE,1,0,-0.08848492816379883,0.6046108286454499,0,0,61.20661792512955,0,0.0004229588272918667,12.17361905748244,LOW
OLE-0099,2016-09-12,System Failure,Retail Banking,99.84,1,0.49,1.11,1.0,2.7,17,0.0,9,3,2016,0,99.83999990016,0.4414414410437464,0.5439,0.15882352940242214,3,4,OLE,1,0,-0.02628541487756819,0.15349198333724218,0,0,89.45130287332961,0,0.2738411985219352,35.45967147099026,MEDIUM
ALE-1153,2019-03-03,Phishing,E-Banking,188.8,3,2.46,2.06,1.81,3.1,29,,3,1,2019,6,62.93333331235556,1.1941747567018568,15.2028,0.10689655172045184,2,1,ALE,0,0,-0.053418750067301124,1.0104155711470433,0,0,196.80153343134364,0,0.04669583756244014,40.62215659813108,MEDIUM
OLE-0510,2021-03-11,Cyber-Fraud,E-Banking,32.95,1,1.48,1.1,1.0,2.6,19,,3,1,2021,3,32.94999996705,1.3454545442314048,1.6280000000000001,0.1368421052559557,0,1,OLE,1,0,-0.07611212733895023,1.028646843043333,0,0,63.67025281693504,0,0.005385014628956345,14.572356648036552,LOW
ALE-0278,2016-05-09,Cyber-Fraud,Retail Banking,167.32,5,2.24,2.36,1.81,2.5,28,,5,2,2016,0,33.4639999933072,0.9491525419706982,26.432000000000002,0.0892857142825255,0,4,ALE,0,1,0.00772250911689798,0.7293821373529507,0,1,133.7777349659648,1,0.6493717087695827,60.71173296020657,HIGH
ALE-0393,2019-06-13,Tech Failure,E-Banking,252.15,2,1.98,3.49,3.23,3.4,15,0.0,6,2,2019,3,126.0749999369625,0.5673352433904483,13.820400000000001,0.22666666665155555,4,1,ALE,0,0,-0.012177918872546378,1.8392548649485208,0,0,217.61778010744266,0,0.3532254082920518,60.77855893995925,HIGH
ALE-1026,2015-06-14,Phishing,Online Services,138.91,4,2.96,3.06,2.36,3.5,24,,6,2,2015,6,34.727499991318126,0.9673202611217907,36.2304,0.14583333332725695,2,2,ALE,0,0,-0.04134547361542362,0.35768009572864157,0,0,151.19221078267594,0,0.13946934593825638,38.37889546923503,MEDIUM
OLE-0104,2015-11-11,Data Breach,Payments,17.14,4,0.45,1.38,1.0,3.1,23,,11,4,2015,2,4.28499999892875,0.32608695628544426,2.484,0.13478260868979206,1,3,OLE,1,0,-0.08106534145572597,1.2354968704308842,0,0,17.04907035526152,0,0.003503996766028852,6.333748383729098,LOW
ALE-0588,2017-09-02,Phishing,ATM Network,251.42,1,2.19,2.51,2.35,3.0,17,,9,3,2017,5,251.41999974857995,0.8725099598117491,5.496899999999999,0.1764705882249135,2,0,ALE,0,0,-0.021837044745401712,1.8297039149173433,0,0,229.76923307996282,1,0.3926688409298522,62.667950058615496,HIGH
ALE-0586,2018-10-04,Data Breach,Online Services,95.16,3,1.87,1.4,1.01,3.6,21,,10,4,2018,3,31.719999989426665,1.3357142847602042,7.854,0.17142857142040815,1,2,ALE,0,0,-0.09989342765223691,0.21472273148232382,0,0,114.26606399137391,0,0.007863866456595175,19.21163678775576,LOW
ALE-1109,2016-04-03,Data Breach,E-Banking,180.45,5,2.72,1.96,2.2,3.7,26,,4,2,2016,6,36.089999992782,1.387755101332778,26.656000000000002,0.14230769230221893,1,1,ALE,0,0,-0.04584330636345635,0.9011684029822072,0,0,165.7689696765528,0,0.018218033223669664,35.79517013346394,MEDIUM
OLE-0587,2024-10-30,Tech Failure,Retail Banking,5.0,2,1.43,1.5,1.0,3.2,14,,10,4,2024,2,2.49999999875,0.9533333326977776,4.29,0.22857142855510204,4,4,OLE,1,0,-0.03495705132574933,1.3943304777986811,0,0,23.86585500451619,0,0.07059905294481504,16.59671953321305,LOW
ALE-1144,2018-11-03,Cyber-Fraud,ATM Network,216.24,1,1.06,3.35,3.34,3.8,24,0.0,11,4,2018,5,216.23999978376,0.3164179103533081,3.551,0.1583333333267361,0,0,ALE,0,1,0.009668879052584733,1.3694266243737607,0,1,205.20607643309492,1,0.9029118822281181,81.27171643127313,CRITICAL
ALE-0839,2014-05-07,Data Breach,E-Banking,149.23,1,2.94,1.24,0.85,3.1,24,,5,2,2014,2,149.22999985076999,2.370967740023413,3.6456,0.12916666666128473,1,1,ALE,0,0,-0.031927833868113265,0.49270174548446233,0,0,171.68522341060975,0,0.31442614039867445,49.16686842891581,MEDIUM
ALE-0286,2014-11-21,System Failure,E-Banking,195.88,4,2.33,2.06,1.41,3.7,15,,11,4,2014,4,48.9699999877575,1.1310679606159864,19.1992,0.24666666665022224,3,1,ALE,0,0,-0.047529104419904544,1.103046702956269,0,0,169.86620108333514,0,0.11017028027744262,39.41769569181153,MEDIUM
OLE-0054,2019-04-20,Tech Failure,ATM Network,36.23,3,0.53,0.71,1.0,3.2,15,0.0,4,2,2019,5,12.07666666264111,0.7464788721880581,1.1289,0.2133333333191111,4,0,OLE,1,0,-0.04758348482668673,0.9857329853690023,0,0,42.24181519262323,0,0.013758989697100437,15.670094009791502,LOW
OLE-0152,2015-04-02,Tech Failure,Payments,66.06,4,0.74,0.62,1.0,3.1,17,0.0,4,2,2015,3,16.51499999587125,1.1935483851716961,1.8352,0.18235294116574394,4,3,OLE,1,0,-0.0873439221047348,0.5954523834100744,0,0,60.92465923375034,0,0.0008265110633048358,12.311690515858507,LOW
OLE-0404,2024-05-20,Tech Failure,E-Banking,60.33,1,0.58,1.37,1.0,3.9,23,,5,2,2024,0,60.329999939669996,0.42335766392455637,0.7946,0.16956521738393193,4,1,OLE,1,0,-0.016184034952106297,0.6704207994082192,0,0,63.7436022171976,0,0.01774504746785371,23.88973178021079,LOW
ALE-0297,2018-10-16,System Failure,ATM Network,108.52,4,0.87,1.5,1.06,3.6,19,,10,4,2018,1,27.1299999932175,0.5799999996133333,5.22,0.18947368420055402,3,0,ALE,0,0,-0.078016312927501,0.03992726241858675,0,0,86.5708213133199,0,0.007050765860992042,18.002987857726865,LOW
OLE-0208,2023-11-28,Cyber-Fraud,Retail Banking,56.49,5,0.39,0.88,1.0,3.1,18,,11,4,2023,1,11.2979999977404,0.4431818176782025,1.7160000000000002,0.17222222221265432,0,4,OLE,1,0,-0.08027074996760458,0.7206614132708502,0,0,40.06561896212444,0,0.0008229128144082078,10.030333593982457,LOW
ALE-1236,2015-02-19,Cyber-Fraud,Retail Banking,237.76,4,1.2,3.44,2.98,2.6,20,,2,1,2015,3,59.43999998514,0.3488372092009194,16.512,0.1299999999935,0,4,ALE,0,0,-0.04545699273107884,1.6509833978955883,0,0,206.0524159629606,0,0.036037310335012784,42.90411423575621,MEDIUM
ALE-0825,2019-04-02,Tech Failure,Retail Banking,160.5,2,1.17,3.45,3.25,2.7,16,0.0,4,2,2019,1,80.249999959875,0.33913043468431,8.073,0.16874999998945314,4,4,ALE,0,0,-0.02752283394691246,0.6401527137740072,0,0,164.0242312990711,0,0.10103099180031218,41.12777864634936,MEDIUM
ALE-0265,2016-04-21,Cyber-Fraud,ATM Network,122.42,3,1.65,2.43,1.75,3.4,17,,4,2,2016,3,40.80666665306445,0.6790123453995833,12.0285,0.19999999998823528,0,0,ALE,0,0,-0.07161226446497504,0.1419332929695829,0,0,143.52340693964314,0,0.017791584613574173,28.41509515432461,LOW
ALE-1123,2014-05-01,Tech Failure,Retail Banking,95.59,4,1.11,2.74,2.84,3.2,15,,5,2,2014,3,23.897499994025626,0.4051094889032447,12.165600000000001,0.2133333333191111,4,4,ALE,0,0,-0.041753120329545146,0.20909682940916452,0,0,90.33369900075596,0,0.01613997891388533,24.290755187577506,LOW
OLE-0009,2020-01-10,Tech Failure,Retail Banking,55.73,4,0.48,1.49,1.0,3.9,24,,1,1,2020,4,13.932499996516874,0.3221476507905049,2.8608,0.16249999999322917,4,4,OLE,1,0,-0.04534069331333568,0.7306048680978293,0,0,49.209982629214764,0,0.0057529163222191605,16.83387116367328,LOW
ALE-0157,2016-08-01,Cyber-Fraud,Online Services,129.01,2,1.97,1.32,1.18,3.9,24,,8,3,2016,0,64.5049999677475,1.4924242412936177,5.2008,0.16249999999322917,0,2,ALE,0,0,-0.04322638565419723,0.22815351311404589,0,0,144.87225021551998,0,0.08079969560911189,35.03848360079331,MEDIUM
ALE-1177,2019-05-20,Phishing,Retail Banking,144.31,4,2.33,3.11,3.77,3.0,25,0.0,5,2,2019,0,36.07749999098063,0.7491961412382007,28.9852,0.1199999999952,2,4,ALE,0,0,-0.052759255027993834,0.42833095897296647,0,0,145.98625359026857,0,0.017089454549292893,31.574932709621585,MEDIUM
ALE-0203,2018-08-05,System Failure,E-Banking,150.14,3,1.93,1.59,1.26,3.8,28,,8,3,2018,6,50.04666664998444,1.213836477224002,9.206100000000001,0.13571428570943878,3,1,ALE,0,0,-0.052343677392345245,0.5046077242904503,0,0,162.09134994526121,0,0.005016611367931027,33.78382125917085,MEDIUM
OLE-0453,2020-03-28,System Failure,E-Banking,24.84,4,0.5,1.23,1.0,2.8,23,0.0,3,1,2020,5,6.2099999984475,0.40650406471015926,2.46,0.1217391304294896,3,1,OLE,1,0,-0.06690337775215993,1.1347539728417542,0,0,23.75358814004761,0,0.0004693906435892924,9.39423178725234,LOW
ALE-0818,2014-10-04,Data Breach,Online Services,97.45,1,2.06,2.25,2.49,3.2,15,0.0,10,4,2014,5,97.44999990254999,0.915555555148642,4.635,0.2133333333191111,1,2,ALE,0,0,-0.06439793924651593,0.18476153206945264,0,0,155.26182929871112,0,0.07675831963930592,33.420210017418206,MEDIUM
OLE-0254,2025-05-10,Tech Failure,ATM Network,56.9,3,1.32,1.48,1.0,3.4,17,0.0,5,2,2025,5,18.966666660344444,0.8918918912892623,5.8608,0.19999999998823528,4,0,OLE,1,0,-0.05958105425664317,0.7152971810615589,0,0,68.08652986992485,0,0.008250622685146623,17.824985542644335,LOW
ALE-0470,2016-02-21,Cyber-Fraud,E-Banking,133.95,5,1.36,3.4,4.15,2.8,21,,2,1,2016,6,26.789999994642,0.39999999988235296,23.12,0.1333333333269841,0,1,ALE,0,0,-0.0343809176052442,0.2927859694894097,0,0,116.96611253709256,0,0.03572073151755606,30.31738584404976,MEDIUM
ALE-0039,2017-03-06,Tech Failure,E-Banking,174.97,3,1.87,2.36,2.56,3.7,21,0.0,3,1,2017,0,58.32333331389222,0.792372881020181,13.2396,0.17619047618208616,4,1,ALE,0,0,-0.07852679608965873,0.829470860282411,0,0,186.57906784124592,0,0.02941714125356223,34.668646881395624,MEDIUM
ALE-1104,2014-03-20,Tech Failure,E-Banking,159.88,5,2.27,1.94,1.68,3.5,20,,3,1,2014,3,31.9759999936048,1.1701030921803592,22.019,0.17499999999125,4,1,ALE,0,0,-0.08122656332939565,0.6320409479941032,0,0,141.00961466463153,0,0.013478655084566605,26.439502466221366,LOW
ALE-0023,2018-01-06,Phishing,E-Banking,273.27,4,1.75,2.31,1.84,2.5,22,,1,1,2018,5,68.31749998292062,0.7575757572478027,16.17,0.11363636363119835,2,1,ALE,0,0,-0.07403488025937943,2.1155782411929915,0,0,233.91232381668868,0,0.03080781716775431,42.93541876363734,MEDIUM
ALE-0738,2016-11-11,Tech Failure,Retail Banking,11.86,4,0.95,1.59,1.17,3.5,20,,11,4,2016,4,2.9649999992587497,0.5974842763537834,6.042,0.17499999999125,4,4,ALE,0,0,-0.07708950613781718,1.3045777144920019,0,0,30.075388347734783,0,0.015513896946351257,9.421387768092277,LOW
ALE-1233,2017-02-10,Cyber-Fraud,E-Banking,26.74,1,2.1,2.86,2.13,2.7,24,0.0,2,1,2017,4,26.739999973259998,0.7342657340089981,6.006,0.1124999999953125,0,1,ALE,0,0,-0.07852173452864197,1.1098953357743067,0,0,59.62245811630949,0,0.007836613724658154,13.655480730451409,LOW
OLE-0624,2024-03-09,Data Breach,ATM Network,48.27,2,0.75,0.59,1.0,3.2,22,,3,1,2024,5,24.1349999879325,1.2711864385234128,0.885,0.1454545454479339,1,0,OLE,1,0,-0.06990627793010534,0.8282077273205447,0,0,52.52932302934516,0,0.000885559499499526,13.555956160444419,LOW
OLE-0346,2025-01-22,System Failure,Retail Banking,47.76,4,0.8,1.01,1.0,3.9,14,0.0,1,1,2025,2,11.939999997014999,0.7920792071365552,3.232,0.2785714285515306,3,4,OLE,1,0,-0.016774821241228866,0.8348803088491754,0,0,50.55883475763728,1,0.4193383199730442,35.754116416918194,MEDIUM
ALE-1070,2018-06-24,Data Breach,ATM Network,129.91,1,0.98,3.22,3.85,3.3,18,0.0,6,2,2018,6,129.90999987009,0.30434782599243854,3.1556,0.18333333332314813,1,0,ALE,0,0,-0.017259945367260165,0.2399286569881001,0,0,155.68354522657262,0,0.1908206135279193,44.45902671069975,MEDIUM
ALE-0930,2016-01-28,Data Breach,ATM Network,219.97,2,1.54,2.35,1.85,4.0,19,,1,1,2016,3,109.9849999450075,0.655319148657311,7.238,0.21052631577839334,1,0,ALE,0,0,-0.030750339472160215,1.4182280539851182,0,0,204.13942112725167,0,0.1470824059158146,48.66292961655802,MEDIUM
OLE-0263,2023-11-04,System Failure,Retail Banking,102.97,3,1.05,1.15,1.0,2.9,15,,11,4,2023,5,34.32333332189222,0.9130434774669187,3.6225,0.19333333332044444,3,4,OLE,1,0,-0.07456503305319462,0.11254064964192059,0,0,76.41224677905375,0,0.008590598943540119,16.94687099252213,LOW
ALE-0777,2019-12-28,Phishing,Retail Banking,66.2,3,1.05,3.48,3.44,3.5,19,0.0,12,4,2019,5,22.06666665931111,0.30172413784433216,10.962000000000002,0.1842105263060942,2,4,ALE,0,0,-0.046534813442573486,0.5936206943629994,0,0,77.48561417425171,0,0.048620658379796435,22.66941007340408,LOW
ALE-0464,2014-08-11,System Failure,ATM Network,240.27,2,2.13,3.04,2.51,4.0,21,0.0,8,3,2014,0,120.1349999399325,0.7006578945063625,12.9504,0.1904761904671202,3,0,ALE,0,0,-0.009969323959143295,1.6838229658110062,0,0,222.12354639518554,0,0.24417045362892167,58.00763414369419,HIGH
ALE-0581,2017-06-22,System Failure,Online Services,66.22,1,2.51,1.86,1.81,3.5,20,,6,2,2017,3,66.21999993377999,1.3494623648658801,4.6686,0.17499999999125,3,2,ALE,0,0,-0.09408500573817813,0.5933590244991315,0,0,125.48469745820326,0,0.08039130983790671,24.400272424912533,LOW
OLE-0151,2022-07-23,Tech Failure,E-Banking,74.32,1,1.02,1.19,1.0,2.7,14,,7,3,2022,5,74.31999992568,0.857142856422569,1.2138,0.19285714284336736,4,1,OLE,1,0,-0.0341252711921356,0.4873827296326443,0,0,70.38891652789135,0,0.12444191650521522,26.028107631732126,LOW
OLE-0473,2016-03-28,Tech Failure,Payments,79.11,1,0.37,0.83,1.0,3.6,22,0.0,3,1,2016,0,79.10999992088999,0.4457831319930324,0.3071,0.1636363636289256,4,3,OLE,1,0,-0.027969357767131386,0.42471279723628935,0,0,74.00031809741286,0,0.08405224631508594,26.10220072342958,LOW
ALE-0945,2014-04-07,Cyber-Fraud,Retail Banking,88.98,2,1.12,3.4,3.98,2.6,24,,4,2,2014,0,44.489999977755,0.32941176460899657,7.6160000000000005,0.10833333332881945,0,4,ALE,0,0,-0.014588850598614589,0.29557871941749553,0,0,127.89693717674194,0,0.05560373213578471,35.68798563616613,MEDIUM
OLE-0641,2021-04-16,Data Breach,Retail Banking,5.0,1,0.45,1.15,1.0,2.6,22,,4,2,2021,4,4.999999995,0.3913043474858223,0.5175,0.11818181817644628,1,4,OLE,1,0,-0.04832541181132166,1.3943304777986811,0,0,13.563063440204989,0,0.017372122491466704,11.110404523592168,LOW
ALE-0014,2017-09-14,Data Breach,Payments,115.63,3,2.7,1.76,2.06,3.0,18,0.0,9,3,2017,3,38.54333332048555,1.5340909082192666,14.256000000000002,0.1666666666574074,1,3,ALE,0,0,-0.09283200478602438,0.053096374186440996,0,0,147.35856906082245,0,0.012733519829896662,25.708207769450357,LOW
ALE-1232,2015-11-11,Data Breach,Retail Banking,136.17,5,1.86,2.93,3.46,2.8,27,,11,4,2015,2,27.233999994553198,0.6348122864727603,27.249000000000002,0.10370370369986281,1,4,ALE,0,0,-0.0555218226459554,0.32183132437874323,0,0,117.83954399608447,0,0.025794917870919903,26.979193337972283,LOW
OLE-0551,2022-10-09,Cyber-Fraud,ATM Network,49.74,4,0.57,1.24,1.0,3.9,22,,10,4,2022,6,12.43499999689125,0.45967741898413106,2.8272,0.17727272726466942,0,0,OLE,1,0,-0.030859437965865988,0.8089749923262562,0,0,49.966430861741735,0,0.0014199630093669829,18.94704776415983,LOW
ALE-1156,2019-12-22,Cyber-Fraud,Retail Banking,168.86,4,2.77,3.15,3.25,3.5,18,,12,4,2019,6,42.214999989446255,0.8793650790859159,34.902,0.19444444443364198,0,4,ALE,0,0,-0.016745850491354575,0.7495307168707769,0,0,170.59144848730946,0,0.16382161097676465,45.96904899948529,MEDIUM
ALE-0071,2017-07-10,System Failure,Payments,175.36,1,1.81,1.64,1.73,2.5,17,,7,3,2017,0,175.35999982464,1.1036585359124034,2.9684,0.14705882352076124,3,3,ALE,0,0,-0.015866001187090473,0.8345734226278346,0,0,180.46593837839836,0,0.32151806045089687,53.19437945784122,HIGH
OLE-0489,2015-09-12,Tech Failure,Retail Banking,46.61,3,1.05,1.05,1.0,3.1,16,,9,3,2015,5,15.536666661487777,0.9999999990476189,3.3075000000000006,0.19374999998789064,4,4,OLE,1,0,-0.06799878200009374,0.8499263260215779,0,0,52.3432027811738,0,0.000598102783504693,13.798623321008735,LOW
ALE-0986,2015-03-21,Data Breach,E-Banking,72.57,5,0.84,2.7,2.53,3.5,15,,3,1,2015,5,14.513999997097198,0.31111111099588473,11.340000000000002,0.23333333331777778,1,1,ALE,0,0,-0.0483927669471963,0.5102788427210829,0,0,69.54772319162318,0,0.056288595695506725,21.396038233050756,LOW
ALE-0877,2016-04-27,Data Breach,E-Banking,163.85,4,2.21,3.43,3.83,3.1,17,,4,2,2016,2,40.96249998975937,0.6443148686168177,30.3212,0.18235294116574394,1,1,ALE,0,0,-0.041413579532567635,0.6839824159718753,0,0,171.7157868866504,0,0.0846417929480045,39.72481542011613,MEDIUM
ALE-1192,2016-02-03,Cyber-Fraud,Payments,271.98,2,1.88,1.91,2.19,2.6,15,,2,1,2016,2,135.989999932005,0.9842931932019406,7.1815999999999995,0.17333333332177778,0,3,ALE,0,0,-0.039046111394028804,2.0987005349735144,0,0,203.9096483661346,0,0.09569932584905813,45.59956866378231,MEDIUM
ALE-0314,2014-05-25,Phishing,Retail Banking,317.38,2,2.29,2.81,2.15,3.6,19,0.0,5,2,2014,6,158.689999920655,0.8149466189270652,12.8698,0.18947368420055402,2,4,ALE,0,0,-0.0357979635413761,2.6926911259535786,1,1,218.00453446145605,1,0.6627451577337425,68.17623535481523,HIGH
OLE-0147,2023-04-20,Tech Failure,ATM Network,59.58,2,0.65,1.43,1.0,3.1,18,0.0,4,2,2023,3,29.789999985105,0.4545454542275906,1.859,0.17222222221265432,4,0,OLE,1,0,-0.0755657392362874,0.6802334193032643,0,0,61.215710046400844,0,0.003402190072008129,14.1921831496827,LOW
ALE-1072,2018-11-03,Cyber-Fraud,E-Banking,230.89,4,2.29,3.01,2.05,2.7,28,,11,4,2018,5,57.72249998556937,0.7607973419399345,27.5716,0.09642857142512756,0,1,ALE,0,0,-0.025678590654710454,1.561099799656975,0,0,199.51480434403143,0,0.06335076336219507,45.745300221568264,MEDIUM
ALE-0512,2014-08-05,Tech Failure,Retail Banking,167.3,5,1.47,2.77,1.99,3.5,20,,8,3,2014,1,33.459999993308,0.5306859203860339,20.3595,0.17499999999125,4,4,ALE,0,0,-0.06829040594314106,0.7291204674890831,0,0,151.7562285121131,0,0.011891951832108548,30.014168646654365,MEDIUM
OLE-0403,2016-05-27,System Failure,Retail Banking,16.02,3,0.58,1.33,1.0,3.9,20,,5,2,2016,4,5.33999999822,0.4360902252360223,2.3142,0.19499999999025,3,4,OLE,1,0,-0.059129157073772254,1.250150382807485,0,0,23.505414995300434,0,0.002666666666666667,10.582601389257535,LOW
ALE-0097,2019-07-25,System Failure,ATM Network,125.91,4,2.44,3.43,3.1,3.8,19,0.0,7,3,2019,3,31.477499992130625,0.7113702621832739,33.476800000000004,0.19999999998947368,3,0,ALE,0,0,-0.014334546715598973,0.18759468421452613,0,0,135.29028278667445,1,0.36912283868015383,47.87857087302542,MEDIUM
ALE-1228,2018-06-30,Cyber-Fraud,Online Services,313.82,4,2.41,1.99,1.57,3.8,15,,6,2,2018,5,78.45499998038625,1.211055275773339,19.183600000000002,0.2533333333164444,0,2,ALE,0,0,-0.016520639628319067,2.646113890185098,1,1,218.99401769585475,1,0.7134404934581035,72.96270291724167,CRITICAL
OLE-0660,2024-04-02,System Failure,Payments,9.5,5,0.96,0.59,1.0,3.6,19,0.0,4,2,2024,1,1.8999999996199999,1.6271186413099685,2.832,0.18947368420055402,3,3,OLE,1,0,-0.07489669885058409,1.3354547584284104,0,0,16.608017691754533,0,0.012565958036544946,7.493878983405904,LOW
ALE-0937,2017-08-21,Tech Failure,Payments,112.54,1,1.55,2.1,1.58,2.6,26,0.0,8,3,2017,0,112.53999988746,0.7380952377437642,3.2550000000000003,0.09999999999615385,4,3,ALE,0,0,-0.025434154510098117,0.012668380218855238,0,0,153.68839984945,0,0.1247384290603659,40.61749359612006,MEDIUM
ALE-0515,2018-03-13,Data Breach,E-Banking,44.05,1,2.05,2.08,1.43,3.1,24,,3,1,2018,1,44.04999995594999,0.9855769226030878,4.263999999999999,0.12916666666128473,1,1,ALE,0,0,-0.10943653717555851,0.8834200685966653,0,0,97.45737926055668,0,0.006168071741759519,15.05713352213779,LOW
OLE-0464,2019-07-01,Cyber-Fraud,Retail Banking,62.55,2,1.24,1.1,1.0,3.1,20,,7,3,2019,0,31.2749999843625,1.1272727262479336,2.728,0.15499999999225,0,4,OLE,1,0,-0.07487450546731017,0.6413754445188856,0,0,78.7812999651741,0,0.0009880503014742502,17.012992963944487,LOW
ALE-0492,2019-09-23,Phishing,Online Services,167.18,3,2.91,2.89,2.18,2.9,21,,9,3,2019,0,55.72666664809111,1.006920414876498,25.2297,0.13809523808866211,2,2,ALE,0,0,-0.07824134132718086,0.7275504483058758,0,0,190.908346511637,0,0.012310702682984091,34.80301397810024,MEDIUM
OLE-0187,2022-07-05,System Failure,Payments,5.0,3,0.33,1.08,1.0,3.8,14,0.0,7,3,2022,1,1.6666666661111111,0.3055555552726337,1.0692000000000002,0.27142857140918364,3,3,OLE,1,0,-0.006125092118543507,1.3943304777986811,0,0,14.126691005291004,1,0.38318793121100964,30.252157609342255,MEDIUM
ALE-0290,2014-09-10,Data Breach,Payments,235.83,1,0.98,1.32,1.35,2.6,25,,9,3,2014,2,235.82999976417,0.7424242418617997,1.2936,0.10399999999584,1,3,ALE,0,0,-0.004249251972916035,1.6257322560323393,0,0,207.4623329346297,1,0.3965334364786275,61.84775854311595,HIGH
ALE-0367,2019-08-30,System Failure,E-Banking,177.23,1,0.83,1.55,1.42,2.6,25,,8,3,2019,4,177.22999982276997,0.5354838706222684,1.2865,0.10399999999584,3,1,ALE,0,0,-0.028433696934566544,0.8590395548994801,0,0,176.1172754211403,0,0.2738841925911779,48.97247605320595,MEDIUM
OLE-0609,2014-10-10,Cyber-Fraud,ATM Network,39.47,3,0.33,1.28,1.0,2.5,21,0.0,10,4,2014,4,13.156666662281111,0.25781249979858395,1.2672,0.11904761904195012,0,0,OLE,1,0,-0.03372432226834454,0.9433424674224075,0,0,41.422706335156526,0,0.055772991049771244,19.061892489818284,LOW
OLE-0144,2018-01-06,Tech Failure,Payments,22.07,1,0.3,0.54,1.0,3.4,24,,1,1,2018,5,22.06999997793,0.555555554526749,0.162,0.14166666666076388,4,3,OLE,1,0,-0.04335051925137878,1.1709952489874542,0,0,41.336098381958216,0,0.02477930689080812,16.538020035928902,LOW
OLE-0752,2016-03-28,Tech Failure,Retail Banking,5.0,4,1.08,1.37,1.0,3.8,20,,3,1,2016,0,1.2499999996875,0.7883211673077947,5.918400000000001,0.1899999999905,4,4,OLE,1,0,-0.044582149665768345,1.3943304777986811,0,0,14.773416267699659,0,0.010843300868876317,11.629267665872527,LOW
ALE-0677,2014-10-16,System Failure,E-Banking,211.87,5,2.57,1.5,1.55,2.9,20,,10,4,2014,3,42.3739999915252,1.7133333321911108,19.275,0.14499999999274998,3,1,ALE,0,0,-0.07954165271897778,1.312251759118631,0,0,194.9041003562619,0,0.016708491544510585,35.40201652342178,MEDIUM
ALE-0124,2019-04-20,Data Breach,E-Banking,192.64,5,2.98,1.77,1.53,3.8,24,0.0,4,2,2019,5,38.5279999922944,1.683615818257844,26.373,0.1583333333267361,1,1,ALE,0,0,-0.039637778194092976,1.0606561850096738,0,0,175.4599243352923,0,0.009388710010803795,37.95134197935332,MEDIUM
OLE-0198,2018-03-19,Tech Failure,ATM Network,25.51,1,0.66,0.61,1.0,3.7,18,,3,1,2018,0,25.50999997449,1.0819672113410375,0.4026,0.20555555554413582,4,0,OLE,1,0,-0.03756141687693837,1.1259880324021805,0,0,42.807363974105385,0,0.05677603562212914,18.749822630092602,LOW
ALE-0776,2018-04-18,System Failure,ATM Network,46.64,2,1.02,2.59,2.03,3.5,18,,4,2,2018,2,23.31999998834,0.39382239367033883,5.2836,0.19444444443364198,3,0,ALE,0,0,-0.06770418665708788,0.8495338212257761,0,0,62.915155197413334,0,0.015117390075062524,16.037394081073856,LOW
ALE-0026,2015-08-19,Tech Failure,ATM Network,83.66,4,2.99,1.64,1.61,3.2,23,,8,3,2015,2,20.91499999477125,1.8231707305956277,19.6144,0.13913043477655956,4,0,ALE,0,0,-0.043332674070729604,0.365182903206349,0,0,87.2127069759893,0,0.036658906341651566,24.277025943016312,LOW
ALE-1003,2016-04-03,Data Breach,ATM Network,83.59,4,0.87,2.75,2.01,3.9,29,0.0,4,2,2016,6,20.897499994775625,0.31636363624859504,9.57,0.13448275861605233,1,0,ALE,0,0,-0.024794380437021868,0.36609874772988643,0,0,81.34135086748344,0,0.038097616660456655,26.13529815251388,LOW
OLE-0280,2017-07-28,Data Breach,ATM Network,50.01,4,0.55,0.78,1.0,3.6,19,,7,3,2017,4,12.502499996874374,0.7051282042241946,1.7160000000000002,0.18947368420055402,1,0,OLE,1,0,-0.08589461168112111,0.8054424491640401,0,0,55.55693695244906,0,0.002957073519621683,11.74431493417802,LOW
OLE-0294,2024-08-01,Tech Failure,ATM Network,69.44,5,0.7,0.64,1.0,3.5,20,0.0,8,3,2024,3,13.8879999972224,1.0937499982910155,2.24,0.17499999999125,4,0,OLE,1,0,-0.072961303651361,0.5512301764164045,0,0,57.161607700583005,0,0.008508334994250797,14.109598712681493,LOW
OLE-0767,2018-10-16,Data Breach,ATM Network,6.27,5,0.59,1.24,1.0,2.8,21,,10,4,2018,1,1.2539999997492,0.4758064512291883,3.6579999999999995,0.1333333333269841,1,0,OLE,1,0,-0.06591855779416655,1.3777144414430715,0,0,12.730190380045293,0,0.008383477751224788,8.058024242104674,LOW
OLE-0401,2018-07-30,Tech Failure,ATM Network,44.1,4,0.96,0.92,1.0,2.7,21,,7,3,2018,0,11.02499999724375,1.0434782597353496,3.5328,0.12857142856530612,4,0,OLE,1,0,-0.04865385517923404,0.8827658939369954,0,0,38.32901369602484,0,0.009050249883982888,14.722437237679262,LOW
OLE-0123,2022-11-02,Cyber-Fraud,E-Banking,10.16,2,1.28,1.38,1.0,3.3,18,,11,4,2022,2,5.07999999746,0.9275362312119303,3.5328,0.18333333332314813,0,1,OLE,1,0,-0.09048836485485667,1.3268196529207708,0,0,18.47199998943194,0,0.0030915286724280395,5.151179236079354,LOW
ALE-0350,2018-12-27,Data Breach,Payments,163.87,4,2.28,3.1,3.06,4.0,16,,12,4,2018,3,40.967499989758124,0.7354838707304889,28.272,0.249999999984375,1,3,ALE,0,1,0.007652709784265577,0.6842440858357433,0,1,158.97606343844984,1,0.6849433343162965,65.96732848483123,HIGH
OLE-0203,2025-05-10,Data Breach,Retail Banking,82.26,5,1.12,0.97,1.0,3.4,18,,5,2,2025,5,16.4519999967096,1.1546391740673825,5.432,0.18888888887839506,1,4,OLE,1,0,-0.08217253182579698,0.3834997936770998,0,0,72.88717725025727,0,0.0004229588272918667,14.972123592050018,LOW
ALE-0605,2017-04-17,System Failure,Online Services,48.65,2,2.39,2.68,2.69,2.9,15,,4,2,2017,0,24.324999987837497,0.8917910444433615,12.810400000000001,0.19333333332044444,3,2,ALE,0,0,-0.0638817933863916,0.8232359999070552,0,0,78.89033467076757,0,0.025641401187940727,19.520861288000326,LOW
OLE-0836,2018-02-23,Data Breach,Retail Banking,73.12,2,0.32,0.81,1.0,3.4,20,,2,1,2018,4,36.559999981720004,0.3950617279073312,0.5184000000000001,0.1699999999915,1,4,OLE,1,0,-0.06840007523903796,0.5030829214647163,0,0,63.973120866463496,0,0.0028630399528232348,15.674277886831645,LOW
OLE-0247,2022-06-29,Data Breach,Payments,40.38,1,0.45,0.63,1.0,3.8,22,0.0,6,2,2022,2,40.37999995962,0.7142857131519275,0.28350000000000003,0.17272727271942148,1,3,OLE,1,0,-0.06651059789411884,0.9314364886164193,0,0,52.60246075313619,0,0.0,14.03940320940189,LOW
ALE-0582,2017-07-10,System Failure,Retail Banking,10.0,4,1.78,1.79,1.42,3.0,21,,7,3,2017,0,2.499999999375,0.9944134072656908,12.7448,0.14285714285034012,3,4,ALE,0,0,-0.0804701229232549,1.3289130118317138,0,0,34.66636198147961,0,0.02535280239444277,9.997795179652854,LOW
ALE-0876,2018-05-12,Phishing,Payments,75.78,3,1.23,1.62,1.62,2.9,17,,5,2,2018,5,25.25999999158,0.7592592587905806,5.9778,0.17058823528408304,2,3,ALE,0,0,-0.09424982226049378,0.46828082957028966,0,0,80.75405388602334,0,0.006763467011145029,14.66117995796257,LOW
ALE-1126,2019-02-25,Data Breach,Retail Banking,174.69,2,1.95,1.3,1.25,2.6,19,0.0,2,1,2019,0,87.3449999563275,1.4999999988461536,5.07,0.1368421052559557,1,4,ALE,0,0,-0.04844685167341345,0.8258074821882608,0,0,162.68231755303327,0,0.11186885400202584,38.19492263270236,MEDIUM
OLE-0730,2015-08-07,System Failure,E-Banking,5.0,3,1.21,0.71,1.0,3.6,19,,8,3,2015,4,1.6666666661111111,1.7042253497123587,2.5772999999999997,0.18947368420055402,3,1,OLE,1,0,-0.06781187389247145,1.3943304777986811,0,0,17.137541828183053,0,0.00040087901481904116,8.201590848943825,LOW
ALE-0850,2017-12-25,Tech Failure,ATM Network,304.53,4,1.4,3.45,3.49,3.5,22,,12,4,2017,0,76.13249998096687,0.405797101331653,19.32,0.15909090908367768,4,0,ALE,0,0,-0.02469361217526178,2.524568238418472,1,1,238.2354624971035,0,0.19136732237916937,56.55041295472294,HIGH
ALE-1230,2018-08-23,Cyber-Fraud,Online Services,261.59,5,2.59,3.07,2.54,3.6,20,0.0,8,3,2018,3,52.317999989536396,0.8436482081942513,39.756499999999996,0.179999999991,0,2,ALE,0,0,-0.02599481143868343,1.9627630406941554,0,0,217.3749611173581,1,0.38425111651499366,59.77995595054436,HIGH
ALE-0296,2017-02-04,Cyber-Fraud,Payments,155.26,3,2.83,3.16,2.35,3.1,22,,2,1,2017,5,51.75333331608222,0.8955696199697564,26.828400000000002,0.14090909090268594,0,3,ALE,0,0,-0.06102271313221602,0.5715952094406251,0,0,191.8422333863991,0,0.032146628359808374,38.19571614115051,MEDIUM
ALE-0804,2019-10-17,Tech Failure,E-Banking,95.13,5,2.48,2.04,1.73,3.3,22,,10,4,2019,3,19.0259999961948,1.2156862739138792,25.296000000000003,0.1499999999931818,4,1,ALE,0,0,-0.06574712765789609,0.21511523627812565,0,0,92.18329755113538,0,0.008965802654363454,20.782202123182905,LOW
ALE-0569,2016-05-15,System Failure,ATM Network,108.04,1,1.61,2.84,3.43,3.1,29,0.0,5,2,2016,6,108.03999989196,0.5669014082510911,4.5724,0.10689655172045184,3,0,ALE,0,0,-0.025505599534237255,0.046207339151415484,0,0,173.65923890826463,0,0.10031328101344121,42.93880250516855,MEDIUM
OLE-0385,2023-03-03,Tech Failure,E-Banking,33.33,5,0.99,1.26,1.0,3.7,18,,3,1,2023,4,6.665999998666799,0.7857142850907028,6.237,0.20555555554413582,4,1,OLE,1,0,-0.07642366815083912,1.0236751156298436,0,0,32.14093051386637,0,0.007638791932408615,9.573945048958086,LOW
ALE-1133,2017-12-25,Tech Failure,Payments,332.99,1,2.21,3.39,3.59,3.6,21,0.0,12,4,2017,0,332.98999966700995,0.6519174039374874,7.4919,0.17142857142040815,4,3,ALE,0,1,0.01792330784848084,2.896924454702451,1,1,259.65478872529553,1,0.8636267186240691,89.80733959540595,CRITICAL
ALE-0902,2014-04-07,Phishing,E-Banking,187.38,1,1.67,2.88,3.05,3.1,28,,4,2,2014,0,187.37999981261999,0.5798611109097704,4.8096,0.11071428571033164,2,1,ALE,0,0,-0.026227861044429424,0.9918370108124241,0,0,195.6066388225274,0,0.2854306350660052,52.81313969064443,HIGH
OLE-0855,2015-04-02,System Failure,Payments,87.78,2,0.88,0.61,1.0,2.7,23,,4,2,2015,3,43.889999978055,1.4426229484547166,1.0735999999999999,0.11739130434272213,3,3,OLE,1,0,-0.055412080846276135,0.31127891124956775,0,0,78.02432351320218,0,0.030996023596259595,20.82412483818455,LOW
ALE-0732,2017-11-07,System Failure,E-Banking,324.8,1,1.83,1.43,1.38,3.1,22,0.0,11,4,2017,1,324.7999996752,1.2797202788253705,2.6169,0.14090909090268594,3,1,ALE,0,0,-0.019257870062337035,2.7897706454485585,1,1,248.12204516482336,1,0.7899686504347333,79.88389814217575,CRITICAL
OLE-0220,2021-03-11,Cyber-Fraud,ATM Network,5.0,3,1.11,0.64,1.0,4.0,15,,3,1,2021,3,1.6666666661111111,1.7343749972900393,2.1312,0.2666666666488889,0,0,OLE,1,1,0.015251585040487292,1.3943304777986811,0,1,18.764512507055336,1,0.7607257642420239,47.371115988116294,MEDIUM
OLE-0642,2020-06-26,Cyber-Fraud,Payments,47.51,1,0.85,0.66,1.0,3.0,19,,6,2,2020,4,47.50999995248999,1.2878787859274563,0.561,0.157894736833795,0,3,OLE,1,0,-0.06695521391924664,0.8381511821475237,0,0,53.07231837463651,0,0.0042667723096595665,14.197885194675482,LOW
OLE-0002,2023-08-18,Cyber-Fraud,Retail Banking,41.26,1,1.1,0.6,1.0,3.5,22,0.0,8,3,2023,4,41.259999958739996,1.8333333302777781,0.66,0.15909090908367768,0,4,OLE,1,0,-0.03613403479762778,0.919923014606233,0,0,51.91516844882308,0,0.009311847716180755,18.753258761960513,LOW
OLE-0113,2017-11-13,Data Breach,Retail Banking,104.86,3,1.39,1.04,1.0,3.2,19,,11,4,2017,0,34.95333332168222,1.3365384602533281,4.3368,0.1684210526227147,1,4,OLE,1,0,-0.07860265337493899,0.08781284750640689,0,0,90.47995563010181,0,0.000547278951611991,18.312335705921072,LOW
OLE-0699,2021-08-03,Cyber-Fraud,Retail Banking,52.09,1,0.46,0.79,1.0,3.8,15,,8,3,2021,1,52.08999994791,0.5822784802755969,0.36340000000000006,0.2533333333164444,0,4,OLE,1,0,-0.014978673835224332,0.7782287833217815,0,0,59.95061791090937,0,0.28682907165515414,32.880890314108214,MEDIUM
ALE-0247,2018-11-09,Phishing,Payments,290.33,4,0.83,1.87,2.33,3.1,21,,11,4,2018,4,72.58249998185437,0.443850267142326,6.2084,0.14761904761201813,2,3,ALE,0,0,-0.09933937783513164,2.3387826350722847,0,0,207.35159102349172,0,0.06319987199417502,36.08418419566365,MEDIUM
ALE-0094,2018-07-18,Data Breach,Payments,179.47,2,2.99,3.24,2.37,3.1,24,0.0,7,3,2018,2,89.7349999551325,0.9228395058880124,19.375200000000003,0.12916666666128473,1,3,ALE,0,0,-0.07198104240507575,0.8883465796526817,0,0,203.64965902807256,0,0.04378997731547174,38.864844960827014,MEDIUM
ALE-0791,2017-11-01,Phishing,Retail Banking,60.53,5,1.8,1.87,1.94,3.6,27,,11,4,2017,2,12.1059999975788,0.9625668444050444,16.830000000000002,0.13333333332839506,2,4,ALE,0,0,-0.07541834761983557,0.6678041007695404,0,0,58.252705155601106,0,0.002671084486549716,13.715607797255966,LOW
ALE-0779,2014-09-28,Data Breach,Payments,132.66,4,2.78,1.86,1.3,2.7,28,0.0,9,3,2014,6,33.16499999170875,1.494623655110417,20.6832,0.09642857142512756,1,3,ALE,0,0,-0.015190628133653572,0.27590826326993223,0,0,139.46751538495653,0,0.0507929559034054,37.27683721399718,MEDIUM
ALE-1121,2014-07-30,Tech Failure,Payments,120.6,1,0.82,1.63,1.27,2.6,16,0.0,7,3,2014,2,120.59999987939999,0.5030674843539463,1.3365999999999998,0.16249999998984377,4,3,ALE,0,0,-0.040242602847411546,0.11812133535760665,0,0,135.8979812002754,0,0.13233234432801608,35.85187761343606,MEDIUM
ALE-0553,2017-06-04,Tech Failure,Online Services,128.72,3,2.72,3.19,3.01,2.8,25,0.0,6,2,2017,6,42.90666665236444,0.8526645765352149,26.0304,0.11199999999551999,4,2,ALE,0,0,-0.03808675073184886,0.22435930008796187,0,0,165.9350222237867,0,0.015354081752127794,36.86987967283871,MEDIUM
ALE-0552,2015-06-20,Tech Failure,ATM Network,137.49,2,2.11,1.95,2.38,3.6,15,,6,2,2015,5,68.7449999656275,1.0820512814963839,8.229,0.239999999984,4,0,ALE,0,0,-0.030273588128114315,0.33910153539402293,0,0,150.3703367141205,0,0.19637028772869874,41.878605970075235,MEDIUM
ALE-0973,2014-12-27,Cyber-Fraud,E-Banking,88.12,1,1.57,1.83,1.52,3.9,22,0.0,12,4,2014,5,88.11999991188,0.8579234967989489,2.8731000000000004,0.17727272726466942,0,1,ALE,0,0,-0.05540872985568712,0.3068305235638139,0,0,153.30442179534478,0,0.04003756137671359,33.153597714823235,MEDIUM
ALE-0676,2015-07-14,Tech Failure,E-Banking,157.47,2,1.29,1.99,1.48,3.4,27,,7,3,2015,1,78.73499996063249,0.6482412057044014,5.1342,0.125925925921262,4,1,ALE,0,0,-0.07322262682717984,0.6005097293980248,0,0,157.66518412221865,0,0.06624760613264997,32.12924049993375,MEDIUM
ALE-0434,2016-12-05,Tech Failure,Retail Banking,128.65,5,2.24,2.77,2.09,3.3,29,,12,4,2016,0,25.729999994854,0.8086642596358613,31.024000000000004,0.11379310344435195,4,4,ALE,0,0,-0.016139169126175967,0.2234434555644244,0,0,120.20774956107239,0,0.10161251018219641,35.84177810520362,MEDIUM
ALE-1191,2017-10-26,Phishing,Payments,210.02,4,2.44,2.92,2.3,3.5,29,,10,4,2017,3,52.50499998687375,0.8356164380699943,28.4992,0.12068965516825209,2,3,ALE,0,0,-0.060352165997974105,1.2880472967108532,0,0,194.28799570236615,0,0.05966285286259298,39.64833932190932,MEDIUM
OLE-0442,2014-08-29,System Failure,ATM Network,55.87,4,0.87,0.57,1.0,2.6,23,,8,3,2014,4,13.967499996508124,1.5263157867959374,1.9835999999999998,0.11304347825595464,3,0,OLE,1,0,-0.04087867889422869,0.7287731790507542,0,0,56.9015356977382,0,0.0522407628989493,20.348949352900657,LOW
ALE-0663,2019-10-05,Tech Failure,ATM Network,154.27,5,1.49,1.48,1.05,3.2,24,,10,4,2019,5,30.853999993829202,1.0067567560765156,11.026,0.13333333332777778,4,0,ALE,0,0,-0.07624583436164717,0.5586425511791658,0,0,137.96832090523833,0,0.011479753555173602,26.621694919061213,LOW
ALE-0996,2019-01-02,Phishing,E-Banking,49.26,1,2.26,2.05,1.64,3.0,21,,1,1,2019,2,49.259999950739996,1.1024390238524686,4.632999999999999,0.14285714285034012,2,1,ALE,0,0,-0.11502479252978415,0.8152550690590852,0,0,102.44707836901728,0,0.029075086452646642,15.827682546483878,LOW
ALE-0279,2019-01-02,Phishing,Retail Banking,119.46,3,1.67,1.72,1.87,3.5,16,,1,1,2019,2,39.819999986726664,0.9709302319936451,8.617199999999999,0.21874999998632813,2,4,ALE,0,0,-0.07682447511213575,0.10320615311713806,0,0,142.59791694582935,0,0.007039146954345624,27.119348430210444,LOW
ALE-0858,2019-01-08,System Failure,Retail Banking,116.32,2,1.71,2.7,1.8,3.9,27,,1,1,2019,1,58.15999997092,0.6333333330987654,9.234,0.14444444443909465,3,4,ALE,0,0,-0.06759635593114022,0.062123984489882475,0,0,166.53434551344785,0,0.012260842092372055,32.488001562946366,MEDIUM
ALE-0399,2017-06-16,Data Breach,Online Services,200.87,4,0.85,2.35,2.37,3.5,27,,6,2,2017,4,50.21749998744563,0.3617021275056586,7.99,0.12962962962482852,1,2,ALE,0,0,-0.09046455037274048,1.1683333339913025,0,0,177.78633002589788,0,0.009255287171694937,30.792388706338876,MEDIUM
ALE-1219,2017-04-23,Tech Failure,Payments,183.93,5,1.12,3.12,2.84,2.8,15,0.0,4,2,2017,6,36.7859999926428,0.3589743588593031,17.472,0.1866666666542222,4,3,ALE,0,0,-0.02370711527728686,0.9466989592952167,0,0,162.82910616670193,0,0.048464927161348426,39.662221738269686,MEDIUM
ALE-0774,2017-07-22,Phishing,Retail Banking,278.45,4,2.9,1.97,1.65,3.1,18,0.0,7,3,2017,5,69.61249998259687,1.4720812175268623,22.852,0.17222222221265432,2,4,ALE,0,0,-0.05012207934799551,2.18335073593477,0,0,231.14613236296702,0,0.07092921220634354,47.43883923112939,MEDIUM
ALE-0838,2018-10-22,Cyber-Fraud,E-Banking,92.37,4,2.78,1.47,1.44,3.7,28,,10,4,2018,0,23.092499994226877,1.8911564612985328,16.3464,0.13214285713813775,0,1,ALE,0,0,-0.022193631640173517,0.25122567749189156,0,0,92.41571058007155,0,0.08351680471564492,29.877188640982155,LOW
ALE-0540,2017-06-10,System Failure,E-Banking,72.59,1,1.03,3.43,3.65,2.6,19,0.0,6,2,2017,5,72.58999992740999,0.3002915451019558,3.5329,0.1368421052559557,3,1,ALE,0,0,-0.04872036992794304,0.5100171728572149,0,0,106.79080933217239,0,0.10850255571460818,29.117938956054278,LOW
ALE-0993,2018-02-23,Phishing,E-Banking,10.0,5,2.42,1.87,1.85,3.7,20,,2,1,2018,4,1.9999999996,1.2941176463667818,22.627,0.18499999999075,2,1,ALE,0,0,-0.06589195114423096,1.3289130118317138,0,0,49.21134528872025,0,0.011512395850798456,13.992811310304901,LOW
OLE-0664,2017-03-30,System Failure,Retail Banking,105.48,2,1.11,1.36,1.0,3.9,23,,3,1,2017,3,52.73999997363,0.8161764699881054,3.0192000000000005,0.16956521738393193,3,4,OLE,1,0,-0.06393686918764951,0.07970108172650286,0,0,89.60462846284115,0,0.0,20.324948523846615,LOW
OLE-0684,2020-06-14,Tech Failure,Retail Banking,81.54,2,1.02,0.61,1.0,2.5,15,,6,2,2020,6,40.769999979615,1.672131144799785,1.2444,0.16666666665555555,4,4,OLE,1,0,-0.00022371559324574353,0.3929199087763431,0,0,73.21586585169507,0,0.06314966668937705,29.353508154540663,LOW
ALE-0400,2016-07-08,Cyber-Fraud,Retail Banking,122.18,5,2.29,1.66,1.45,3.7,16,,7,3,2016,4,24.4359999951128,1.3795180714581217,19.006999999999998,0.23124999998554688,0,4,ALE,0,0,-0.03596117905663365,0.13879325460316852,0,0,108.1864229941175,0,0.0422872372179334,28.912252856724447,LOW
ALE-0985,2019-06-25,Data Breach,Retail Banking,178.29,3,2.57,1.43,0.98,2.7,15,,6,2,2019,1,59.42999998019,1.797202795946012,11.025299999999998,0.179999999988,1,4,ALE,0,0,-0.04230129982522601,0.8729080576844773,0,0,202.83488451547052,0,0.01737882102948826,42.20488030925007,MEDIUM
ALE-1150,2015-12-23,Tech Failure,Online Services,275.57,5,1.23,2.94,2.35,3.9,25,,12,4,2015,2,55.1139999889772,0.4183673467964737,18.081,0.15599999999376,4,2,ALE,0,0,-0.0519045977054613,2.1456702755377965,0,0,218.63328388311137,0,0.021162801827193038,43.43640361076644,MEDIUM
ALE-0843,2016-07-20,Cyber-Fraud,Payments,119.91,2,1.24,1.63,1.67,3.0,15,,7,3,2016,2,59.9549999700225,0.7607361958523091,4.0424,0.19999999998666668,0,3,ALE,0,0,-0.07806366077730947,0.10909372505416516,0,0,132.40971369938805,0,0.01744010137628671,25.674163506396795,LOW
OLE-0318,2023-03-09,Cyber-Fraud,E-Banking,69.34,3,1.27,1.36,1.0,4.0,16,,3,1,2023,3,23.11333332562889,0.9338235287251296,5.1816,0.249999999984375,0,1,OLE,1,0,-0.021346535514683462,0.5525385257357438,0,0,73.18344928444392,0,0.1438981546145898,29.047046817780764,LOW
OLE-0649,2019-01-26,System Failure,Retail Banking,65.45,3,1.18,0.78,1.0,3.5,16,,1,1,2019,5,21.816666659394446,1.5128205108809993,2.7612,0.21874999998632813,3,4,OLE,1,0,-0.05513375299184131,0.6034333142580445,0,0,72.08600900166324,0,0.005829260651504139,19.036914927564858,LOW
ALE-0577,2017-12-31,Tech Failure,Retail Banking,190.99,4,1.4,3.21,2.4,3.0,20,,12,4,2017,6,47.747499988063126,0.4361370715152221,17.976,0.1499999999925,4,4,ALE,0,0,-0.044203226898602344,1.039068421240575,0,0,183.46437791169194,0,0.010096668203026071,38.57743023985339,MEDIUM
ALE-0622,2015-08-31,Cyber-Fraud,E-Banking,81.62,5,2.28,1.22,1.08,2.8,18,0.0,8,3,2015,0,16.3239999967352,1.8688524574845469,13.907999999999998,0.15555555554691358,0,1,ALE,0,0,-0.04900270341444779,0.39187322932087165,0,0,82.45784594939177,0,0.03704071745560901,22.692135718202284,LOW
OLE-0710,2024-08-25,Cyber-Fraud,Retail Banking,81.92,3,1.06,1.4,1.0,3.4,18,0.0,8,3,2024,6,27.306666657564445,0.7571428566020408,4.452,0.18888888887839506,0,4,OLE,1,0,-0.06151843855855438,0.38794818136285364,0,0,81.15409131920396,0,0.0006985926900880834,19.359015870729092,LOW
ALE-0525,2014-11-27,Cyber-Fraud,ATM Network,208.4,1,1.01,3.49,3.53,3.8,27,,11,4,2014,3,208.39999979159998,0.28939828071937007,3.5249,0.1407407407355281,0,0,ALE,0,1,0.023887080972523678,1.2668520377375556,0,1,194.08540925436776,1,0.8900621317658852,81.15261337902922,CRITICAL
ALE-0425,2019-04-26,Data Breach,E-Banking,179.16,3,2.85,1.93,1.32,3.1,18,0.0,4,2,2019,4,59.719999980093334,1.476683937058713,16.5015,0.17222222221265432,1,1,ALE,0,0,-0.08809459806267117,0.8842906967627296,0,0,199.40027308614782,0,0.01200349083373947,34.688434747348154,MEDIUM
ALE-0911,2019-04-14,System Failure,Payments,156.79,3,2.31,1.94,2.07,3.8,25,0.0,4,2,2019,6,52.26333331591222,1.1907216488707622,13.444199999999999,0.15199999999392,3,3,ALE,0,0,-0.06568845963599351,0.5916129540265171,0,0,173.45626334186682,0,0.004578552843296878,33.60614582828991,MEDIUM
ALE-0115,2018-07-12,Data Breach,Retail Banking,170.68,3,1.82,2.58,2.8,3.6,16,,7,3,2018,3,56.89333331436889,0.7054263563157263,14.0868,0.2249999999859375,1,4,ALE,0,0,-0.05949214692808463,0.773342674482753,0,0,173.24155226245227,0,0.006230199134271244,34.54712985268571,MEDIUM
OLE-0628,2021-08-03,Data Breach,ATM Network,23.0,4,0.53,0.81,1.0,4.0,15,,8,3,2021,1,5.7499999985625,0.6543209868465173,1.7172000000000003,0.2666666666488889,1,0,OLE,1,1,0.0029534948110887527,1.1588276003175983,0,1,25.669905461922813,1,0.8022692043112357,48.1061579820456,MEDIUM
OLE-0633,2015-07-14,Cyber-Fraud,E-Banking,73.98,1,0.56,0.87,1.0,3.1,17,,7,3,2015,1,73.97999992602,0.6436781601796804,0.4872,0.18235294116574394,0,1,OLE,1,0,-0.05758039440119267,0.4918311173183979,0,0,69.62843478936968,0,0.10518070536697706,21.75980337122375,LOW
ALE-1158,2016-09-18,Data Breach,Retail Banking,172.98,4,2.13,3.34,2.39,2.6,27,0.0,9,3,2016,6,43.24499998918875,0.6377245507072681,28.456799999999998,0.09629629629272977,1,4,ALE,0,0,-0.002420818816288306,0.8034347088275579,0,0,171.380316142359,0,0.12006389943598815,46.68440148286025,MEDIUM
ALE-0449,2019-09-23,System Failure,Online Services,120.04,1,1.93,1.76,1.89,2.6,16,,9,3,2019,0,120.03999987995999,1.096590908467846,3.3968,0.16249999998984377,3,2,ALE,0,0,-0.04305486030968109,0.11079457916930645,0,0,153.67903342261232,0,0.15046393760651278,38.907435922311585,MEDIUM
ALE-0543,2014-07-24,System Failure,Payments,145.57,5,1.03,2.23,2.23,2.7,20,,7,3,2014,3,29.1139999941772,0.4618834078646263,11.4845,0.13499999999325002,3,3,ALE,0,0,-0.0967298528029144,0.4448161603966422,0,0,129.40126141396664,0,0.011906209398062325,22.236662874040487,LOW
ALE-0551,2016-02-09,Phishing,E-Banking,166.4,2,2.16,2.43,2.89,2.6,26,,2,1,2016,1,83.1999999584,0.888888888523091,10.497600000000002,0.09999999999615385,2,1,ALE,0,0,-0.07772197241184436,0.7173453236150288,0,0,180.39729786098147,0,0.025580111255015928,33.66708317607941,MEDIUM
ALE-0391,2019-06-19,Tech Failure,ATM Network,174.95,1,0.8,2.87,2.28,3.6,25,,6,2,2019,2,174.94999982504999,0.2787456445021792,2.2960000000000003,0.14399999999424,4,0,ALE,0,0,-0.010872061522996357,0.829209190418543,0,0,174.75727759446121,1,0.37010146392992366,54.723274081002934,HIGH
ALE-1264,2014-12-21,Tech Failure,Retail Banking,10.0,3,0.99,2.63,1.86,3.0,25,,12,4,2014,6,3.3333333322222223,0.3764258553701803,7.811099999999999,0.1199999999952,4,4,ALE,0,0,-0.04611859634082993,1.3289130118317138,0,0,34.30763699116243,0,0.006974930634016753,14.383481175714309,LOW
ALE-0397,2017-11-01,Data Breach,E-Banking,102.66,4,1.83,1.9,1.73,3.0,21,,11,4,2017,2,25.66499999358375,0.9631578942299169,13.908,0.14285714285034012,1,1,ALE,0,0,-0.115174223048713,0.11659653253187262,0,0,107.66105104055796,0,0.03738134962431865,16.928275780199627,LOW
ALE-0639,2015-10-12,Data Breach,Online Services,163.99,4,1.79,2.17,1.88,3.9,20,,10,4,2015,0,40.99749998975063,0.8248847922465968,15.5372,0.19499999999025,1,2,ALE,0,0,-0.07114423696393501,0.6858141050189506,0,0,166.160249710818,0,0.010681592205132038,31.84772681984636,MEDIUM
ALE-0514,2015-12-17,System Failure,E-Banking,208.57,2,2.31,2.28,2.03,4.0,25,,12,4,2015,3,104.28499994785749,1.0131578942924746,10.5336,0.1599999999936,3,1,ALE,0,0,-0.05555677103712264,1.2690762315804323,0,0,207.3972039326991,0,0.06093846116818413,42.49485096101756,MEDIUM
ALE-0672,2016-08-19,Data Breach,ATM Network,109.59,4,2.07,2.19,1.75,3.7,15,,8,3,2016,4,27.397499993150625,0.945205479020454,18.1332,0.24666666665022224,1,0,ALE,0,0,-0.036620394753942076,0.025927924701655607,0,0,104.25921531912878,0,0.11500355375049956,30.733050603345852,MEDIUM
ALE-0806,2015-02-07,Tech Failure,E-Banking,144.27,2,2.27,2.38,2.26,3.6,19,0.0,2,1,2015,5,72.1349999639325,0.9537815122042935,10.8052,0.18947368420055402,4,1,ALE,0,0,-0.0870952355667382,0.42780761924523086,0,0,173.73668580359688,0,0.07425590237624942,32.920071616954026,MEDIUM
ALE-0497,2018-09-28,Cyber-Fraud,Payments,188.77,1,1.89,2.63,2.23,3.6,24,,9,3,2018,4,188.76999981123,0.7186311784339805,4.9707,0.14999999999375,0,3,ALE,0,0,-0.03881010516163086,1.0100230663512413,0,0,184.5740070374477,0,0.2070672080613011,46.4469798587699,MEDIUM
ALE-1238,2016-07-20,Tech Failure,Retail Banking,145.58,1,2.18,3.24,2.39,3.1,15,,7,3,2016,2,145.57999985442,0.672839505965173,7.063200000000001,0.20666666665288888,4,4,ALE,0,0,-0.01720569607728617,0.44494699532857634,0,0,167.2752187509991,0,0.2750734544297122,49.26560369315752,MEDIUM
ALE-0964,2016-08-07,System Failure,Retail Banking,194.09,4,2.02,2.8,2.3,2.7,16,,8,3,2016,6,48.522499987869374,0.7214285711709184,22.624,0.16874999998945314,3,4,ALE,0,0,-0.04492626688293888,1.0796272501400948,0,0,172.92112950152472,0,0.0016705939168220078,36.49306591858444,MEDIUM
ALE-1252,2014-09-16,Phishing,E-Banking,39.73,4,0.95,2.61,1.87,3.0,21,0.0,9,3,2014,1,9.932499997516874,0.36398467419004416,9.918,0.14285714285034012,2,1,ALE,0,0,-0.09070932409210525,0.939940759192125,0,0,44.238670405128914,0,0.026275787439039567,10.041526804729497,LOW
ALE-1241,2015-09-06,Cyber-Fraud,Retail Banking,255.02,4,1.23,1.5,1.03,2.7,15,0.0,9,3,2015,6,63.75499998406125,0.8199999994533332,7.38,0.179999999988,0,4,ALE,0,0,-0.04253644957586322,1.8768044904135601,0,0,199.927651611279,0,0.0913936282633363,44.29667168244875,MEDIUM
ALE-0786,2014-03-02,Data Breach,E-Banking,10.0,1,2.35,3.47,2.98,3.7,19,,3,1,2014,6,9.99999999,0.6772334291996445,8.1545,0.19473684209501385,1,1,ALE,0,0,-0.04601359360800639,1.3289130118317138,0,0,34.170034922022424,0,0.08229349217879307,17.013220433928833,LOW
ALE-0194,2015-09-06,Tech Failure,E-Banking,156.39,3,2.16,3.47,2.78,3.8,17,,9,3,2015,6,52.129999982623325,0.6224783859877584,22.4856,0.22352941175155708,4,1,ALE,0,1,0.0027496193612367437,0.5863795567491596,0,1,197.01172950284112,0,0.22472502534813196,55.20311704756033,HIGH
OLE-0796,2016-08-25,Tech Failure,Retail Banking,5.0,3,0.91,0.73,1.0,3.8,15,,8,3,2016,3,1.6666666661111111,1.2465753407581162,1.9929,0.2533333333164444,4,4,OLE,1,0,-0.021723324707344505,1.3943304777986811,0,0,13.72844472356045,1,0.46030053192709164,30.578045506707664,MEDIUM
OLE-0646,2017-09-14,Tech Failure,ATM Network,33.62,3,0.89,1.02,1.0,3.5,24,0.0,9,3,2017,3,11.20666666293111,0.8725490187524029,2.7234,0.14583333332725695,4,0,OLE,1,0,-0.07047029938361099,1.0198809026037596,0,0,36.736904730388325,0,0.00937473756050528,11.249554812005034,LOW
ALE-0155,2018-01-18,Phishing,Payments,221.35,1,1.31,2.13,1.55,2.8,22,,1,1,2018,3,221.34999977865,0.6150234738896604,2.7903,0.12727272726694214,2,3,ALE,0,0,-0.055639654829637064,1.4362832745920011,0,0,211.72854381089314,0,0.18222563314895202,47.41878641551119,MEDIUM
ALE-1119,2018-12-03,Cyber-Fraud,Online Services,213.11,2,1.61,2.68,1.83,2.6,18,,12,4,2018,0,106.5549999467225,0.6007462684325573,8.629600000000002,0.14444444443641977,0,2,ALE,0,0,-0.04927653024626555,1.328475290678439,0,0,198.4978409004336,0,0.15356457113225389,45.246548902251185,MEDIUM
ALE-0740,2019-07-19,System Failure,ATM Network,125.63,3,1.28,2.88,2.3,4.0,26,,7,3,2019,4,41.876666652707776,0.4444444442901235,11.059199999999999,0.1538461538402367,3,0,ALE,0,0,-0.03986434938280614,0.18393130612037595,0,0,167.63639088991908,0,0.045844499341802736,37.94533873817171,MEDIUM
OLE-0557,2022-12-26,System Failure,Payments,39.77,1,1.2,0.98,1.0,2.8,17,0.0,12,4,2022,0,39.76999996023,1.224489794668888,1.176,0.1647058823432526,3,3,OLE,1,0,-0.0790693186141635,0.9394174194643895,0,0,61.62145725013375,0,0.004924206953474514,13.791452484983441,LOW
OLE-0682,2016-01-22,Data Breach,Payments,46.56,5,0.5,0.85,1.0,3.0,23,0.0,1,1,2016,4,9.311999998137601,0.5882352934256055,2.125,0.13043478260302457,1,3,OLE,1,0,-0.08586877072340154,0.8505805006812476,0,0,35.96859682575762,0,0.0012059835589247356,8.561121217347631,LOW
OLE-0578,2020-01-22,Tech Failure,Retail Banking,43.62,5,0.99,0.83,1.0,3.0,18,,1,1,2020,2,8.723999998255199,1.1927710829002758,4.1085,0.1666666666574074,4,4,OLE,1,0,-0.07850397106747709,0.8890459706698246,0,0,38.78494647595079,0,0.002111651625553832,10.132673932587025,LOW
ALE-0962,2019-04-02,Tech Failure,Online Services,352.61,3,1.87,2.27,1.8,2.7,19,,4,2,2019,1,117.53666662748778,0.8237885458926042,12.7347,0.14210526315041552,4,2,ALE,0,0,-0.06758780030902395,3.153622591156832,1,1,213.28466567663423,1,0.5698023765659,59.46321882170869,HIGH
ALE-0252,2017-07-10,Cyber-Fraud,Online Services,220.43,5,1.14,3.05,2.64,4.0,23,,7,3,2017,0,44.0859999911828,0.37377049168073095,17.384999999999998,0.17391304347069944,0,2,ALE,0,0,-0.01778236194644578,1.4242464608540792,0,0,192.6398696352022,0,0.11061574369570605,47.471665044603704,MEDIUM
ALE-0409,2014-08-05,Tech Failure,Retail Banking,158.82,5,1.24,3.48,2.56,3.6,18,0.0,8,3,2014,1,31.763999993647197,0.3563218389780684,21.576,0.1999999999888889,4,4,ALE,0,0,-0.018099871060276107,0.618172445209106,0,0,149.91106519374043,0,0.04241815057584892,38.21945889034334,MEDIUM
ALE-0865,2017-04-05,Tech Failure,ATM Network,145.25,5,1.54,1.35,1.23,3.1,28,,4,2,2017,2,29.04999999419,1.1407407398957474,10.395000000000001,0.11071428571033164,4,0,ALE,0,0,-0.05224561838310471,0.44062944257475634,0,0,128.72358210479203,0,0.01023547135413905,28.65647104768434,LOW
ALE-1005,2014-10-04,System Failure,ATM Network,99.91,4,1.81,3.43,3.41,3.4,25,,10,4,2014,5,24.977499993755625,0.527696792849068,24.8332,0.13599999999456,3,0,ALE,0,0,-0.04667632586057968,0.15257613881370471,0,0,101.84641568385008,0,0.051265084081281824,26.62829058399574,LOW
ALE-0326,2014-05-19,Cyber-Fraud,Payments,215.21,1,2.41,2.61,1.9,3.1,18,,5,2,2014,0,215.20999978479,0.9233716471557963,6.2901,0.17222222221265432,0,3,ALE,0,0,-0.015948992895618574,1.3559506263845653,0,0,209.2758046073626,0,0.3522399407238375,58.85457741259679,HIGH
OLE-0525,2024-10-12,Cyber-Fraud,Payments,46.81,2,0.84,1.24,1.0,3.5,23,0.0,10,4,2024,5,23.4049999882975,0.6774193542924036,2.0831999999999997,0.152173913036862,0,3,OLE,1,0,-0.08665693668127178,0.8473096273828992,0,0,57.28429137017336,0,5.602240896358543e-05,11.805542553256698,LOW
ALE-0202,2015-03-03,System Failure,Retail Banking,217.66,4,2.32,2.6,2.21,3.2,16,,3,1,2015,1,54.414999986396246,0.8923076919644969,24.128,0.1999999999875,3,4,ALE,0,0,-0.059677459373250585,1.3880051847083792,0,0,183.8365563128774,0,0.0015595628761729031,36.046875584017215,MEDIUM
OLE-0541,2016-08-01,System Failure,Payments,58.37,2,1.41,1.32,1.0,3.3,17,,8,3,2016,0,29.184999985407497,1.0681818173725894,3.7224,0.19411764704740483,3,3,OLE,1,0,-0.08771777642382561,0.6960644460672705,0,0,66.562236432165,0,0.004848079600238727,13.296685825517757,LOW
ALE-0337,2018-11-21,Phishing,E-Banking,165.87,3,2.0,2.83,3.39,2.6,16,,11,4,2018,2,55.28999998157,0.7067137806690057,16.98,0.16249999998984377,2,1,ALE,0,0,-0.07610948136236295,0.7104110722225303,0,0,181.50717578529608,0,0.012210291455365951,33.6149923987866,MEDIUM
ALE-0821,2017-06-28,Tech Failure,ATM Network,114.53,4,1.68,2.88,2.46,3.7,25,,6,2,2017,2,28.632499992841876,0.5833333331307871,19.3536,0.14799999999408,4,0,ALE,0,0,-0.05896631035898248,0.03870453167370822,0,0,115.58308990446463,0,0.03889341989675156,26.567578674233715,LOW
OLE-0749,2022-12-02,Tech Failure,Payments,54.55,2,0.48,1.3,1.0,3.6,20,,12,4,2022,4,27.2749999863625,0.3692307689467455,1.248,0.179999999991,4,3,OLE,1,0,-0.0798286779213997,0.7460433900660336,0,0,57.62392052878188,0,0.00033525452065643013,12.88051588233806,LOW
OLE-0231,2023-02-25,Cyber-Fraud,ATM Network,28.7,5,1.47,0.53,1.0,3.8,22,0.0,2,1,2023,5,5.739999998851999,2.773584900427198,3.8955,0.17272727271942148,0,0,OLE,1,0,-0.0023310272328778137,1.0842516891152554,0,0,31.222039752467825,0,0.10245925494108055,23.71633296823208,LOW
ALE-0573,2016-08-13,Data Breach,Retail Banking,10.0,4,1.61,1.3,1.29,3.3,18,,8,3,2016,5,2.499999999375,1.2384615375088757,8.372000000000002,0.18333333332314813,1,4,ALE,0,0,-0.0706106403987522,1.3289130118317138,0,0,28.52203404997779,0,0.007305841710174749,9.845508910071501,LOW
OLE-0485,2019-02-01,Tech Failure,Retail Banking,33.9,2,0.35,1.2,1.0,3.0,18,0.0,2,1,2019,4,16.949999991524997,0.2916666664236111,0.84,0.1666666666574074,4,4,OLE,1,0,-0.0630618004844794,1.0162175245096094,0,0,41.62057411151674,0,0.03440045735918881,14.001663873504762,LOW
ALE-0900,2014-05-31,Tech Failure,Retail Banking,187.51,5,1.11,1.67,1.3,3.3,22,0.0,5,2,2014,5,37.5019999924996,0.6646706582846285,9.268500000000001,0.1499999999931818,4,4,ALE,0,0,-0.08138926285128051,0.9935378649275654,0,0,159.60634254310463,0,0.004270213870249926,29.060616458737215,LOW
ALE-1066,2019-05-02,Data Breach,Retail Banking,32.21,2,2.89,2.85,2.49,3.5,28,,5,2,2019,3,16.1049999919475,1.0140350873634965,16.473000000000003,0.12499999999553571,1,4,ALE,0,0,-0.06116062906111319,1.0383286280064443,0,0,51.47054593971082,0,0.006706826587669693,14.88564808371301,LOW
OLE-0096,2014-02-12,Tech Failure,Payments,96.3,5,1.14,1.43,1.0,3.7,16,,2,1,2014,2,19.259999996148,0.7972027966453127,8.150999999999998,0.23124999998554688,4,3,OLE,1,0,-0.06403421658688635,0.19980754924185523,0,0,79.9740228935451,0,0.011217798571415133,19.166392368890243,LOW
ALE-0163,2019-01-20,Phishing,E-Banking,122.42,4,2.76,2.23,1.9,3.1,20,,1,1,2019,6,30.60499999234875,1.2376681608799693,24.6192,0.15499999999225,2,1,ALE,0,0,-0.06441164118613957,0.1419332929695829,0,0,129.08080719792747,0,0.014612468084126817,27.06534378676994,LOW
OLE-0564,2025-06-09,Data Breach,Retail Banking,9.62,5,0.52,0.93,1.0,2.7,20,0.0,6,2,2025,0,1.9239999996151997,0.559139784345011,2.418,0.13499999999325002,1,4,OLE,1,0,-0.05602675210229957,1.3338847392452031,0,0,14.713448914183797,0,0.0061265608558584,9.760102688202226,LOW
ALE-0006,2019-09-11,Cyber-Fraud,ATM Network,206.59,1,2.35,3.4,2.9,3.1,25,,9,3,2019,2,206.58999979341,0.6911764703849481,7.99,0.12399999999504001,0,0,ALE,0,0,-0.018818742060370375,1.2431709150575134,0,0,197.00790536848436,1,0.3854031960558147,57.632789393882724,HIGH
ALE-0627,2016-04-03,System Failure,Payments,122.71,4,1.5,2.1,2.11,3.9,19,,4,2,2016,6,30.677499992330624,0.7142857139455782,12.600000000000001,0.2052631578839335,3,3,ALE,0,0,-0.06303471936476002,0.14572750599566692,0,0,126.26022968114819,0,0.012822387981546368,26.75647823503841,LOW
ALE-1024,2016-04-27,Phishing,E-Banking,119.98,5,1.62,1.88,2.07,2.7,19,,4,2,2016,2,23.9959999952008,0.8617021272012223,15.228000000000002,0.14210526315041552,2,1,ALE,0,0,-0.10469416208485205,0.1100095695777028,0,0,108.34413381388977,0,0.030084112456206,18.33357084609906,LOW
ALE-0181,2015-06-26,Cyber-Fraud,E-Banking,229.66,4,2.96,3.33,2.33,3.6,18,,6,2,2015,4,57.41499998564625,0.8888888886219553,39.4272,0.1999999999888889,0,1,ALE,0,1,0.00055104660643579,1.545007103029101,0,1,211.93159949896233,1,0.7981336980896298,77.3276746873507,CRITICAL
OLE-0207,2015-12-11,Cyber-Fraud,Payments,110.54,4,0.85,0.77,1.0,2.8,23,,12,4,2015,4,27.634999993091252,1.1038961024624725,2.618,0.1217391304294896,0,3,OLE,1,0,-0.07424825087110837,0.013498606167931752,0,0,69.07901171395959,0,0.0031441211601046853,15.632975773894703,LOW
OLE-0393,2025-09-13,System Failure,Retail Banking,41.46,3,0.61,0.81,1.0,3.8,20,,9,3,2025,5,13.819999995393333,0.75308641882335,1.4823000000000002,0.1899999999905,3,4,OLE,1,0,-0.07078348591975664,0.9173063159675545,0,0,55.52570104831341,0,0.002666666666666667,13.96654892556681,LOW
ALE-0013,2019-08-12,Data Breach,Payments,225.01,4,2.29,1.77,2.18,2.8,24,,8,3,2019,0,56.25249998593687,1.293785310003511,16.2132,0.11666666666180554,1,3,ALE,0,0,-0.07303750624109451,1.4841688596798213,0,0,200.83825306704196,0,0.007104787112573385,36.9758222720712,MEDIUM
OLE-0398,2023-07-01,System Failure,ATM Network,72.79,4,0.58,0.71,1.0,3.8,21,,7,3,2023,5,18.197499995450627,0.8169014073001388,1.6471999999999998,0.18095238094376417,3,0,OLE,1,0,-0.06525471347146589,0.5074004742185362,0,0,64.66305469300387,0,0.012382015213470939,16.5832438343336,LOW
ALE-1208,2019-08-18,Tech Failure,Retail Banking,235.71,2,2.17,2.26,1.55,3.1,23,,8,3,2019,6,117.85499994107249,0.9601769907255854,9.808399999999999,0.13478260868979206,4,4,ALE,0,0,-0.05324742905902258,1.624162236849132,0,0,220.99637704668038,0,0.07520457477003503,45.50612466273524,MEDIUM
ALE-0171,2017-03-30,Phishing,Payments,220.47,5,1.99,1.86,2.1,3.6,17,,3,1,2017,3,44.0939999911812,1.0698924725430685,18.506999999999998,0.2117647058698962,2,3,ALE,0,0,-0.08231855212453837,1.424769800581815,0,0,185.93747448127885,0,0.008690046757074054,33.27940411032795,MEDIUM
ALE-0628,2017-09-08,Data Breach,ATM Network,188.42,5,2.31,1.69,1.21,2.6,17,0.0,9,3,2017,4,37.6839999924632,1.3668639045166486,19.5195,0.1529411764615917,1,0,ALE,0,0,-0.05662674961531278,1.0054438437335533,0,0,168.22578942333513,0,0.031408661738499294,35.05226187748158,MEDIUM
ALE-0103,2019-06-25,System Failure,Retail Banking,129.08,3,2.67,2.87,2.07,2.9,28,0.0,6,2,2019,1,43.02666665232445,0.9303135885260231,22.9887,0.10357142856772959,3,4,ALE,0,0,-0.06052300872011779,0.2290693576375837,0,0,168.03356957827162,0,0.005504413775902603,33.5380528030615,MEDIUM
ALE-0713,2014-04-25,System Failure,ATM Network,142.3,5,2.01,1.83,1.88,2.7,21,,4,2,2014,4,28.459999994308003,1.0983606551375076,18.391499999999997,0.12857142856530612,3,0,ALE,0,0,-0.08402786533003176,0.4020331376542457,0,0,121.46905685630239,0,0.012131398443053476,22.85947532187884,LOW
ALE-1038,2017-09-14,System Failure,Payments,183.34,2,2.77,1.25,0.89,3.9,16,,9,3,2017,3,91.669999954165,2.2159999982272,6.925,0.24374999998476563,3,3,ALE,0,0,-0.0024307301829074035,0.9389796983111146,0,0,179.7533391606938,0,0.33259207282638686,55.457511971378416,HIGH
OLE-0805,2021-12-13,Tech Failure,E-Banking,5.0,4,1.06,1.47,1.0,3.7,21,0.0,12,4,2021,0,1.2499999996875,0.7210884348836133,6.2328,0.17619047618208616,4,1,OLE,1,0,-0.05801991187290734,1.3943304777986811,0,0,14.2646798761701,0,0.0072968147226765544,9.434339935601827,LOW
ALE-0894,2017-02-10,System Failure,Retail Banking,184.89,4,2.73,2.81,2.23,3.6,29,,2,1,2017,4,46.22249998844437,0.9715302487645799,30.685200000000002,0.12413793103020214,3,4,ALE,0,0,-0.03648541949586792,0.9592591127608743,0,0,183.1925085817669,0,0.06523825123711045,41.606716703579615,MEDIUM
OLE-0503,2025-11-06,Data Breach,E-Banking,74.64,1,0.74,1.25,1.0,3.8,20,,11,4,2025,3,74.63999992536,0.5919999995263999,0.925,0.1899999999905,1,1,OLE,1,0,-0.07307658943577766,0.4831960118107583,0,0,71.71165098357761,0,0.03621510160938015,17.384031515899807,LOW
OLE-0780,2015-08-19,Tech Failure,Payments,113.08,1,0.67,1.39,1.0,3.7,20,,8,3,2015,2,113.07999988691999,0.48201438814243575,0.9313,0.18499999999075,4,3,OLE,1,0,-0.04439671784771171,0.01973346654328762,0,0,87.22452120800156,0,0.09848335110673746,26.28522233446043,LOW
ALE-1006,2016-09-18,Tech Failure,ATM Network,10.0,1,1.89,2.26,1.74,2.6,26,0.0,9,3,2016,6,9.99999999,0.8362831854706712,4.271399999999999,0.09999999999615385,4,0,ALE,0,0,-0.0257411956251411,1.3289130118317138,0,0,35.64700686645561,0,0.042856996152699535,18.870195557132153,LOW
OLE-0201,2021-04-10,System Failure,ATM Network,25.06,3,1.18,1.15,1.0,3.7,20,0.0,4,2,2021,5,8.353333330548889,1.0260869556294896,4.071,0.18499999999075,3,0,OLE,1,0,-0.08152878552129073,1.1318756043392078,0,0,31.54666857577052,0,0.0016214544289428422,8.5126376708329,LOW
ALE-0939,2018-11-15,Cyber-Fraud,Retail Banking,66.36,4,1.48,1.92,2.0,3.0,25,,11,4,2018,3,16.589999995852498,0.7708333329318576,11.366399999999999,0.1199999999952,0,4,ALE,0,0,-0.07998792105977715,0.5915273354520564,0,0,68.13126501467245,0,0.0017128271426913961,14.581820869484915,LOW
OLE-0379,2017-01-23,Tech Failure,Payments,76.61,3,0.94,0.6,1.0,2.8,24,,1,1,2017,0,25.536666658154445,1.5666666640555555,1.692,0.11666666666180554,4,3,OLE,1,0,-0.035408661474223724,0.4574215302197731,0,0,62.29847307029106,0,0.03282969869309259,21.340658350838076,LOW
OLE-0419,2019-10-17,Cyber-Fraud,E-Banking,69.9,2,1.02,1.01,1.0,2.6,24,,10,4,2019,3,34.949999982525,1.0099009890991077,2.0604,0.10833333332881945,0,1,OLE,1,0,-0.06528229083119141,0.5452117695474433,0,0,73.51078382009658,0,0.021106715091447178,18.29636643194654,LOW
ALE-0841,2019-07-07,System Failure,ATM Network,188.35,5,0.88,1.94,1.45,3.9,20,,7,3,2019,6,37.669999992465996,0.4536082471888617,8.536,0.19499999999025,3,0,ALE,0,0,-0.047182842012210124,1.0045279992100158,0,0,160.90893699319392,0,0.002461876758440267,34.26984998582099,MEDIUM
OLE-0392,2024-06-07,Tech Failure,E-Banking,26.49,4,1.39,0.66,1.0,2.8,15,,6,2,2024,4,6.622499998344375,2.106060602869605,3.6696,0.1866666666542222,4,1,OLE,1,0,-0.027267092934830428,1.113166209072655,0,0,30.077647985549103,0,0.028128713471772128,17.240070010425168,LOW
ALE-0665,2016-11-17,Cyber-Fraud,Retail Banking,80.02,5,2.34,3.28,2.41,2.9,18,0.0,11,4,2016,3,16.003999996799198,0.713414633928837,38.376,0.16111111110216048,0,4,ALE,0,0,-0.011209177516402602,0.4128068184303013,0,0,80.298747344274,0,0.23823174733991517,34.98507488963634,MEDIUM
ALE-0305,2016-08-01,Cyber-Fraud,E-Banking,143.86,1,2.74,3.41,2.39,3.6,25,,8,3,2016,0,143.85999985614,0.8035190613479416,9.3434,0.14399999999424,0,1,ALE,0,0,-0.021831162609033394,0.4224433870359396,0,0,183.82786835025223,0,0.30190274081732715,52.16109653759082,HIGH
ALE-0638,2015-04-26,Phishing,E-Banking,240.92,2,2.79,2.36,1.94,3.6,24,0.0,4,2,2015,6,120.45999993976999,1.182203389329575,13.1688,0.14999999999375,2,1,ALE,0,0,-0.06683114855435435,1.6923272363867117,0,0,224.99418498530156,0,0.05061776841785864,43.27228893141196,MEDIUM
ALE-1170,2015-11-23,System Failure,Retail Banking,273.13,1,2.62,1.87,1.37,3.9,27,,11,4,2015,0,273.12999972687,1.4010695179673425,4.899400000000001,0.14444444443909465,3,4,ALE,0,1,0.024758505311890278,2.1137465521459164,0,1,234.04657731621788,1,0.8017487926501682,84.567316076575,CRITICAL
ALE-0295,2018-05-12,Data Breach,ATM Network,250.23,3,0.89,1.92,1.6,3.9,16,,5,2,2018,5,83.40999997219666,0.4635416664252387,5.126399999999999,0.24374999998476563,1,0,ALE,0,0,-0.024032536849444064,1.814134558017205,0,0,145.06325945787574,0,0.19797701875500903,42.01204791842801,MEDIUM
ALE-0510,2015-04-14,Cyber-Fraud,Retail Banking,206.57,4,2.72,1.51,1.64,3.0,21,,4,2,2015,1,51.64249998708937,1.8013245021183282,16.428800000000003,0.14285714285034012,0,4,ALE,0,0,-0.05691861715482083,1.2429092451936454,0,0,196.34011327408172,0,0.04127726394702334,39.84068012506443,MEDIUM
OLE-0065,2023-05-20,Cyber-Fraud,ATM Network,59.76,4,1.24,1.33,1.0,3.2,21,,5,2,2023,5,14.939999996265,0.9323308263666684,6.5968,0.15238095237369614,0,0,OLE,1,0,-0.08055605315955278,0.6778783905284534,0,0,61.96778166662756,0,0.005906015935317607,13.660950344392273,LOW
ALE-1205,2017-07-22,Cyber-Fraud,Retail Banking,121.3,1,2.87,3.06,2.23,2.8,26,0.0,7,3,2017,5,121.29999987869999,0.9379084964255201,8.782200000000001,0.10769230768816568,0,4,ALE,0,0,-0.03930483715264299,0.12727978059298212,0,0,188.09760739076836,0,0.06975730709442453,42.13014688856157,MEDIUM
ALE-0323,2017-11-25,Cyber-Fraud,Payments,83.41,5,1.92,2.78,2.24,3.7,17,,11,4,2017,5,16.6819999966636,0.6906474817659541,26.688,0.21764705881072666,0,3,ALE,0,0,-0.04406612904521323,0.36845377650469735,0,0,79.25483207463286,0,0.05495454255974405,23.53893014220579,LOW
OLE-0493,2025-12-12,Cyber-Fraud,E-Banking,65.68,5,0.81,1.12,1.0,2.6,20,,12,4,2025,4,13.135999997372801,0.7232142850685586,4.536000000000001,0.1299999999935,0,1,OLE,1,0,-0.07691875098196116,0.6004241108235638,0,0,60.531619102862265,0,0.0029153303014285412,13.865652418328999,LOW
OLE-0380,2023-12-04,Tech Failure,E-Banking,95.44,5,0.6,0.92,1.0,3.7,20,,12,4,2023,0,19.0879999961824,0.6521739123345935,2.7600000000000002,0.18499999999075,4,1,OLE,1,0,-0.06731177727544019,0.21105935338817364,0,0,75.26338465128356,0,0.0005795954169527406,17.55709186741612,LOW
OLE-0764,2022-06-23,Data Breach,Retail Banking,89.26,4,1.17,0.82,1.0,3.0,14,0.0,6,2,2022,3,22.31499999442125,1.4268292665526472,3.8375999999999997,0.21428571427040816,1,4,OLE,1,0,-0.055114824563506803,0.29191534132334535,0,0,80.47888857326924,0,0.02211548914167092,20.94899595120693,LOW
OLE-0792,2024-01-15,System Failure,E-Banking,39.98,1,0.63,0.57,1.0,3.6,20,0.0,1,1,2024,0,39.979999960019995,1.105263155955679,0.3591,0.179999999991,3,1,OLE,1,0,-0.06223707440556853,0.9366698858937768,0,0,53.11675813208649,0,0.03961055560903115,16.140585791678756,LOW
ALE-0219,2019-11-10,System Failure,Payments,185.76,1,1.83,3.36,3.61,4.0,18,0.0,11,4,2019,6,185.75999981424,0.5446428569807611,6.1488,0.22222222220987653,3,3,ALE,0,1,0.022514865007293827,0.9706417518391267,0,1,183.4335847416631,1,0.8259155359258249,77.00458694843621,CRITICAL
ALE-0021,2017-08-15,Cyber-Fraud,ATM Network,170.48,3,1.65,1.76,1.22,3.3,22,,8,3,2017,1,56.82666664772444,0.9374999994673294,8.711999999999998,0.1499999999931818,0,0,ALE,0,0,-0.09114362274945009,0.7707259758440741,0,0,171.29820217903577,0,0.009648226953865191,29.670279575993995,LOW
OLE-0338,2025-08-02,Cyber-Fraud,Retail Banking,41.45,3,0.69,0.8,1.0,2.8,23,,8,3,2025,5,13.816666662061111,0.8624999989218749,1.656,0.1217391304294896,0,4,OLE,1,0,-0.06150559691175678,0.9174371508994883,0,0,50.782592068218904,0,0.00035294231753397944,14.502408016904939,LOW
ALE-0159,2017-11-25,Tech Failure,Payments,76.89,1,2.91,2.79,2.05,3.1,20,0.0,11,4,2017,5,76.88999992311,1.043010752314333,8.1189,0.15499999999225,4,3,ALE,0,0,-0.07806270717324376,0.4537581521256229,0,0,137.59305747094314,0,0.05585429773482704,27.845913081307692,LOW
ALE-0418,2019-05-20,Cyber-Fraud,ATM Network,134.12,4,2.55,2.22,2.17,3.6,21,0.0,5,2,2019,0,33.5299999916175,1.148648648131239,22.644000000000002,0.17142857142040815,0,0,ALE,0,0,-0.051472995234662866,0.2950101633322868,0,0,139.1831126611944,0,0.03329724363538659,31.247067233943522,MEDIUM
OLE-0456,2025-10-31,System Failure,E-Banking,60.02,4,1.04,1.02,1.0,3.0,20,0.0,10,4,2025,4,15.00499999624875,1.0196078421376393,4.2432,0.1499999999925,3,1,OLE,1,0,-0.10472834848597101,0.6744766822981711,0,0,59.70579626052708,0,0.004600865408353822,9.675325822820941,LOW
OLE-0816,2016-01-28,System Failure,Retail Banking,24.73,5,1.38,1.4,1.0,3.5,15,,1,1,2016,3,4.9459999990108,0.985714285010204,9.659999999999998,0.23333333331777778,3,4,OLE,1,0,-0.050491768481819355,1.1361931570930275,0,0,27.843786474788814,0,0.015746702099643278,13.011549539973888,LOW
ALE-0138,2015-08-31,Tech Failure,Retail Banking,118.19,2,1.51,3.0,2.25,3.2,15,,8,3,2015,0,59.0949999704525,0.5033333331655555,9.06,0.2133333333191111,4,4,ALE,0,0,-0.02620136569654774,0.08659011676152836,0,0,143.113565847478,0,0.05147640058913623,36.25229065910368,MEDIUM
ALE-1124,2019-06-19,Cyber-Fraud,ATM Network,190.32,3,1.6,2.53,2.71,3.7,27,0.0,6,2,2019,2,63.43999997885333,0.6324110669437111,12.144,0.1370370370319616,0,0,ALE,0,0,-0.06152135481064791,1.030302480801001,0,0,174.1168300306233,0,0.09285248884212473,37.41813051519439,MEDIUM
OLE-0202,2014-04-19,Tech Failure,E-Banking,92.51,5,0.65,0.64,1.0,3.5,15,,4,2,2014,5,18.501999996299602,1.015624998413086,2.08,0.23333333331777778,4,1,OLE,1,0,-0.04497901243364322,0.24939398844481647,0,0,74.50763395553332,0,0.0369216427091065,22.0151000646586,LOW
OLE-0162,2014-04-13,Cyber-Fraud,Payments,43.72,1,0.43,0.67,1.0,4.0,21,,4,2,2014,6,43.71999995628,0.6417910438182223,0.2881,0.1904761904671202,0,3,OLE,1,0,-0.008984940191891999,0.8877376213504852,0,0,54.4407759786887,0,0.023547950189600382,23.674283728269398,LOW
ALE-0722,2018-03-25,Data Breach,ATM Network,168.67,1,1.35,2.19,1.92,2.7,21,,3,1,2018,6,168.66999983132996,0.6164383558829049,2.9565,0.12857142856530612,1,0,ALE,0,0,-0.03411893803120558,0.7470448531640318,0,0,167.03726296770236,0,0.21999977097151985,44.79584652847344,MEDIUM
OLE-0703,2025-09-13,System Failure,E-Banking,48.63,1,1.41,1.21,1.0,3.1,19,,9,3,2025,5,48.629999951369996,1.165289255235298,1.7061,0.16315789472825484,3,1,OLE,1,0,-0.0930866058331799,0.823497669770923,0,0,60.03758441980318,0,0.0006637272776673039,11.314168754318368,LOW
ALE-0643,2014-01-19,Data Breach,Online Services,156.91,1,0.99,1.86,1.38,2.7,23,0.0,1,1,2014,6,156.90999984309,0.5322580642299687,1.8414000000000001,0.11739130434272213,1,2,ALE,0,0,-0.03864808956366439,0.5931829732097245,0,0,160.04849200062174,0,0.14021340376348498,40.21752333051479,MEDIUM
ALE-0272,2015-08-13,Cyber-Fraud,Payments,132.39,2,2.81,1.59,1.16,3.9,23,0.0,8,3,2015,3,66.19499996690249,1.76729559637277,8.9358,0.16956521738393193,0,3,ALE,0,0,-0.04357516670398531,0.2723757201077158,0,0,158.90988775698077,0,0.05455262342632551,36.30819517191796,MEDIUM
ALE-0164,2018-01-06,System Failure,Retail Banking,115.49,4,1.33,2.06,2.14,3.3,24,,1,1,2018,5,28.872499992781872,0.6456310676477519,10.959200000000001,0.13749999999427082,3,4,ALE,0,0,-0.09704386726539743,0.0512646851393659,0,0,123.23951455617159,0,0.0006871861170503704,20.814267169953954,LOW
ALE-0728,2015-09-18,System Failure,E-Banking,222.82,5,2.11,1.74,1.19,3.4,26,,9,3,2015,4,44.5639999910872,1.2126436774639977,18.357,0.1307692307642012,3,1,ALE,0,0,-0.09007915603902816,1.4555160095862896,0,0,192.41043385461558,0,0.004641408724444546,33.0215485189902,MEDIUM
ALE-1098,2018-11-03,Cyber-Fraud,Payments,92.4,2,1.65,2.9,2.16,3.4,18,,11,4,2018,5,46.1999999769,0.5689655170451843,9.569999999999999,0.18888888887839506,0,3,ALE,0,0,-0.07274519999380841,0.25083317269608973,0,0,153.93515065553262,0,0.015781912036210665,29.838424662993813,LOW
OLE-0035,2024-05-26,Cyber-Fraud,E-Banking,28.99,3,0.58,0.89,1.0,3.4,22,,5,2,2024,6,9.663333330112222,0.6516853925261962,1.5485999999999998,0.15454545453842974,0,1,OLE,1,0,-0.05985162394970045,1.0804574760891714,0,0,31.77068951793683,0,0.001115625057970208,11.740243464091654,LOW
OLE-0776,2023-12-22,Data Breach,ATM Network,77.04,3,1.49,0.77,1.0,3.7,19,,12,4,2023,4,25.679999991440003,1.9350649325518638,3.4419,0.19473684209501385,1,0,OLE,1,0,-0.056049314476849244,0.4517956281466138,0,0,72.65987172399271,0,0.008943057556997583,19.101909877038526,LOW
ALE-0621,2014-10-16,Data Breach,Retail Banking,73.65,5,1.37,3.37,2.88,3.7,21,0.0,10,4,2014,3,14.729999997054001,0.4065281897903477,23.084500000000002,0.17619047618208616,1,4,ALE,0,0,-0.04441650931456864,0.49614867007221775,0,0,71.79155504814646,0,0.029553939927710424,21.407108258008233,LOW
ALE-0533,2018-11-27,Phishing,Online Services,208.44,2,1.89,1.92,1.69,3.0,25,0.0,11,4,2018,1,104.21999994788999,0.9843749994873047,7.257599999999999,0.1199999999952,2,2,ALE,0,0,-0.09165793714845233,1.2673753774652912,0,0,198.7455727632967,0,0.060582652927492264,35.756639321680694,MEDIUM
ALE-0506,2019-12-22,Cyber-Fraud,Online Services,205.61,4,0.97,3.26,2.39,2.7,20,,12,4,2019,6,51.402499987149376,0.2975460121786669,12.6488,0.13499999999325002,0,2,ALE,0,0,-0.040475362188737374,1.2303490917279878,0,0,185.06288567990214,0,0.029024161215811604,40.04692290428812,MEDIUM
ALE-1184,2017-04-17,System Failure,Payments,133.35,3,1.9,1.64,1.38,3.1,21,0.0,4,2,2017,0,44.44999998518333,1.1585365846594289,9.347999999999999,0.14761904761201813,3,3,ALE,0,0,-0.1001183498575457,0.2849358735733737,0,0,166.332973028979,0,0.004456201717939565,27.36743646265294,LOW
OLE-0242,2016-02-09,Data Breach,Retail Banking,90.13,3,0.63,0.63,1.0,3.0,19,,2,1,2016,1,30.043333323318887,0.9999999984126985,1.1907,0.157894736833795,1,4,OLE,1,0,-0.08989789321291464,0.28053270224509314,0,0,69.32336817618324,0,0.0016040112340608445,13.300947753491993,LOW
ALE-1204,2018-07-18,Data Breach,Payments,326.69,4,1.36,2.66,2.9,3.1,21,0.0,7,3,2018,2,81.67249997958187,0.511278195296512,14.470400000000001,0.14761904761201813,1,3,ALE,0,0,-0.09802768837895037,2.814498447584072,1,1,240.3364578457812,0,0.10686855857591833,43.070228717685474,MEDIUM
OLE-0601,2020-12-29,Tech Failure,Payments,36.51,4,0.87,1.26,1.0,3.5,15,0.0,12,4,2020,1,9.127499997718123,0.6904761899281935,4.3848,0.23333333331777778,4,3,OLE,1,0,-0.06597533462765803,0.9820696072748522,0,0,39.52320434751867,0,0.014214702596182936,12.529099487267956,LOW
ALE-0440,2019-04-20,System Failure,ATM Network,203.06,3,1.5,1.59,1.62,2.6,21,,4,2,2019,5,67.68666664410445,0.9433962258217633,7.155,0.12380952380362813,3,0,ALE,0,0,-0.07377305771416698,1.1969861840848344,0,0,191.59141005268853,0,0.10866238669476047,38.94590280658145,MEDIUM
ALE-1211,2014-07-24,Tech Failure,Payments,127.39,3,2.01,3.0,3.04,3.5,24,,7,3,2014,3,42.463333319178886,0.6699999997766666,18.089999999999996,0.14583333332725695,4,3,ALE,0,0,-0.08485144465953132,0.20695825414074856,0,0,155.0765841563212,0,0.004611025172921573,27.837109287383505,LOW
OLE-0647,2015-06-07,Cyber-Fraud,E-Banking,76.66,5,1.19,1.14,1.0,3.0,24,,6,2,2015,6,15.331999996933598,1.0438596482071407,6.782999999999999,0.12499999999479167,0,1,OLE,1,0,-0.05367346998961042,0.45676735556010345,0,0,67.164773806758,0,0.004974219161504562,18.437914233751407,LOW
ALE-0671,2017-02-22,Tech Failure,Retail Banking,52.1,5,2.04,2.84,2.17,3.5,22,0.0,2,1,2017,2,10.419999997916,0.7183098589020036,28.967999999999996,0.15909090908367768,4,4,ALE,0,0,-0.053452213869402354,0.7780979483898476,0,0,58.12483202080833,0,0.01844732607009203,17.499719754282722,LOW
ALE-0410,2015-08-07,System Failure,Online Services,161.36,2,2.06,1.71,1.22,3.6,23,,8,3,2015,4,80.67999995966001,1.2046783618686092,7.0452,0.1565217391236295,3,2,ALE,0,0,-0.09534730396999269,0.6514045179203257,0,0,168.1022728475435,0,0.0353629439956937,29.437911742549755,LOW
ALE-1042,2018-08-23,Data Breach,Online Services,62.64,1,2.2,1.3,0.87,3.0,23,,8,3,2018,3,62.639999937359995,1.6923076910059172,2.8600000000000003,0.13043478260302457,1,2,ALE,0,0,-0.0837473403683095,0.6401979301314802,0,0,138.9997408103582,0,0.022490161548194085,26.060956413752578,LOW
OLE-0563,2025-06-21,Cyber-Fraud,E-Banking,57.27,3,0.71,1.37,1.0,2.6,20,,6,2,2025,5,19.089999993636667,0.5182481748041983,2.9181,0.1299999999935,0,1,OLE,1,0,-0.06597831420324796,0.7104562885800032,0,0,56.598816692108954,0,0.0030248122173620693,14.861785229846522,LOW
OLE-0190,2025-12-31,System Failure,Retail Banking,24.52,2,1.16,1.32,1.0,3.7,19,,12,4,2025,2,12.25999999387,0.8787878781221302,3.0624,0.19473684209501385,3,4,OLE,1,0,-0.10113735394246937,1.1389406906636403,0,0,37.4566846561924,0,5.602240896358543e-05,6.497632253362752,LOW
ALE-0949,2014-09-10,System Failure,Payments,85.45,1,2.6,3.01,2.07,3.6,15,,9,3,2014,2,85.44999991454999,0.8637873751283099,7.826,0.239999999984,3,3,ALE,0,0,-0.048463473963495596,0.3417634503901746,0,0,129.01906917895255,0,0.14707267249740505,34.05291590012013,MEDIUM
ALE-0118,2015-01-20,Phishing,ATM Network,204.01,3,2.37,2.72,2.2,2.9,21,,1,1,2015,1,68.00333331066555,0.8713235290914251,19.3392,0.13809523808866211,2,0,ALE,0,0,-0.08707955585740945,1.209415502618558,0,0,203.57615652746833,0,0.15805796338832084,40.616980429827024,MEDIUM
ALE-1190,2019-04-26,System Failure,Retail Banking,202.66,4,1.01,1.81,1.26,2.9,21,,4,2,2019,4,50.66499998733375,0.5580110494154634,7.3124,0.13809523808866211,3,4,ALE,0,0,-0.10168537367316599,1.1917527868074769,0,0,186.83086618326595,0,0.006989981847041375,30.494972127898972,MEDIUM
ALE-0225,2017-12-19,Phishing,Retail Banking,257.57,1,1.13,1.61,1.61,3.9,16,0.0,12,4,2017,1,257.56999974242996,0.701863353601327,1.8193,0.24374999998476563,2,4,ALE,0,1,0.031865673405897854,1.9101673980567138,0,1,193.74867319365904,1,0.6853403332421872,75.11494297435046,CRITICAL
OLE-0475,2014-03-14,Data Breach,E-Banking,22.52,5,0.58,0.6,1.0,2.8,15,,3,1,2014,4,4.5039999990992,0.9666666650555555,1.74,0.1866666666542222,1,1,OLE,1,0,-0.06874378743736248,1.1651076770504272,0,0,19.397492186688385,0,0.008820847383395548,8.718931424476073,LOW
OLE-0748,2015-09-30,Data Breach,Retail Banking,79.15,2,1.25,1.18,1.0,3.8,18,,9,3,2015,2,39.5749999802125,1.0593220330005746,2.9499999999999997,0.21111111109938271,1,4,OLE,1,0,-0.08276391963402113,0.4241894575085535,0,0,80.10338296644865,0,0.005615613667005529,16.217801872387014,LOW
OLE-0022,2016-07-14,Cyber-Fraud,Payments,29.0,4,0.33,0.84,1.0,3.1,15,0.0,7,3,2016,3,7.2499999981875,0.39285714238945585,1.1088,0.20666666665288888,0,3,OLE,1,0,-0.060844687858521596,1.0803266411572374,0,0,28.187507623124365,0,0.0024991831129938546,11.06986099900913,LOW
OLE-0460,2015-03-27,Data Breach,E-Banking,20.53,3,0.71,1.37,1.0,2.5,14,,3,1,2015,4,6.843333331052222,0.5182481748041983,2.9181,0.17857142855867347,1,1,OLE,1,0,-0.04914226811989275,1.1911438285052802,0,0,25.898518630323835,0,0.022911261676905815,13.151710369483482,LOW
ALE-0327,2014-05-07,Tech Failure,Online Services,370.73,2,2.06,2.22,1.75,3.4,20,,5,2,2014,2,185.3649999073175,0.9279279275099422,9.146400000000002,0.1699999999915,4,2,ALE,0,0,-0.05087338871919045,3.3906954878211217,1,1,258.5335154596054,1,0.6710569060255995,72.70230115111038,CRITICAL
ALE-0098,2019-03-03,System Failure,Online Services,31.08,3,2.32,2.38,1.9,3.8,23,,3,1,2019,6,10.359999996546666,0.9747899155568109,16.564799999999998,0.16521739129716445,3,2,ALE,0,0,-0.07054909555970429,1.0531129753149788,0,0,50.33561378268928,0,0.005246830723340791,13.263371382483472,LOW
ALE-0358,2015-08-01,Cyber-Fraud,E-Banking,10.0,1,2.17,1.63,1.44,3.6,15,,8,3,2015,5,9.99999999,1.331288342741541,3.5370999999999997,0.239999999984,0,1,ALE,0,0,-0.037515433179170055,1.3289130118317138,0,0,36.005162246341634,0,0.05552013977218099,17.627240367700924,LOW
ALE-0658,2015-11-23,Cyber-Fraud,Retail Banking,135.86,5,1.16,1.74,1.51,2.9,27,,11,4,2015,0,27.171999994565603,0.6666666662835248,10.092,0.10740740740342936,0,4,ALE,0,0,-0.058414806159853394,0.3177754414887916,0,0,113.49349840043558,0,0.012199751978108821,25.38151880726003,LOW
OLE-0770,2020-03-10,Cyber-Fraud,ATM Network,65.41,5,1.5,0.68,1.0,2.5,24,,3,1,2020,1,13.0819999973836,2.205882349697232,5.1000000000000005,0.1041666666623264,0,0,OLE,1,1,0.006057224909605363,0.6039566539857802,0,1,57.344350550142835,1,0.6057943293234325,46.74340551371527,MEDIUM
ALE-0828,2018-03-07,Tech Failure,ATM Network,127.88,2,1.69,2.96,3.05,3.8,29,,3,1,2018,2,63.939999968029994,0.5709459457530588,10.0048,0.13103448275410226,4,0,ALE,0,0,-0.03296497240213303,0.2133691658055113,0,0,161.90830109655235,0,0.08513875975554157,39.42813579020898,MEDIUM
OLE-0131,2018-03-07,Data Breach,E-Banking,83.21,3,0.8,1.3,1.0,3.2,14,0.0,3,1,2018,2,27.736666657421107,0.6153846149112426,3.1200000000000006,0.22857142855510204,1,1,OLE,1,0,-0.06629828137270732,0.3710704751433761,0,0,73.90281705035171,0,0.014719634755867128,17.984946237645953,LOW
ALE-1278,2018-03-25,Phishing,E-Banking,128.91,1,1.28,3.09,2.56,3.6,18,,3,1,2018,6,128.90999987108998,0.41423948206658917,3.9552,0.1999999999888889,2,1,ALE,0,0,-0.034153375789247487,0.22684516379470662,0,0,167.58505689985202,0,0.10302556512029425,40.78406244501334,MEDIUM
ALE-0625,2016-01-10,Data Breach,ATM Network,135.5,3,1.67,3.1,3.14,2.9,23,0.0,1,1,2016,6,45.16666665161111,0.5387096772455775,15.531,0.1260869565162571,1,0,ALE,0,0,-0.06945373859327203,0.3130653839391698,0,0,167.2979394855402,0,0.014287235093339585,32.40576511748295,MEDIUM
OLE-0331,2025-11-18,Data Breach,Payments,61.59,2,1.19,0.59,1.0,3.4,17,0.0,11,4,2025,1,30.7949999846025,2.016949149123815,1.4042,0.19999999998823528,1,3,OLE,1,0,-0.059755081497388896,0.6539355979845434,0,0,64.20455663015547,0,0.0036882649497408464,17.020085738883182,LOW
ALE-0381,2018-05-12,Cyber-Fraud,ATM Network,10.0,5,0.85,1.92,1.4,3.3,24,,5,2,2018,5,1.9999999996,0.44270833310275604,8.16,0.13749999999427082,0,0,ALE,0,0,-0.07392526250625175,1.3289130118317138,0,0,28.904842958074934,0,0.0047741639673452374,9.327216025826552,LOW
OLE-0467,2022-08-22,Tech Failure,Payments,62.93,5,0.76,0.55,1.0,3.1,16,,8,3,2022,0,12.5859999974828,1.381818179305785,2.09,0.19374999998789064,4,3,OLE,1,0,-0.05755730030692385,0.6364037171053961,0,0,57.98805674746857,0,0.012195115906747928,16.65125997056986,LOW
ALE-0781,2015-12-11,Cyber-Fraud,ATM Network,153.5,3,1.01,1.57,1.83,3.1,18,,12,4,2015,4,51.16666664961111,0.6433121015010751,4.7571,0.17222222221265432,0,0,ALE,0,0,-0.08765573894198775,0.5485682614202527,0,0,154.68653730427707,0,0.017756851287282462,27.819763774809736,LOW
ALE-0238,2018-12-09,Tech Failure,E-Banking,150.66,2,1.29,1.28,1.18,2.9,25,,12,4,2018,6,75.329999962335,1.0078124992126465,3.3024,0.11599999999536,4,1,ALE,0,0,-0.042187788723532016,0.5114111407510151,0,0,148.48068266653155,0,0.10952589962152694,36.77347870301401,MEDIUM
ALE-0273,2014-06-24,Phishing,Online Services,157.13,4,2.32,2.87,2.23,3.0,22,,6,2,2014,1,39.282499990179375,0.8083623690563196,26.633599999999998,0.136363636357438,2,2,ALE,0,0,-0.08970473049285349,0.596061341712271,0,0,162.88307447054714,0,0.013206051717552464,28.665038015032046,LOW
ALE-0437,2019-02-13,Phishing,Retail Banking,152.62,4,2.47,1.72,1.8,2.7,26,0.0,2,1,2019,2,38.15499999046125,1.4360465107929963,16.9936,0.10384615384215977,2,4,ALE,0,0,-0.05226193787140743,0.5370547874100665,0,0,159.89870584446655,0,0.015987045594831866,33.83000648917184,MEDIUM
ALE-0003,2019-04-20,Data Breach,ATM Network,138.42,3,0.92,2.23,2.67,3.4,16,,4,2,2019,5,46.13999998462,0.4125560536266565,6.154800000000001,0.21249999998671876,1,0,ALE,0,0,-0.06705589750333668,0.35126918406387864,0,0,140.71792505723423,0,0.022004303168427736,28.789491193107033,LOW
